provider,indicator,country_code,period_end,available_on,frequency,unit,value,source_period,source_access_date,source_url,lineage_status,source_quality_flag,availability_basis,source_loaded_at,source_updated_at
World Bank,consumer_price_inflation,BG,2021-12-31,2022-04-30,A,annual_percent_change,3.29774435299506,2021,2026-09-25,https://api.worldbank.org/v2/country/BGR;GRC;IRL;ITA;POL;ROU/indicator/FP.CPI.TOTL.ZG,replay_fixture,not_provided,estimated_publication_lag,2026-09-25,2026-07-13
World Bank,consumer_price_inflation,BG,2022-12-31,2023-04-30,A,annual_percent_change,15.3252589264367,2022,2026-09-25,https://api.worldbank.org/v2/country/BGR;GRC;IRL;ITA;POL;ROU/indicator/FP.CPI.TOTL.ZG,replay_fixture,not_provided,estimated_publication_lag,2026-09-25,2026-07-13
World Bank,consumer_price_inflation,BG,2023-12-31,2024-04-29,A,annual_percent_change,9.44284140088564,2023,2026-09-25,https://api.worldbank.org/v2/country/BGR;GRC;IRL;ITA;POL;ROU/indicator/FP.CPI.TOTL.ZG,replay_fixture,not_provided,estimated_publication_lag,2026-09-25,2026-07-13
World Bank,consumer_price_inflation,BG,2024-12-31,2025-04-30,A,annual_percent_change,2.44651943006079,2024,2026-09-25,https://api.worldbank.org/v2/country/BGR;GRC;IRL;ITA;POL;ROU/indicator/FP.CPI.TOTL.ZG,replay_fixture,not_provided,estimated_publication_lag,2026-09-25,2026-07-13
World Bank,consumer_price_inflation,BG,2025-12-31,2026-04-30,A,annual_percent_change,4.58084355235697,2025,2026-09-25,https://api.worldbank.org/v2/country/BGR;GRC;IRL;ITA;POL;ROU/indicator/FP.CPI.TOTL.ZG,replay_fixture,not_provided,estimated_publication_lag,2026-09-25,2026-07-13
World Bank,consumer_price_inflation,GR,2021-12-31,2022-04-30,A,annual_percent_change,1.22382501019854,2021,2026-09-25,https://api.worldbank.org/v2/country/BGR;GRC;IRL;ITA;POL;ROU/indicator/FP.CPI.TOTL.ZG,replay_fixture,not_provided,estimated_publication_lag,2026-09-25,2026-07-13
World Bank,consumer_price_inflation,GR,2022-12-31,2023-04-30,A,annual_percent_change,9.64525981280632,2022,2026-09-25,https://api.worldbank.org/v2/country/BGR;GRC;IRL;ITA;POL;ROU/indicator/FP.CPI.TOTL.ZG,replay_fixture,not_provided,estimated_publication_lag,2026-09-25,2026-07-13
World Bank,consumer_price_inflation,GR,2023-12-31,2024-04-29,A,annual_percent_change,3.46480128513405,2023,2026-09-25,https://api.worldbank.org/v2/country/BGR;GRC;IRL;ITA;POL;ROU/indicator/FP.CPI.TOTL.ZG,replay_fixture,not_provided,estimated_publication_lag,2026-09-25,2026-07-13
World Bank,consumer_price_inflation,GR,2024-12-31,2025-04-30,A,annual_percent_change,2.74101875679486,2024,2026-09-25,https://api.worldbank.org/v2/country/BGR;GRC;IRL;ITA;POL;ROU/indicator/FP.CPI.TOTL.ZG,replay_fixture,not_provided,estimated_publication_lag,2026-09-25,2026-07-13
World Bank,consumer_price_inflation,GR,2025-12-31,2026-04-30,A,annual_percent_change,2.48209745378857,2025,2026-09-25,https://api.worldbank.org/v2/country/BGR;GRC;IRL;ITA;POL;ROU/indicator/FP.CPI.TOTL.ZG,replay_fixture,not_provided,estimated_publication_lag,2026-09-25,2026-07-13
World Bank,consumer_price_inflation,IE,2021-12-31,2022-04-30,A,annual_percent_change,2.34034113447044,2021,2026-09-25,https://api.worldbank.org/v2/country/BGR;GRC;IRL;ITA;POL;ROU/indicator/FP.CPI.TOTL.ZG,replay_fixture,not_provided,estimated_publication_lag,2026-09-25,2026-07-13
World Bank,consumer_price_inflation,IE,2022-12-31,2023-04-30,A,annual_percent_change,7.82945736434105,2022,2026-09-25,https://api.worldbank.org/v2/country/BGR;GRC;IRL;ITA;POL;ROU/indicator/FP.CPI.TOTL.ZG,replay_fixture,not_provided,estimated_publication_lag,2026-09-25,2026-07-13
World Bank,consumer_price_inflation,IE,2023-12-31,2024-04-29,A,annual_percent_change,6.29942487419125,2023,2026-09-25,https://api.worldbank.org/v2/country/BGR;GRC;IRL;ITA;POL;ROU/indicator/FP.CPI.TOTL.ZG,replay_fixture,not_provided,estimated_publication_lag,2026-09-25,2026-07-13
World Bank,consumer_price_inflation,IE,2024-12-31,2025-04-30,A,annual_percent_change,2.11344999577317,2024,2026-09-25,https://api.worldbank.org/v2/country/BGR;GRC;IRL;ITA;POL;ROU/indicator/FP.CPI.TOTL.ZG,replay_fixture,not_provided,estimated_publication_lag,2026-09-25,2026-07-13
World Bank,consumer_price_inflation,IE,2025-12-31,2026-04-30,A,annual_percent_change,2.21044788475857,2025,2026-09-25,https://api.worldbank.org/v2/country/BGR;GRC;IRL;ITA;POL;ROU/indicator/FP.CPI.TOTL.ZG,replay_fixture,not_provided,estimated_publication_lag,2026-09-25,2026-07-13
World Bank,consumer_price_inflation,IT,2021-12-31,2022-04-30,A,annual_percent_change,1.87378325762481,2021,2026-09-25,https://api.worldbank.org/v2/country/BGR;GRC;IRL;ITA;POL;ROU/indicator/FP.CPI.TOTL.ZG,replay_fixture,not_provided,estimated_publication_lag,2026-09-25,2026-07-13
World Bank,consumer_price_inflation,IT,2022-12-31,2023-04-30,A,annual_percent_change,8.20128991161718,2022,2026-09-25,https://api.worldbank.org/v2/country/BGR;GRC;IRL;ITA;POL;ROU/indicator/FP.CPI.TOTL.ZG,replay_fixture,not_provided,estimated_publication_lag,2026-09-25,2026-07-13
World Bank,consumer_price_inflation,IT,2023-12-31,2024-04-29,A,annual_percent_change,5.62219442195901,2023,2026-09-25,https://api.worldbank.org/v2/country/BGR;GRC;IRL;ITA;POL;ROU/indicator/FP.CPI.TOTL.ZG,replay_fixture,not_provided,estimated_publication_lag,2026-09-25,2026-07-13
World Bank,consumer_price_inflation,IT,2024-12-31,2025-04-30,A,annual_percent_change,0.982373023061417,2024,2026-09-25,https://api.worldbank.org/v2/country/BGR;GRC;IRL;ITA;POL;ROU/indicator/FP.CPI.TOTL.ZG,replay_fixture,not_provided,estimated_publication_lag,2026-09-25,2026-07-13
World Bank,consumer_price_inflation,IT,2025-12-31,2026-04-30,A,annual_percent_change,1.5316682765282,2025,2026-09-25,https://api.worldbank.org/v2/country/BGR;GRC;IRL;ITA;POL;ROU/indicator/FP.CPI.TOTL.ZG,replay_fixture,not_provided,estimated_publication_lag,2026-09-25,2026-07-13
World Bank,consumer_price_inflation,PL,2021-12-31,2022-04-30,A,annual_percent_change,5.05502704719272,2021,2026-09-25,https://api.worldbank.org/v2/country/BGR;GRC;IRL;ITA;POL;ROU/indicator/FP.CPI.TOTL.ZG,replay_fixture,not_provided,estimated_publication_lag,2026-09-25,2026-07-13
World Bank,consumer_price_inflation,PL,2022-12-31,2023-04-30,A,annual_percent_change,14.4294507575758,2022,2026-09-25,https://api.worldbank.org/v2/country/BGR;GRC;IRL;ITA;POL;ROU/indicator/FP.CPI.TOTL.ZG,replay_fixture,not_provided,estimated_publication_lag,2026-09-25,2026-07-13
World Bank,consumer_price_inflation,PL,2023-12-31,2024-04-29,A,annual_percent_change,11.5289127961105,2023,2026-09-25,https://api.worldbank.org/v2/country/BGR;GRC;IRL;ITA;POL;ROU/indicator/FP.CPI.TOTL.ZG,replay_fixture,not_provided,estimated_publication_lag,2026-09-25,2026-07-13
World Bank,consumer_price_inflation,PL,2024-12-31,2025-04-30,A,annual_percent_change,3.79060897630197,2024,2026-09-25,https://api.worldbank.org/v2/country/BGR;GRC;IRL;ITA;POL;ROU/indicator/FP.CPI.TOTL.ZG,replay_fixture,not_provided,estimated_publication_lag,2026-09-25,2026-07-13
World Bank,consumer_price_inflation,PL,2025-12-31,2026-04-30,A,annual_percent_change,3.81419531520146,2025,2026-09-25,https://api.worldbank.org/v2/country/BGR;GRC;IRL;ITA;POL;ROU/indicator/FP.CPI.TOTL.ZG,replay_fixture,not_provided,estimated_publication_lag,2026-09-25,2026-07-13
World Bank,consumer_price_inflation,RO,2021-12-31,2022-04-30,A,annual_percent_change,5.05232876096582,2021,2026-09-25,https://api.worldbank.org/v2/country/BGR;GRC;IRL;ITA;POL;ROU/indicator/FP.CPI.TOTL.ZG,replay_fixture,not_provided,estimated_publication_lag,2026-09-25,2026-07-13
World Bank,consumer_price_inflation,RO,2022-12-31,2023-04-30,A,annual_percent_change,13.7954887432521,2022,2026-09-25,https://api.worldbank.org/v2/country/BGR;GRC;IRL;ITA;POL;ROU/indicator/FP.CPI.TOTL.ZG,replay_fixture,not_provided,estimated_publication_lag,2026-09-25,2026-07-13
World Bank,consumer_price_inflation,RO,2023-12-31,2024-04-29,A,annual_percent_change,10.3971874764996,2023,2026-09-25,https://api.worldbank.org/v2/country/BGR;GRC;IRL;ITA;POL;ROU/indicator/FP.CPI.TOTL.ZG,replay_fixture,not_provided,estimated_publication_lag,2026-09-25,2026-07-13
World Bank,consumer_price_inflation,RO,2024-12-31,2025-04-30,A,annual_percent_change,5.72140574354439,2024,2026-09-25,https://api.worldbank.org/v2/country/BGR;GRC;IRL;ITA;POL;ROU/indicator/FP.CPI.TOTL.ZG,replay_fixture,not_provided,estimated_publication_lag,2026-09-25,2026-07-13
World Bank,consumer_price_inflation,RO,2025-12-31,2026-04-30,A,annual_percent_change,7.18903362292063,2025,2026-09-25,https://api.worldbank.org/v2/country/BGR;GRC;IRL;ITA;POL;ROU/indicator/FP.CPI.TOTL.ZG,replay_fixture,not_provided,estimated_publication_lag,2026-09-25,2026-07-13
Eurostat,job_vacancy_rate,BG,2021-03-31,2021-06-29,Q,percent,0.9,2021-Q1,2026-09-25,https://ec.europa.eu/eurostat/api/dissemination/statistics/1.0/data/jvs_q_nace2,replay_fixture,,estimated_publication_lag,2026-09-25,2026-03-20T23:00:00+0100
Eurostat,job_vacancy_rate,BG,2021-06-30,2021-09-28,Q,percent,0.8,2021-Q2,2026-09-25,https://ec.europa.eu/eurostat/api/dissemination/statistics/1.0/data/jvs_q_nace2,replay_fixture,,estimated_publication_lag,2026-09-25,2026-03-20T23:00:00+0100
Eurostat,job_vacancy_rate,BG,2021-09-30,2021-12-29,Q,percent,0.8,2021-Q3,2026-09-25,https://ec.europa.eu/eurostat/api/dissemination/statistics/1.0/data/jvs_q_nace2,replay_fixture,,estimated_publication_lag,2026-09-25,2026-03-20T23:00:00+0100
Eurostat,job_vacancy_rate,BG,2021-12-31,2022-03-31,Q,percent,0.8,2021-Q4,2026-09-25,https://ec.europa.eu/eurostat/api/dissemination/statistics/1.0/data/jvs_q_nace2,replay_fixture,,estimated_publication_lag,2026-09-25,2026-03-20T23:00:00+0100
Eurostat,job_vacancy_rate,BG,2022-03-31,2022-06-29,Q,percent,0.9,2022-Q1,2026-09-25,https://ec.europa.eu/eurostat/api/dissemination/statistics/1.0/data/jvs_q_nace2,replay_fixture,,estimated_publication_lag,2026-09-25,2026-03-20T23:00:00+0100
Eurostat,job_vacancy_rate,BG,2022-06-30,2022-09-28,Q,percent,0.9,2022-Q2,2026-09-25,https://ec.europa.eu/eurostat/api/dissemination/statistics/1.0/data/jvs_q_nace2,replay_fixture,,estimated_publication_lag,2026-09-25,2026-03-20T23:00:00+0100
Eurostat,job_vacancy_rate,BG,2022-09-30,2022-12-29,Q,percent,0.8,2022-Q3,2026-09-25,https://ec.europa.eu/eurostat/api/dissemination/statistics/1.0/data/jvs_q_nace2,replay_fixture,,estimated_publication_lag,2026-09-25,2026-03-20T23:00:00+0100
Eurostat,job_vacancy_rate,BG,2022-12-31,2023-03-31,Q,percent,0.8,2022-Q4,2026-09-25,https://ec.europa.eu/eurostat/api/dissemination/statistics/1.0/data/jvs_q_nace2,replay_fixture,,estimated_publication_lag,2026-09-25,2026-03-20T23:00:00+0100
Eurostat,job_vacancy_rate,BG,2023-03-31,2023-06-29,Q,percent,0.9,2023-Q1,2026-09-25,https://ec.europa.eu/eurostat/api/dissemination/statistics/1.0/data/jvs_q_nace2,replay_fixture,p,estimated_publication_lag,2026-09-25,2026-03-20T23:00:00+0100
Eurostat,job_vacancy_rate,BG,2023-06-30,2023-09-28,Q,percent,0.8,2023-Q2,2026-09-25,https://ec.europa.eu/eurostat/api/dissemination/statistics/1.0/data/jvs_q_nace2,replay_fixture,p,estimated_publication_lag,2026-09-25,2026-03-20T23:00:00+0100
Eurostat,job_vacancy_rate,BG,2023-09-30,2023-12-29,Q,percent,0.8,2023-Q3,2026-09-25,https://ec.europa.eu/eurostat/api/dissemination/statistics/1.0/data/jvs_q_nace2,replay_fixture,p,estimated_publication_lag,2026-09-25,2026-03-20T23:00:00+0100
Eurostat,job_vacancy_rate,BG,2023-12-31,2024-03-30,Q,percent,0.7,2023-Q4,2026-09-25,https://ec.europa.eu/eurostat/api/dissemination/statistics/1.0/data/jvs_q_nace2,replay_fixture,p,estimated_publication_lag,2026-09-25,2026-03-20T23:00:00+0100
Eurostat,job_vacancy_rate,BG,2024-03-31,2024-06-29,Q,percent,0.8,2024-Q1,2026-09-25,https://ec.europa.eu/eurostat/api/dissemination/statistics/1.0/data/jvs_q_nace2,replay_fixture,p,estimated_publication_lag,2026-09-25,2026-03-20T23:00:00+0100
Eurostat,job_vacancy_rate,BG,2024-06-30,2024-09-28,Q,percent,0.8,2024-Q2,2026-09-25,https://ec.europa.eu/eurostat/api/dissemination/statistics/1.0/data/jvs_q_nace2,replay_fixture,p,estimated_publication_lag,2026-09-25,2026-03-20T23:00:00+0100
Eurostat,job_vacancy_rate,BG,2024-09-30,2024-12-29,Q,percent,0.8,2024-Q3,2026-09-25,https://ec.europa.eu/eurostat/api/dissemination/statistics/1.0/data/jvs_q_nace2,replay_fixture,p,estimated_publication_lag,2026-09-25,2026-03-20T23:00:00+0100
Eurostat,job_vacancy_rate,BG,2024-12-31,2025-03-31,Q,percent,0.7,2024-Q4,2026-09-25,https://ec.europa.eu/eurostat/api/dissemination/statistics/1.0/data/jvs_q_nace2,replay_fixture,p,estimated_publication_lag,2026-09-25,2026-03-20T23:00:00+0100
Eurostat,job_vacancy_rate,BG,2025-03-31,2025-06-29,Q,percent,1.0,2025-Q1,2026-09-25,https://ec.europa.eu/eurostat/api/dissemination/statistics/1.0/data/jvs_q_nace2,replay_fixture,p,estimated_publication_lag,2026-09-25,2026-03-20T23:00:00+0100
Eurostat,job_vacancy_rate,BG,2025-06-30,2025-09-28,Q,percent,0.9,2025-Q2,2026-09-25,https://ec.europa.eu/eurostat/api/dissemination/statistics/1.0/data/jvs_q_nace2,replay_fixture,p,estimated_publication_lag,2026-09-25,2026-03-20T23:00:00+0100
Eurostat,job_vacancy_rate,BG,2025-09-30,2025-12-29,Q,percent,0.8,2025-Q3,2026-09-25,https://ec.europa.eu/eurostat/api/dissemination/statistics/1.0/data/jvs_q_nace2,replay_fixture,p,estimated_publication_lag,2026-09-25,2026-03-20T23:00:00+0100
Eurostat,job_vacancy_rate,BG,2025-12-31,2026-03-31,Q,percent,0.8,2025-Q4,2026-09-25,https://ec.europa.eu/eurostat/api/dissemination/statistics/1.0/data/jvs_q_nace2,replay_fixture,p,estimated_publication_lag,2026-09-25,2026-03-20T23:00:00+0100
Eurostat,job_vacancy_rate,PL,2021-03-31,2021-06-29,Q,percent,0.9,2021-Q1,2026-09-25,https://ec.europa.eu/eurostat/api/dissemination/statistics/1.0/data/jvs_q_nace2,replay_fixture,,estimated_publication_lag,2026-09-25,2026-03-20T23:00:00+0100
Eurostat,job_vacancy_rate,PL,2021-06-30,2021-09-28,Q,percent,1.2,2021-Q2,2026-09-25,https://ec.europa.eu/eurostat/api/dissemination/statistics/1.0/data/jvs_q_nace2,replay_fixture,,estimated_publication_lag,2026-09-25,2026-03-20T23:00:00+0100
Eurostat,job_vacancy_rate,PL,2021-09-30,2021-12-29,Q,percent,1.2,2021-Q3,2026-09-25,https://ec.europa.eu/eurostat/api/dissemination/statistics/1.0/data/jvs_q_nace2,replay_fixture,,estimated_publication_lag,2026-09-25,2026-03-20T23:00:00+0100
Eurostat,job_vacancy_rate,PL,2021-12-31,2022-03-31,Q,percent,1.1,2021-Q4,2026-09-25,https://ec.europa.eu/eurostat/api/dissemination/statistics/1.0/data/jvs_q_nace2,replay_fixture,,estimated_publication_lag,2026-09-25,2026-03-20T23:00:00+0100
Eurostat,job_vacancy_rate,PL,2022-03-31,2022-06-29,Q,percent,1.3,2022-Q1,2026-09-25,https://ec.europa.eu/eurostat/api/dissemination/statistics/1.0/data/jvs_q_nace2,replay_fixture,,estimated_publication_lag,2026-09-25,2026-03-20T23:00:00+0100
Eurostat,job_vacancy_rate,PL,2022-06-30,2022-09-28,Q,percent,1.2,2022-Q2,2026-09-25,https://ec.europa.eu/eurostat/api/dissemination/statistics/1.0/data/jvs_q_nace2,replay_fixture,,estimated_publication_lag,2026-09-25,2026-03-20T23:00:00+0100
Eurostat,job_vacancy_rate,PL,2022-09-30,2022-12-29,Q,percent,1.1,2022-Q3,2026-09-25,https://ec.europa.eu/eurostat/api/dissemination/statistics/1.0/data/jvs_q_nace2,replay_fixture,,estimated_publication_lag,2026-09-25,2026-03-20T23:00:00+0100
Eurostat,job_vacancy_rate,PL,2022-12-31,2023-03-31,Q,percent,0.9,2022-Q4,2026-09-25,https://ec.europa.eu/eurostat/api/dissemination/statistics/1.0/data/jvs_q_nace2,replay_fixture,,estimated_publication_lag,2026-09-25,2026-03-20T23:00:00+0100
Eurostat,job_vacancy_rate,PL,2023-03-31,2023-06-29,Q,percent,0.9,2023-Q1,2026-09-25,https://ec.europa.eu/eurostat/api/dissemination/statistics/1.0/data/jvs_q_nace2,replay_fixture,,estimated_publication_lag,2026-09-25,2026-03-20T23:00:00+0100
Eurostat,job_vacancy_rate,PL,2023-06-30,2023-09-28,Q,percent,0.9,2023-Q2,2026-09-25,https://ec.europa.eu/eurostat/api/dissemination/statistics/1.0/data/jvs_q_nace2,replay_fixture,,estimated_publication_lag,2026-09-25,2026-03-20T23:00:00+0100
Eurostat,job_vacancy_rate,PL,2023-09-30,2023-12-29,Q,percent,0.9,2023-Q3,2026-09-25,https://ec.europa.eu/eurostat/api/dissemination/statistics/1.0/data/jvs_q_nace2,replay_fixture,,estimated_publication_lag,2026-09-25,2026-03-20T23:00:00+0100
Eurostat,job_vacancy_rate,PL,2023-12-31,2024-03-30,Q,percent,0.8,2023-Q4,2026-09-25,https://ec.europa.eu/eurostat/api/dissemination/statistics/1.0/data/jvs_q_nace2,replay_fixture,,estimated_publication_lag,2026-09-25,2026-03-20T23:00:00+0100
Eurostat,job_vacancy_rate,PL,2024-03-31,2024-06-29,Q,percent,0.9,2024-Q1,2026-09-25,https://ec.europa.eu/eurostat/api/dissemination/statistics/1.0/data/jvs_q_nace2,replay_fixture,,estimated_publication_lag,2026-09-25,2026-03-20T23:00:00+0100
Eurostat,job_vacancy_rate,PL,2024-06-30,2024-09-28,Q,percent,0.9,2024-Q2,2026-09-25,https://ec.europa.eu/eurostat/api/dissemination/statistics/1.0/data/jvs_q_nace2,replay_fixture,,estimated_publication_lag,2026-09-25,2026-03-20T23:00:00+0100
Eurostat,job_vacancy_rate,PL,2024-09-30,2024-12-29,Q,percent,0.9,2024-Q3,2026-09-25,https://ec.europa.eu/eurostat/api/dissemination/statistics/1.0/data/jvs_q_nace2,replay_fixture,,estimated_publication_lag,2026-09-25,2026-03-20T23:00:00+0100
Eurostat,job_vacancy_rate,PL,2024-12-31,2025-03-31,Q,percent,0.7,2024-Q4,2026-09-25,https://ec.europa.eu/eurostat/api/dissemination/statistics/1.0/data/jvs_q_nace2,replay_fixture,,estimated_publication_lag,2026-09-25,2026-03-20T23:00:00+0100
Eurostat,job_vacancy_rate,PL,2025-03-31,2025-06-29,Q,percent,0.8,2025-Q1,2026-09-25,https://ec.europa.eu/eurostat/api/dissemination/statistics/1.0/data/jvs_q_nace2,replay_fixture,,estimated_publication_lag,2026-09-25,2026-03-20T23:00:00+0100
Eurostat,job_vacancy_rate,PL,2025-06-30,2025-09-28,Q,percent,0.8,2025-Q2,2026-09-25,https://ec.europa.eu/eurostat/api/dissemination/statistics/1.0/data/jvs_q_nace2,replay_fixture,,estimated_publication_lag,2026-09-25,2026-03-20T23:00:00+0100
Eurostat,job_vacancy_rate,PL,2025-09-30,2025-12-29,Q,percent,0.8,2025-Q3,2026-09-25,https://ec.europa.eu/eurostat/api/dissemination/statistics/1.0/data/jvs_q_nace2,replay_fixture,,estimated_publication_lag,2026-09-25,2026-03-20T23:00:00+0100
Eurostat,job_vacancy_rate,PL,2025-12-31,2026-03-31,Q,percent,0.7,2025-Q4,2026-09-25,https://ec.europa.eu/eurostat/api/dissemination/statistics/1.0/data/jvs_q_nace2,replay_fixture,,estimated_publication_lag,2026-09-25,2026-03-20T23:00:00+0100
Eurostat,job_vacancy_rate,RO,2021-03-31,2021-06-29,Q,percent,0.8,2021-Q1,2026-09-25,https://ec.europa.eu/eurostat/api/dissemination/statistics/1.0/data/jvs_q_nace2,replay_fixture,,estimated_publication_lag,2026-09-25,2026-03-20T23:00:00+0100
Eurostat,job_vacancy_rate,RO,2021-06-30,2021-09-28,Q,percent,0.8,2021-Q2,2026-09-25,https://ec.europa.eu/eurostat/api/dissemination/statistics/1.0/data/jvs_q_nace2,replay_fixture,,estimated_publication_lag,2026-09-25,2026-03-20T23:00:00+0100
Eurostat,job_vacancy_rate,RO,2021-09-30,2021-12-29,Q,percent,1.0,2021-Q3,2026-09-25,https://ec.europa.eu/eurostat/api/dissemination/statistics/1.0/data/jvs_q_nace2,replay_fixture,,estimated_publication_lag,2026-09-25,2026-03-20T23:00:00+0100
Eurostat,job_vacancy_rate,RO,2021-12-31,2022-03-31,Q,percent,0.9,2021-Q4,2026-09-25,https://ec.europa.eu/eurostat/api/dissemination/statistics/1.0/data/jvs_q_nace2,replay_fixture,,estimated_publication_lag,2026-09-25,2026-03-20T23:00:00+0100
Eurostat,job_vacancy_rate,RO,2022-03-31,2022-06-29,Q,percent,0.9,2022-Q1,2026-09-25,https://ec.europa.eu/eurostat/api/dissemination/statistics/1.0/data/jvs_q_nace2,replay_fixture,,estimated_publication_lag,2026-09-25,2026-03-20T23:00:00+0100
Eurostat,job_vacancy_rate,RO,2022-06-30,2022-09-28,Q,percent,0.9,2022-Q2,2026-09-25,https://ec.europa.eu/eurostat/api/dissemination/statistics/1.0/data/jvs_q_nace2,replay_fixture,,estimated_publication_lag,2026-09-25,2026-03-20T23:00:00+0100
Eurostat,job_vacancy_rate,RO,2022-09-30,2022-12-29,Q,percent,0.9,2022-Q3,2026-09-25,https://ec.europa.eu/eurostat/api/dissemination/statistics/1.0/data/jvs_q_nace2,replay_fixture,,estimated_publication_lag,2026-09-25,2026-03-20T23:00:00+0100
Eurostat,job_vacancy_rate,RO,2022-12-31,2023-03-31,Q,percent,0.8,2022-Q4,2026-09-25,https://ec.europa.eu/eurostat/api/dissemination/statistics/1.0/data/jvs_q_nace2,replay_fixture,,estimated_publication_lag,2026-09-25,2026-03-20T23:00:00+0100
Eurostat,job_vacancy_rate,RO,2023-03-31,2023-06-29,Q,percent,0.9,2023-Q1,2026-09-25,https://ec.europa.eu/eurostat/api/dissemination/statistics/1.0/data/jvs_q_nace2,replay_fixture,,estimated_publication_lag,2026-09-25,2026-03-20T23:00:00+0100
Eurostat,job_vacancy_rate,RO,2023-06-30,2023-09-28,Q,percent,0.8,2023-Q2,2026-09-25,https://ec.europa.eu/eurostat/api/dissemination/statistics/1.0/data/jvs_q_nace2,replay_fixture,,estimated_publication_lag,2026-09-25,2026-03-20T23:00:00+0100
Eurostat,job_vacancy_rate,RO,2023-09-30,2023-12-29,Q,percent,0.8,2023-Q3,2026-09-25,https://ec.europa.eu/eurostat/api/dissemination/statistics/1.0/data/jvs_q_nace2,replay_fixture,,estimated_publication_lag,2026-09-25,2026-03-20T23:00:00+0100
Eurostat,job_vacancy_rate,RO,2023-12-31,2024-03-30,Q,percent,0.7,2023-Q4,2026-09-25,https://ec.europa.eu/eurostat/api/dissemination/statistics/1.0/data/jvs_q_nace2,replay_fixture,,estimated_publication_lag,2026-09-25,2026-03-20T23:00:00+0100
Eurostat,job_vacancy_rate,RO,2024-03-31,2024-06-29,Q,percent,0.7,2024-Q1,2026-09-25,https://ec.europa.eu/eurostat/api/dissemination/statistics/1.0/data/jvs_q_nace2,replay_fixture,,estimated_publication_lag,2026-09-25,2026-03-20T23:00:00+0100
Eurostat,job_vacancy_rate,RO,2024-06-30,2024-09-28,Q,percent,0.7,2024-Q2,2026-09-25,https://ec.europa.eu/eurostat/api/dissemination/statistics/1.0/data/jvs_q_nace2,replay_fixture,,estimated_publication_lag,2026-09-25,2026-03-20T23:00:00+0100
Eurostat,job_vacancy_rate,RO,2024-09-30,2024-12-29,Q,percent,0.8,2024-Q3,2026-09-25,https://ec.europa.eu/eurostat/api/dissemination/statistics/1.0/data/jvs_q_nace2,replay_fixture,,estimated_publication_lag,2026-09-25,2026-03-20T23:00:00+0100
Eurostat,job_vacancy_rate,RO,2024-12-31,2025-03-31,Q,percent,0.7,2024-Q4,2026-09-25,https://ec.europa.eu/eurostat/api/dissemination/statistics/1.0/data/jvs_q_nace2,replay_fixture,,estimated_publication_lag,2026-09-25,2026-03-20T23:00:00+0100
Eurostat,job_vacancy_rate,RO,2025-03-31,2025-06-29,Q,percent,0.6,2025-Q1,2026-09-25,https://ec.europa.eu/eurostat/api/dissemination/statistics/1.0/data/jvs_q_nace2,replay_fixture,,estimated_publication_lag,2026-09-25,2026-03-20T23:00:00+0100
Eurostat,job_vacancy_rate,RO,2025-06-30,2025-09-28,Q,percent,0.6,2025-Q2,2026-09-25,https://ec.europa.eu/eurostat/api/dissemination/statistics/1.0/data/jvs_q_nace2,replay_fixture,,estimated_publication_lag,2026-09-25,2026-03-20T23:00:00+0100
Eurostat,job_vacancy_rate,RO,2025-09-30,2025-12-29,Q,percent,0.6,2025-Q3,2026-09-25,https://ec.europa.eu/eurostat/api/dissemination/statistics/1.0/data/jvs_q_nace2,replay_fixture,,estimated_publication_lag,2026-09-25,2026-03-20T23:00:00+0100
Eurostat,job_vacancy_rate,RO,2025-12-31,2026-03-31,Q,percent,0.6,2025-Q4,2026-09-25,https://ec.europa.eu/eurostat/api/dissemination/statistics/1.0/data/jvs_q_nace2,replay_fixture,,estimated_publication_lag,2026-09-25,2026-03-20T23:00:00+0100
Eurostat,unemployment_rate,BG,2021-01-31,2021-03-17,M,percent_of_labour_force,6.0,2021-01,2026-09-25,https://ec.europa.eu/eurostat/api/dissemination/statistics/1.0/data/une_rt_m,replay_fixture,,estimated_publication_lag,2026-09-25,2026-09-22T11:00:00+0200
Eurostat,unemployment_rate,BG,2021-02-28,2021-04-14,M,percent_of_labour_force,5.9,2021-02,2026-09-25,https://ec.europa.eu/eurostat/api/dissemination/statistics/1.0/data/une_rt_m,replay_fixture,,estimated_publication_lag,2026-09-25,2026-09-22T11:00:00+0200
Eurostat,unemployment_rate,BG,2021-03-31,2021-05-15,M,percent_of_labour_force,5.7,2021-03,2026-09-25,https://ec.europa.eu/eurostat/api/dissemination/statistics/1.0/data/une_rt_m,replay_fixture,,estimated_publication_lag,2026-09-25,2026-09-22T11:00:00+0200
Eurostat,unemployment_rate,BG,2021-04-30,2021-06-14,M,percent_of_labour_force,5.5,2021-04,2026-09-25,https://ec.europa.eu/eurostat/api/dissemination/statistics/1.0/data/une_rt_m,replay_fixture,,estimated_publication_lag,2026-09-25,2026-09-22T11:00:00+0200
Eurostat,unemployment_rate,BG,2021-05-31,2021-07-15,M,percent_of_labour_force,5.4,2021-05,2026-09-25,https://ec.europa.eu/eurostat/api/dissemination/statistics/1.0/data/une_rt_m,replay_fixture,,estimated_publication_lag,2026-09-25,2026-09-22T11:00:00+0200
Eurostat,unemployment_rate,BG,2021-06-30,2021-08-14,M,percent_of_labour_force,5.2,2021-06,2026-09-25,https://ec.europa.eu/eurostat/api/dissemination/statistics/1.0/data/une_rt_m,replay_fixture,,estimated_publication_lag,2026-09-25,2026-09-22T11:00:00+0200
Eurostat,unemployment_rate,BG,2021-07-31,2021-09-14,M,percent_of_labour_force,5.0,2021-07,2026-09-25,https://ec.europa.eu/eurostat/api/dissemination/statistics/1.0/data/une_rt_m,replay_fixture,,estimated_publication_lag,2026-09-25,2026-09-22T11:00:00+0200
Eurostat,unemployment_rate,BG,2021-08-31,2021-10-15,M,percent_of_labour_force,4.9,2021-08,2026-09-25,https://ec.europa.eu/eurostat/api/dissemination/statistics/1.0/data/une_rt_m,replay_fixture,,estimated_publication_lag,2026-09-25,2026-09-22T11:00:00+0200
Eurostat,unemployment_rate,BG,2021-09-30,2021-11-14,M,percent_of_labour_force,4.8,2021-09,2026-09-25,https://ec.europa.eu/eurostat/api/dissemination/statistics/1.0/data/une_rt_m,replay_fixture,,estimated_publication_lag,2026-09-25,2026-09-22T11:00:00+0200
Eurostat,unemployment_rate,BG,2021-10-31,2021-12-15,M,percent_of_labour_force,4.6,2021-10,2026-09-25,https://ec.europa.eu/eurostat/api/dissemination/statistics/1.0/data/une_rt_m,replay_fixture,,estimated_publication_lag,2026-09-25,2026-09-22T11:00:00+0200
Eurostat,unemployment_rate,BG,2021-11-30,2022-01-14,M,percent_of_labour_force,4.6,2021-11,2026-09-25,https://ec.europa.eu/eurostat/api/dissemination/statistics/1.0/data/une_rt_m,replay_fixture,,estimated_publication_lag,2026-09-25,2026-09-22T11:00:00+0200
Eurostat,unemployment_rate,BG,2021-12-31,2022-02-14,M,percent_of_labour_force,4.5,2021-12,2026-09-25,https://ec.europa.eu/eurostat/api/dissemination/statistics/1.0/data/une_rt_m,replay_fixture,,estimated_publication_lag,2026-09-25,2026-09-22T11:00:00+0200
Eurostat,unemployment_rate,BG,2022-01-31,2022-03-17,M,percent_of_labour_force,4.4,2022-01,2026-09-25,https://ec.europa.eu/eurostat/api/dissemination/statistics/1.0/data/une_rt_m,replay_fixture,,estimated_publication_lag,2026-09-25,2026-09-22T11:00:00+0200
Eurostat,unemployment_rate,BG,2022-02-28,2022-04-14,M,percent_of_labour_force,4.4,2022-02,2026-09-25,https://ec.europa.eu/eurostat/api/dissemination/statistics/1.0/data/une_rt_m,replay_fixture,,estimated_publication_lag,2026-09-25,2026-09-22T11:00:00+0200
Eurostat,unemployment_rate,BG,2022-03-31,2022-05-15,M,percent_of_labour_force,4.4,2022-03,2026-09-25,https://ec.europa.eu/eurostat/api/dissemination/statistics/1.0/data/une_rt_m,replay_fixture,,estimated_publication_lag,2026-09-25,2026-09-22T11:00:00+0200
Eurostat,unemployment_rate,BG,2022-04-30,2022-06-14,M,percent_of_labour_force,4.4,2022-04,2026-09-25,https://ec.europa.eu/eurostat/api/dissemination/statistics/1.0/data/une_rt_m,replay_fixture,,estimated_publication_lag,2026-09-25,2026-09-22T11:00:00+0200
Eurostat,unemployment_rate,BG,2022-05-31,2022-07-15,M,percent_of_labour_force,4.4,2022-05,2026-09-25,https://ec.europa.eu/eurostat/api/dissemination/statistics/1.0/data/une_rt_m,replay_fixture,,estimated_publication_lag,2026-09-25,2026-09-22T11:00:00+0200
Eurostat,unemployment_rate,BG,2022-06-30,2022-08-14,M,percent_of_labour_force,4.2,2022-06,2026-09-25,https://ec.europa.eu/eurostat/api/dissemination/statistics/1.0/data/une_rt_m,replay_fixture,,estimated_publication_lag,2026-09-25,2026-09-22T11:00:00+0200
Eurostat,unemployment_rate,BG,2022-07-31,2022-09-14,M,percent_of_labour_force,4.0,2022-07,2026-09-25,https://ec.europa.eu/eurostat/api/dissemination/statistics/1.0/data/une_rt_m,replay_fixture,,estimated_publication_lag,2026-09-25,2026-09-22T11:00:00+0200
Eurostat,unemployment_rate,BG,2022-08-31,2022-10-15,M,percent_of_labour_force,3.9,2022-08,2026-09-25,https://ec.europa.eu/eurostat/api/dissemination/statistics/1.0/data/une_rt_m,replay_fixture,,estimated_publication_lag,2026-09-25,2026-09-22T11:00:00+0200
Eurostat,unemployment_rate,BG,2022-09-30,2022-11-14,M,percent_of_labour_force,3.9,2022-09,2026-09-25,https://ec.europa.eu/eurostat/api/dissemination/statistics/1.0/data/une_rt_m,replay_fixture,,estimated_publication_lag,2026-09-25,2026-09-22T11:00:00+0200
Eurostat,unemployment_rate,BG,2022-10-31,2022-12-15,M,percent_of_labour_force,3.8,2022-10,2026-09-25,https://ec.europa.eu/eurostat/api/dissemination/statistics/1.0/data/une_rt_m,replay_fixture,,estimated_publication_lag,2026-09-25,2026-09-22T11:00:00+0200
Eurostat,unemployment_rate,BG,2022-11-30,2023-01-14,M,percent_of_labour_force,3.8,2022-11,2026-09-25,https://ec.europa.eu/eurostat/api/dissemination/statistics/1.0/data/une_rt_m,replay_fixture,,estimated_publication_lag,2026-09-25,2026-09-22T11:00:00+0200
Eurostat,unemployment_rate,BG,2022-12-31,2023-02-14,M,percent_of_labour_force,4.0,2022-12,2026-09-25,https://ec.europa.eu/eurostat/api/dissemination/statistics/1.0/data/une_rt_m,replay_fixture,,estimated_publication_lag,2026-09-25,2026-09-22T11:00:00+0200
Eurostat,unemployment_rate,BG,2023-01-31,2023-03-17,M,percent_of_labour_force,4.0,2023-01,2026-09-25,https://ec.europa.eu/eurostat/api/dissemination/statistics/1.0/data/une_rt_m,replay_fixture,,estimated_publication_lag,2026-09-25,2026-09-22T11:00:00+0200
Eurostat,unemployment_rate,BG,2023-02-28,2023-04-14,M,percent_of_labour_force,4.1,2023-02,2026-09-25,https://ec.europa.eu/eurostat/api/dissemination/statistics/1.0/data/une_rt_m,replay_fixture,,estimated_publication_lag,2026-09-25,2026-09-22T11:00:00+0200
Eurostat,unemployment_rate,BG,2023-03-31,2023-05-15,M,percent_of_labour_force,4.2,2023-03,2026-09-25,https://ec.europa.eu/eurostat/api/dissemination/statistics/1.0/data/une_rt_m,replay_fixture,,estimated_publication_lag,2026-09-25,2026-09-22T11:00:00+0200
Eurostat,unemployment_rate,BG,2023-04-30,2023-06-14,M,percent_of_labour_force,4.4,2023-04,2026-09-25,https://ec.europa.eu/eurostat/api/dissemination/statistics/1.0/data/une_rt_m,replay_fixture,,estimated_publication_lag,2026-09-25,2026-09-22T11:00:00+0200
Eurostat,unemployment_rate,BG,2023-05-31,2023-07-15,M,percent_of_labour_force,4.4,2023-05,2026-09-25,https://ec.europa.eu/eurostat/api/dissemination/statistics/1.0/data/une_rt_m,replay_fixture,,estimated_publication_lag,2026-09-25,2026-09-22T11:00:00+0200
Eurostat,unemployment_rate,BG,2023-06-30,2023-08-14,M,percent_of_labour_force,4.5,2023-06,2026-09-25,https://ec.europa.eu/eurostat/api/dissemination/statistics/1.0/data/une_rt_m,replay_fixture,,estimated_publication_lag,2026-09-25,2026-09-22T11:00:00+0200
Eurostat,unemployment_rate,BG,2023-07-31,2023-09-14,M,percent_of_labour_force,4.5,2023-07,2026-09-25,https://ec.europa.eu/eurostat/api/dissemination/statistics/1.0/data/une_rt_m,replay_fixture,,estimated_publication_lag,2026-09-25,2026-09-22T11:00:00+0200
Eurostat,unemployment_rate,BG,2023-08-31,2023-10-15,M,percent_of_labour_force,4.4,2023-08,2026-09-25,https://ec.europa.eu/eurostat/api/dissemination/statistics/1.0/data/une_rt_m,replay_fixture,,estimated_publication_lag,2026-09-25,2026-09-22T11:00:00+0200
Eurostat,unemployment_rate,BG,2023-09-30,2023-11-14,M,percent_of_labour_force,4.4,2023-09,2026-09-25,https://ec.europa.eu/eurostat/api/dissemination/statistics/1.0/data/une_rt_m,replay_fixture,,estimated_publication_lag,2026-09-25,2026-09-22T11:00:00+0200
Eurostat,unemployment_rate,BG,2023-10-31,2023-12-15,M,percent_of_labour_force,4.3,2023-10,2026-09-25,https://ec.europa.eu/eurostat/api/dissemination/statistics/1.0/data/une_rt_m,replay_fixture,,estimated_publication_lag,2026-09-25,2026-09-22T11:00:00+0200
Eurostat,unemployment_rate,BG,2023-11-30,2024-01-14,M,percent_of_labour_force,4.3,2023-11,2026-09-25,https://ec.europa.eu/eurostat/api/dissemination/statistics/1.0/data/une_rt_m,replay_fixture,,estimated_publication_lag,2026-09-25,2026-09-22T11:00:00+0200
Eurostat,unemployment_rate,BG,2023-12-31,2024-02-14,M,percent_of_labour_force,4.4,2023-12,2026-09-25,https://ec.europa.eu/eurostat/api/dissemination/statistics/1.0/data/une_rt_m,replay_fixture,,estimated_publication_lag,2026-09-25,2026-09-22T11:00:00+0200
Eurostat,unemployment_rate,BG,2024-01-31,2024-03-16,M,percent_of_labour_force,4.7,2024-01,2026-09-25,https://ec.europa.eu/eurostat/api/dissemination/statistics/1.0/data/une_rt_m,replay_fixture,,estimated_publication_lag,2026-09-25,2026-09-22T11:00:00+0200
Eurostat,unemployment_rate,BG,2024-02-29,2024-04-14,M,percent_of_labour_force,4.8,2024-02,2026-09-25,https://ec.europa.eu/eurostat/api/dissemination/statistics/1.0/data/une_rt_m,replay_fixture,,estimated_publication_lag,2026-09-25,2026-09-22T11:00:00+0200
Eurostat,unemployment_rate,BG,2024-03-31,2024-05-15,M,percent_of_labour_force,4.6,2024-03,2026-09-25,https://ec.europa.eu/eurostat/api/dissemination/statistics/1.0/data/une_rt_m,replay_fixture,,estimated_publication_lag,2026-09-25,2026-09-22T11:00:00+0200
Eurostat,unemployment_rate,BG,2024-04-30,2024-06-14,M,percent_of_labour_force,4.3,2024-04,2026-09-25,https://ec.europa.eu/eurostat/api/dissemination/statistics/1.0/data/une_rt_m,replay_fixture,,estimated_publication_lag,2026-09-25,2026-09-22T11:00:00+0200
Eurostat,unemployment_rate,BG,2024-05-31,2024-07-15,M,percent_of_labour_force,4.0,2024-05,2026-09-25,https://ec.europa.eu/eurostat/api/dissemination/statistics/1.0/data/une_rt_m,replay_fixture,,estimated_publication_lag,2026-09-25,2026-09-22T11:00:00+0200
Eurostat,unemployment_rate,BG,2024-06-30,2024-08-14,M,percent_of_labour_force,4.0,2024-06,2026-09-25,https://ec.europa.eu/eurostat/api/dissemination/statistics/1.0/data/une_rt_m,replay_fixture,,estimated_publication_lag,2026-09-25,2026-09-22T11:00:00+0200
Eurostat,unemployment_rate,BG,2024-07-31,2024-09-14,M,percent_of_labour_force,3.9,2024-07,2026-09-25,https://ec.europa.eu/eurostat/api/dissemination/statistics/1.0/data/une_rt_m,replay_fixture,,estimated_publication_lag,2026-09-25,2026-09-22T11:00:00+0200
Eurostat,unemployment_rate,BG,2024-08-31,2024-10-15,M,percent_of_labour_force,3.9,2024-08,2026-09-25,https://ec.europa.eu/eurostat/api/dissemination/statistics/1.0/data/une_rt_m,replay_fixture,,estimated_publication_lag,2026-09-25,2026-09-22T11:00:00+0200
Eurostat,unemployment_rate,BG,2024-09-30,2024-11-14,M,percent_of_labour_force,4.0,2024-09,2026-09-25,https://ec.europa.eu/eurostat/api/dissemination/statistics/1.0/data/une_rt_m,replay_fixture,,estimated_publication_lag,2026-09-25,2026-09-22T11:00:00+0200
Eurostat,unemployment_rate,BG,2024-10-31,2024-12-15,M,percent_of_labour_force,4.0,2024-10,2026-09-25,https://ec.europa.eu/eurostat/api/dissemination/statistics/1.0/data/une_rt_m,replay_fixture,,estimated_publication_lag,2026-09-25,2026-09-22T11:00:00+0200
Eurostat,unemployment_rate,BG,2024-11-30,2025-01-14,M,percent_of_labour_force,4.0,2024-11,2026-09-25,https://ec.europa.eu/eurostat/api/dissemination/statistics/1.0/data/une_rt_m,replay_fixture,,estimated_publication_lag,2026-09-25,2026-09-22T11:00:00+0200
Eurostat,unemployment_rate,BG,2024-12-31,2025-02-14,M,percent_of_labour_force,3.9,2024-12,2026-09-25,https://ec.europa.eu/eurostat/api/dissemination/statistics/1.0/data/une_rt_m,replay_fixture,,estimated_publication_lag,2026-09-25,2026-09-22T11:00:00+0200
Eurostat,unemployment_rate,BG,2025-01-31,2025-03-17,M,percent_of_labour_force,3.7,2025-01,2026-09-25,https://ec.europa.eu/eurostat/api/dissemination/statistics/1.0/data/une_rt_m,replay_fixture,,estimated_publication_lag,2026-09-25,2026-09-22T11:00:00+0200
Eurostat,unemployment_rate,BG,2025-02-28,2025-04-14,M,percent_of_labour_force,3.6,2025-02,2026-09-25,https://ec.europa.eu/eurostat/api/dissemination/statistics/1.0/data/une_rt_m,replay_fixture,,estimated_publication_lag,2026-09-25,2026-09-22T11:00:00+0200
Eurostat,unemployment_rate,BG,2025-03-31,2025-05-15,M,percent_of_labour_force,3.5,2025-03,2026-09-25,https://ec.europa.eu/eurostat/api/dissemination/statistics/1.0/data/une_rt_m,replay_fixture,,estimated_publication_lag,2026-09-25,2026-09-22T11:00:00+0200
Eurostat,unemployment_rate,BG,2025-04-30,2025-06-14,M,percent_of_labour_force,3.4,2025-04,2026-09-25,https://ec.europa.eu/eurostat/api/dissemination/statistics/1.0/data/une_rt_m,replay_fixture,,estimated_publication_lag,2026-09-25,2026-09-22T11:00:00+0200
Eurostat,unemployment_rate,BG,2025-05-31,2025-07-15,M,percent_of_labour_force,3.4,2025-05,2026-09-25,https://ec.europa.eu/eurostat/api/dissemination/statistics/1.0/data/une_rt_m,replay_fixture,,estimated_publication_lag,2026-09-25,2026-09-22T11:00:00+0200
Eurostat,unemployment_rate,BG,2025-06-30,2025-08-14,M,percent_of_labour_force,3.6,2025-06,2026-09-25,https://ec.europa.eu/eurostat/api/dissemination/statistics/1.0/data/une_rt_m,replay_fixture,,estimated_publication_lag,2026-09-25,2026-09-22T11:00:00+0200
Eurostat,unemployment_rate,BG,2025-07-31,2025-09-14,M,percent_of_labour_force,3.8,2025-07,2026-09-25,https://ec.europa.eu/eurostat/api/dissemination/statistics/1.0/data/une_rt_m,replay_fixture,,estimated_publication_lag,2026-09-25,2026-09-22T11:00:00+0200
Eurostat,unemployment_rate,BG,2025-08-31,2025-10-15,M,percent_of_labour_force,3.7,2025-08,2026-09-25,https://ec.europa.eu/eurostat/api/dissemination/statistics/1.0/data/une_rt_m,replay_fixture,,estimated_publication_lag,2026-09-25,2026-09-22T11:00:00+0200
Eurostat,unemployment_rate,BG,2025-09-30,2025-11-14,M,percent_of_labour_force,3.6,2025-09,2026-09-25,https://ec.europa.eu/eurostat/api/dissemination/statistics/1.0/data/une_rt_m,replay_fixture,,estimated_publication_lag,2026-09-25,2026-09-22T11:00:00+0200
Eurostat,unemployment_rate,BG,2025-10-31,2025-12-15,M,percent_of_labour_force,3.5,2025-10,2026-09-25,https://ec.europa.eu/eurostat/api/dissemination/statistics/1.0/data/une_rt_m,replay_fixture,,estimated_publication_lag,2026-09-25,2026-09-22T11:00:00+0200
Eurostat,unemployment_rate,BG,2025-11-30,2026-01-14,M,percent_of_labour_force,3.3,2025-11,2026-09-25,https://ec.europa.eu/eurostat/api/dissemination/statistics/1.0/data/une_rt_m,replay_fixture,,estimated_publication_lag,2026-09-25,2026-09-22T11:00:00+0200
Eurostat,unemployment_rate,BG,2025-12-31,2026-02-14,M,percent_of_labour_force,3.1,2025-12,2026-09-25,https://ec.europa.eu/eurostat/api/dissemination/statistics/1.0/data/une_rt_m,replay_fixture,,estimated_publication_lag,2026-09-25,2026-09-22T11:00:00+0200
Eurostat,unemployment_rate,GR,2021-01-31,2021-03-17,M,percent_of_labour_force,16.0,2021-01,2026-09-25,https://ec.europa.eu/eurostat/api/dissemination/statistics/1.0/data/une_rt_m,replay_fixture,,estimated_publication_lag,2026-09-25,2026-09-22T11:00:00+0200
Eurostat,unemployment_rate,GR,2021-02-28,2021-04-14,M,percent_of_labour_force,15.9,2021-02,2026-09-25,https://ec.europa.eu/eurostat/api/dissemination/statistics/1.0/data/une_rt_m,replay_fixture,,estimated_publication_lag,2026-09-25,2026-09-22T11:00:00+0200
Eurostat,unemployment_rate,GR,2021-03-31,2021-05-15,M,percent_of_labour_force,16.5,2021-03,2026-09-25,https://ec.europa.eu/eurostat/api/dissemination/statistics/1.0/data/une_rt_m,replay_fixture,,estimated_publication_lag,2026-09-25,2026-09-22T11:00:00+0200
Eurostat,unemployment_rate,GR,2021-04-30,2021-06-14,M,percent_of_labour_force,17.1,2021-04,2026-09-25,https://ec.europa.eu/eurostat/api/dissemination/statistics/1.0/data/une_rt_m,replay_fixture,,estimated_publication_lag,2026-09-25,2026-09-22T11:00:00+0200
Eurostat,unemployment_rate,GR,2021-05-31,2021-07-15,M,percent_of_labour_force,16.0,2021-05,2026-09-25,https://ec.europa.eu/eurostat/api/dissemination/statistics/1.0/data/une_rt_m,replay_fixture,,estimated_publication_lag,2026-09-25,2026-09-22T11:00:00+0200
Eurostat,unemployment_rate,GR,2021-06-30,2021-08-14,M,percent_of_labour_force,15.1,2021-06,2026-09-25,https://ec.europa.eu/eurostat/api/dissemination/statistics/1.0/data/une_rt_m,replay_fixture,,estimated_publication_lag,2026-09-25,2026-09-22T11:00:00+0200
Eurostat,unemployment_rate,GR,2021-07-31,2021-09-14,M,percent_of_labour_force,14.1,2021-07,2026-09-25,https://ec.europa.eu/eurostat/api/dissemination/statistics/1.0/data/une_rt_m,replay_fixture,,estimated_publication_lag,2026-09-25,2026-09-22T11:00:00+0200
Eurostat,unemployment_rate,GR,2021-08-31,2021-10-15,M,percent_of_labour_force,14.1,2021-08,2026-09-25,https://ec.europa.eu/eurostat/api/dissemination/statistics/1.0/data/une_rt_m,replay_fixture,,estimated_publication_lag,2026-09-25,2026-09-22T11:00:00+0200
Eurostat,unemployment_rate,GR,2021-09-30,2021-11-14,M,percent_of_labour_force,13.3,2021-09,2026-09-25,https://ec.europa.eu/eurostat/api/dissemination/statistics/1.0/data/une_rt_m,replay_fixture,,estimated_publication_lag,2026-09-25,2026-09-22T11:00:00+0200
Eurostat,unemployment_rate,GR,2021-10-31,2021-12-15,M,percent_of_labour_force,13.2,2021-10,2026-09-25,https://ec.europa.eu/eurostat/api/dissemination/statistics/1.0/data/une_rt_m,replay_fixture,,estimated_publication_lag,2026-09-25,2026-09-22T11:00:00+0200
Eurostat,unemployment_rate,GR,2021-11-30,2022-01-14,M,percent_of_labour_force,13.2,2021-11,2026-09-25,https://ec.europa.eu/eurostat/api/dissemination/statistics/1.0/data/une_rt_m,replay_fixture,,estimated_publication_lag,2026-09-25,2026-09-22T11:00:00+0200
Eurostat,unemployment_rate,GR,2021-12-31,2022-02-14,M,percent_of_labour_force,13.0,2021-12,2026-09-25,https://ec.europa.eu/eurostat/api/dissemination/statistics/1.0/data/une_rt_m,replay_fixture,,estimated_publication_lag,2026-09-25,2026-09-22T11:00:00+0200
Eurostat,unemployment_rate,GR,2022-01-31,2022-03-17,M,percent_of_labour_force,13.1,2022-01,2026-09-25,https://ec.europa.eu/eurostat/api/dissemination/statistics/1.0/data/une_rt_m,replay_fixture,,estimated_publication_lag,2026-09-25,2026-09-22T11:00:00+0200
Eurostat,unemployment_rate,GR,2022-02-28,2022-04-14,M,percent_of_labour_force,12.9,2022-02,2026-09-25,https://ec.europa.eu/eurostat/api/dissemination/statistics/1.0/data/une_rt_m,replay_fixture,,estimated_publication_lag,2026-09-25,2026-09-22T11:00:00+0200
Eurostat,unemployment_rate,GR,2022-03-31,2022-05-15,M,percent_of_labour_force,12.5,2022-03,2026-09-25,https://ec.europa.eu/eurostat/api/dissemination/statistics/1.0/data/une_rt_m,replay_fixture,,estimated_publication_lag,2026-09-25,2026-09-22T11:00:00+0200
Eurostat,unemployment_rate,GR,2022-04-30,2022-06-14,M,percent_of_labour_force,12.5,2022-04,2026-09-25,https://ec.europa.eu/eurostat/api/dissemination/statistics/1.0/data/une_rt_m,replay_fixture,,estimated_publication_lag,2026-09-25,2026-09-22T11:00:00+0200
Eurostat,unemployment_rate,GR,2022-05-31,2022-07-15,M,percent_of_labour_force,12.9,2022-05,2026-09-25,https://ec.europa.eu/eurostat/api/dissemination/statistics/1.0/data/une_rt_m,replay_fixture,,estimated_publication_lag,2026-09-25,2026-09-22T11:00:00+0200
Eurostat,unemployment_rate,GR,2022-06-30,2022-08-14,M,percent_of_labour_force,12.5,2022-06,2026-09-25,https://ec.europa.eu/eurostat/api/dissemination/statistics/1.0/data/une_rt_m,replay_fixture,,estimated_publication_lag,2026-09-25,2026-09-22T11:00:00+0200
Eurostat,unemployment_rate,GR,2022-07-31,2022-09-14,M,percent_of_labour_force,12.8,2022-07,2026-09-25,https://ec.europa.eu/eurostat/api/dissemination/statistics/1.0/data/une_rt_m,replay_fixture,,estimated_publication_lag,2026-09-25,2026-09-22T11:00:00+0200
Eurostat,unemployment_rate,GR,2022-08-31,2022-10-15,M,percent_of_labour_force,12.4,2022-08,2026-09-25,https://ec.europa.eu/eurostat/api/dissemination/statistics/1.0/data/une_rt_m,replay_fixture,,estimated_publication_lag,2026-09-25,2026-09-22T11:00:00+0200
Eurostat,unemployment_rate,GR,2022-09-30,2022-11-14,M,percent_of_labour_force,12.1,2022-09,2026-09-25,https://ec.europa.eu/eurostat/api/dissemination/statistics/1.0/data/une_rt_m,replay_fixture,,estimated_publication_lag,2026-09-25,2026-09-22T11:00:00+0200
Eurostat,unemployment_rate,GR,2022-10-31,2022-12-15,M,percent_of_labour_force,11.8,2022-10,2026-09-25,https://ec.europa.eu/eurostat/api/dissemination/statistics/1.0/data/une_rt_m,replay_fixture,,estimated_publication_lag,2026-09-25,2026-09-22T11:00:00+0200
Eurostat,unemployment_rate,GR,2022-11-30,2023-01-14,M,percent_of_labour_force,11.6,2022-11,2026-09-25,https://ec.europa.eu/eurostat/api/dissemination/statistics/1.0/data/une_rt_m,replay_fixture,,estimated_publication_lag,2026-09-25,2026-09-22T11:00:00+0200
Eurostat,unemployment_rate,GR,2022-12-31,2023-02-14,M,percent_of_labour_force,12.1,2022-12,2026-09-25,https://ec.europa.eu/eurostat/api/dissemination/statistics/1.0/data/une_rt_m,replay_fixture,,estimated_publication_lag,2026-09-25,2026-09-22T11:00:00+0200
Eurostat,unemployment_rate,GR,2023-01-31,2023-03-17,M,percent_of_labour_force,10.5,2023-01,2026-09-25,https://ec.europa.eu/eurostat/api/dissemination/statistics/1.0/data/une_rt_m,replay_fixture,,estimated_publication_lag,2026-09-25,2026-09-22T11:00:00+0200
Eurostat,unemployment_rate,GR,2023-02-28,2023-04-14,M,percent_of_labour_force,11.1,2023-02,2026-09-25,https://ec.europa.eu/eurostat/api/dissemination/statistics/1.0/data/une_rt_m,replay_fixture,,estimated_publication_lag,2026-09-25,2026-09-22T11:00:00+0200
Eurostat,unemployment_rate,GR,2023-03-31,2023-05-15,M,percent_of_labour_force,11.4,2023-03,2026-09-25,https://ec.europa.eu/eurostat/api/dissemination/statistics/1.0/data/une_rt_m,replay_fixture,,estimated_publication_lag,2026-09-25,2026-09-22T11:00:00+0200
Eurostat,unemployment_rate,GR,2023-04-30,2023-06-14,M,percent_of_labour_force,11.4,2023-04,2026-09-25,https://ec.europa.eu/eurostat/api/dissemination/statistics/1.0/data/une_rt_m,replay_fixture,,estimated_publication_lag,2026-09-25,2026-09-22T11:00:00+0200
Eurostat,unemployment_rate,GR,2023-05-31,2023-07-15,M,percent_of_labour_force,11.3,2023-05,2026-09-25,https://ec.europa.eu/eurostat/api/dissemination/statistics/1.0/data/une_rt_m,replay_fixture,,estimated_publication_lag,2026-09-25,2026-09-22T11:00:00+0200
Eurostat,unemployment_rate,GR,2023-06-30,2023-08-14,M,percent_of_labour_force,11.7,2023-06,2026-09-25,https://ec.europa.eu/eurostat/api/dissemination/statistics/1.0/data/une_rt_m,replay_fixture,,estimated_publication_lag,2026-09-25,2026-09-22T11:00:00+0200
Eurostat,unemployment_rate,GR,2023-07-31,2023-09-14,M,percent_of_labour_force,11.7,2023-07,2026-09-25,https://ec.europa.eu/eurostat/api/dissemination/statistics/1.0/data/une_rt_m,replay_fixture,,estimated_publication_lag,2026-09-25,2026-09-22T11:00:00+0200
Eurostat,unemployment_rate,GR,2023-08-31,2023-10-15,M,percent_of_labour_force,11.5,2023-08,2026-09-25,https://ec.europa.eu/eurostat/api/dissemination/statistics/1.0/data/une_rt_m,replay_fixture,,estimated_publication_lag,2026-09-25,2026-09-22T11:00:00+0200
Eurostat,unemployment_rate,GR,2023-09-30,2023-11-14,M,percent_of_labour_force,10.9,2023-09,2026-09-25,https://ec.europa.eu/eurostat/api/dissemination/statistics/1.0/data/une_rt_m,replay_fixture,,estimated_publication_lag,2026-09-25,2026-09-22T11:00:00+0200
Eurostat,unemployment_rate,GR,2023-10-31,2023-12-15,M,percent_of_labour_force,10.8,2023-10,2026-09-25,https://ec.europa.eu/eurostat/api/dissemination/statistics/1.0/data/une_rt_m,replay_fixture,,estimated_publication_lag,2026-09-25,2026-09-22T11:00:00+0200
Eurostat,unemployment_rate,GR,2023-11-30,2024-01-14,M,percent_of_labour_force,10.1,2023-11,2026-09-25,https://ec.europa.eu/eurostat/api/dissemination/statistics/1.0/data/une_rt_m,replay_fixture,,estimated_publication_lag,2026-09-25,2026-09-22T11:00:00+0200
Eurostat,unemployment_rate,GR,2023-12-31,2024-02-14,M,percent_of_labour_force,10.4,2023-12,2026-09-25,https://ec.europa.eu/eurostat/api/dissemination/statistics/1.0/data/une_rt_m,replay_fixture,,estimated_publication_lag,2026-09-25,2026-09-22T11:00:00+0200
Eurostat,unemployment_rate,GR,2024-01-31,2024-03-16,M,percent_of_labour_force,11.7,2024-01,2026-09-25,https://ec.europa.eu/eurostat/api/dissemination/statistics/1.0/data/une_rt_m,replay_fixture,,estimated_publication_lag,2026-09-25,2026-09-22T11:00:00+0200
Eurostat,unemployment_rate,GR,2024-02-29,2024-04-14,M,percent_of_labour_force,11.4,2024-02,2026-09-25,https://ec.europa.eu/eurostat/api/dissemination/statistics/1.0/data/une_rt_m,replay_fixture,,estimated_publication_lag,2026-09-25,2026-09-22T11:00:00+0200
Eurostat,unemployment_rate,GR,2024-03-31,2024-05-15,M,percent_of_labour_force,10.6,2024-03,2026-09-25,https://ec.europa.eu/eurostat/api/dissemination/statistics/1.0/data/une_rt_m,replay_fixture,,estimated_publication_lag,2026-09-25,2026-09-22T11:00:00+0200
Eurostat,unemployment_rate,GR,2024-04-30,2024-06-14,M,percent_of_labour_force,10.8,2024-04,2026-09-25,https://ec.europa.eu/eurostat/api/dissemination/statistics/1.0/data/une_rt_m,replay_fixture,,estimated_publication_lag,2026-09-25,2026-09-22T11:00:00+0200
Eurostat,unemployment_rate,GR,2024-05-31,2024-07-15,M,percent_of_labour_force,10.5,2024-05,2026-09-25,https://ec.europa.eu/eurostat/api/dissemination/statistics/1.0/data/une_rt_m,replay_fixture,,estimated_publication_lag,2026-09-25,2026-09-22T11:00:00+0200
Eurostat,unemployment_rate,GR,2024-06-30,2024-08-14,M,percent_of_labour_force,9.0,2024-06,2026-09-25,https://ec.europa.eu/eurostat/api/dissemination/statistics/1.0/data/une_rt_m,replay_fixture,,estimated_publication_lag,2026-09-25,2026-09-22T11:00:00+0200
Eurostat,unemployment_rate,GR,2024-07-31,2024-09-14,M,percent_of_labour_force,9.8,2024-07,2026-09-25,https://ec.europa.eu/eurostat/api/dissemination/statistics/1.0/data/une_rt_m,replay_fixture,,estimated_publication_lag,2026-09-25,2026-09-22T11:00:00+0200
Eurostat,unemployment_rate,GR,2024-08-31,2024-10-15,M,percent_of_labour_force,9.6,2024-08,2026-09-25,https://ec.europa.eu/eurostat/api/dissemination/statistics/1.0/data/une_rt_m,replay_fixture,,estimated_publication_lag,2026-09-25,2026-09-22T11:00:00+0200
Eurostat,unemployment_rate,GR,2024-09-30,2024-11-14,M,percent_of_labour_force,9.7,2024-09,2026-09-25,https://ec.europa.eu/eurostat/api/dissemination/statistics/1.0/data/une_rt_m,replay_fixture,,estimated_publication_lag,2026-09-25,2026-09-22T11:00:00+0200
Eurostat,unemployment_rate,GR,2024-10-31,2024-12-15,M,percent_of_labour_force,9.7,2024-10,2026-09-25,https://ec.europa.eu/eurostat/api/dissemination/statistics/1.0/data/une_rt_m,replay_fixture,,estimated_publication_lag,2026-09-25,2026-09-22T11:00:00+0200
Eurostat,unemployment_rate,GR,2024-11-30,2025-01-14,M,percent_of_labour_force,9.7,2024-11,2026-09-25,https://ec.europa.eu/eurostat/api/dissemination/statistics/1.0/data/une_rt_m,replay_fixture,,estimated_publication_lag,2026-09-25,2026-09-22T11:00:00+0200
Eurostat,unemployment_rate,GR,2024-12-31,2025-02-14,M,percent_of_labour_force,9.4,2024-12,2026-09-25,https://ec.europa.eu/eurostat/api/dissemination/statistics/1.0/data/une_rt_m,replay_fixture,,estimated_publication_lag,2026-09-25,2026-09-22T11:00:00+0200
Eurostat,unemployment_rate,GR,2025-01-31,2025-03-17,M,percent_of_labour_force,9.7,2025-01,2026-09-25,https://ec.europa.eu/eurostat/api/dissemination/statistics/1.0/data/une_rt_m,replay_fixture,,estimated_publication_lag,2026-09-25,2026-09-22T11:00:00+0200
Eurostat,unemployment_rate,GR,2025-02-28,2025-04-14,M,percent_of_labour_force,9.1,2025-02,2026-09-25,https://ec.europa.eu/eurostat/api/dissemination/statistics/1.0/data/une_rt_m,replay_fixture,,estimated_publication_lag,2026-09-25,2026-09-22T11:00:00+0200
Eurostat,unemployment_rate,GR,2025-03-31,2025-05-15,M,percent_of_labour_force,9.2,2025-03,2026-09-25,https://ec.europa.eu/eurostat/api/dissemination/statistics/1.0/data/une_rt_m,replay_fixture,,estimated_publication_lag,2026-09-25,2026-09-22T11:00:00+0200
Eurostat,unemployment_rate,GR,2025-04-30,2025-06-14,M,percent_of_labour_force,8.9,2025-04,2026-09-25,https://ec.europa.eu/eurostat/api/dissemination/statistics/1.0/data/une_rt_m,replay_fixture,,estimated_publication_lag,2026-09-25,2026-09-22T11:00:00+0200
Eurostat,unemployment_rate,GR,2025-05-31,2025-07-15,M,percent_of_labour_force,8.7,2025-05,2026-09-25,https://ec.europa.eu/eurostat/api/dissemination/statistics/1.0/data/une_rt_m,replay_fixture,,estimated_publication_lag,2026-09-25,2026-09-22T11:00:00+0200
Eurostat,unemployment_rate,GR,2025-06-30,2025-08-14,M,percent_of_labour_force,9.2,2025-06,2026-09-25,https://ec.europa.eu/eurostat/api/dissemination/statistics/1.0/data/une_rt_m,replay_fixture,,estimated_publication_lag,2026-09-25,2026-09-22T11:00:00+0200
Eurostat,unemployment_rate,GR,2025-07-31,2025-09-14,M,percent_of_labour_force,8.9,2025-07,2026-09-25,https://ec.europa.eu/eurostat/api/dissemination/statistics/1.0/data/une_rt_m,replay_fixture,,estimated_publication_lag,2026-09-25,2026-09-22T11:00:00+0200
Eurostat,unemployment_rate,GR,2025-08-31,2025-10-15,M,percent_of_labour_force,8.8,2025-08,2026-09-25,https://ec.europa.eu/eurostat/api/dissemination/statistics/1.0/data/une_rt_m,replay_fixture,,estimated_publication_lag,2026-09-25,2026-09-22T11:00:00+0200
Eurostat,unemployment_rate,GR,2025-09-30,2025-11-14,M,percent_of_labour_force,8.7,2025-09,2026-09-25,https://ec.europa.eu/eurostat/api/dissemination/statistics/1.0/data/une_rt_m,replay_fixture,,estimated_publication_lag,2026-09-25,2026-09-22T11:00:00+0200
Eurostat,unemployment_rate,GR,2025-10-31,2025-12-15,M,percent_of_labour_force,8.9,2025-10,2026-09-25,https://ec.europa.eu/eurostat/api/dissemination/statistics/1.0/data/une_rt_m,replay_fixture,,estimated_publication_lag,2026-09-25,2026-09-22T11:00:00+0200
Eurostat,unemployment_rate,GR,2025-11-30,2026-01-14,M,percent_of_labour_force,8.5,2025-11,2026-09-25,https://ec.europa.eu/eurostat/api/dissemination/statistics/1.0/data/une_rt_m,replay_fixture,,estimated_publication_lag,2026-09-25,2026-09-22T11:00:00+0200
Eurostat,unemployment_rate,GR,2025-12-31,2026-02-14,M,percent_of_labour_force,8.1,2025-12,2026-09-25,https://ec.europa.eu/eurostat/api/dissemination/statistics/1.0/data/une_rt_m,replay_fixture,,estimated_publication_lag,2026-09-25,2026-09-22T11:00:00+0200
Eurostat,unemployment_rate,IE,2021-01-31,2021-03-17,M,percent_of_labour_force,7.0,2021-01,2026-09-25,https://ec.europa.eu/eurostat/api/dissemination/statistics/1.0/data/une_rt_m,replay_fixture,,estimated_publication_lag,2026-09-25,2026-09-22T11:00:00+0200
Eurostat,unemployment_rate,IE,2021-02-28,2021-04-14,M,percent_of_labour_force,7.6,2021-02,2026-09-25,https://ec.europa.eu/eurostat/api/dissemination/statistics/1.0/data/une_rt_m,replay_fixture,,estimated_publication_lag,2026-09-25,2026-09-22T11:00:00+0200
Eurostat,unemployment_rate,IE,2021-03-31,2021-05-15,M,percent_of_labour_force,7.7,2021-03,2026-09-25,https://ec.europa.eu/eurostat/api/dissemination/statistics/1.0/data/une_rt_m,replay_fixture,,estimated_publication_lag,2026-09-25,2026-09-22T11:00:00+0200
Eurostat,unemployment_rate,IE,2021-04-30,2021-06-14,M,percent_of_labour_force,7.5,2021-04,2026-09-25,https://ec.europa.eu/eurostat/api/dissemination/statistics/1.0/data/une_rt_m,replay_fixture,,estimated_publication_lag,2026-09-25,2026-09-22T11:00:00+0200
Eurostat,unemployment_rate,IE,2021-05-31,2021-07-15,M,percent_of_labour_force,7.0,2021-05,2026-09-25,https://ec.europa.eu/eurostat/api/dissemination/statistics/1.0/data/une_rt_m,replay_fixture,,estimated_publication_lag,2026-09-25,2026-09-22T11:00:00+0200
Eurostat,unemployment_rate,IE,2021-06-30,2021-08-14,M,percent_of_labour_force,6.3,2021-06,2026-09-25,https://ec.europa.eu/eurostat/api/dissemination/statistics/1.0/data/une_rt_m,replay_fixture,,estimated_publication_lag,2026-09-25,2026-09-22T11:00:00+0200
Eurostat,unemployment_rate,IE,2021-07-31,2021-09-14,M,percent_of_labour_force,5.7,2021-07,2026-09-25,https://ec.europa.eu/eurostat/api/dissemination/statistics/1.0/data/une_rt_m,replay_fixture,,estimated_publication_lag,2026-09-25,2026-09-22T11:00:00+0200
Eurostat,unemployment_rate,IE,2021-08-31,2021-10-15,M,percent_of_labour_force,5.4,2021-08,2026-09-25,https://ec.europa.eu/eurostat/api/dissemination/statistics/1.0/data/une_rt_m,replay_fixture,,estimated_publication_lag,2026-09-25,2026-09-22T11:00:00+0200
Eurostat,unemployment_rate,IE,2021-09-30,2021-11-14,M,percent_of_labour_force,5.2,2021-09,2026-09-25,https://ec.europa.eu/eurostat/api/dissemination/statistics/1.0/data/une_rt_m,replay_fixture,,estimated_publication_lag,2026-09-25,2026-09-22T11:00:00+0200
Eurostat,unemployment_rate,IE,2021-10-31,2021-12-15,M,percent_of_labour_force,5.3,2021-10,2026-09-25,https://ec.europa.eu/eurostat/api/dissemination/statistics/1.0/data/une_rt_m,replay_fixture,,estimated_publication_lag,2026-09-25,2026-09-22T11:00:00+0200
Eurostat,unemployment_rate,IE,2021-11-30,2022-01-14,M,percent_of_labour_force,5.3,2021-11,2026-09-25,https://ec.europa.eu/eurostat/api/dissemination/statistics/1.0/data/une_rt_m,replay_fixture,,estimated_publication_lag,2026-09-25,2026-09-22T11:00:00+0200
Eurostat,unemployment_rate,IE,2021-12-31,2022-02-14,M,percent_of_labour_force,5.1,2021-12,2026-09-25,https://ec.europa.eu/eurostat/api/dissemination/statistics/1.0/data/une_rt_m,replay_fixture,,estimated_publication_lag,2026-09-25,2026-09-22T11:00:00+0200
Eurostat,unemployment_rate,IE,2022-01-31,2022-03-17,M,percent_of_labour_force,5.0,2022-01,2026-09-25,https://ec.europa.eu/eurostat/api/dissemination/statistics/1.0/data/une_rt_m,replay_fixture,,estimated_publication_lag,2026-09-25,2026-09-22T11:00:00+0200
Eurostat,unemployment_rate,IE,2022-02-28,2022-04-14,M,percent_of_labour_force,4.8,2022-02,2026-09-25,https://ec.europa.eu/eurostat/api/dissemination/statistics/1.0/data/une_rt_m,replay_fixture,,estimated_publication_lag,2026-09-25,2026-09-22T11:00:00+0200
Eurostat,unemployment_rate,IE,2022-03-31,2022-05-15,M,percent_of_labour_force,4.9,2022-03,2026-09-25,https://ec.europa.eu/eurostat/api/dissemination/statistics/1.0/data/une_rt_m,replay_fixture,,estimated_publication_lag,2026-09-25,2026-09-22T11:00:00+0200
Eurostat,unemployment_rate,IE,2022-04-30,2022-06-14,M,percent_of_labour_force,4.5,2022-04,2026-09-25,https://ec.europa.eu/eurostat/api/dissemination/statistics/1.0/data/une_rt_m,replay_fixture,,estimated_publication_lag,2026-09-25,2026-09-22T11:00:00+0200
Eurostat,unemployment_rate,IE,2022-05-31,2022-07-15,M,percent_of_labour_force,4.2,2022-05,2026-09-25,https://ec.europa.eu/eurostat/api/dissemination/statistics/1.0/data/une_rt_m,replay_fixture,,estimated_publication_lag,2026-09-25,2026-09-22T11:00:00+0200
Eurostat,unemployment_rate,IE,2022-06-30,2022-08-14,M,percent_of_labour_force,4.1,2022-06,2026-09-25,https://ec.europa.eu/eurostat/api/dissemination/statistics/1.0/data/une_rt_m,replay_fixture,,estimated_publication_lag,2026-09-25,2026-09-22T11:00:00+0200
Eurostat,unemployment_rate,IE,2022-07-31,2022-09-14,M,percent_of_labour_force,4.1,2022-07,2026-09-25,https://ec.europa.eu/eurostat/api/dissemination/statistics/1.0/data/une_rt_m,replay_fixture,,estimated_publication_lag,2026-09-25,2026-09-22T11:00:00+0200
Eurostat,unemployment_rate,IE,2022-08-31,2022-10-15,M,percent_of_labour_force,4.3,2022-08,2026-09-25,https://ec.europa.eu/eurostat/api/dissemination/statistics/1.0/data/une_rt_m,replay_fixture,,estimated_publication_lag,2026-09-25,2026-09-22T11:00:00+0200
Eurostat,unemployment_rate,IE,2022-09-30,2022-11-14,M,percent_of_labour_force,4.3,2022-09,2026-09-25,https://ec.europa.eu/eurostat/api/dissemination/statistics/1.0/data/une_rt_m,replay_fixture,,estimated_publication_lag,2026-09-25,2026-09-22T11:00:00+0200
Eurostat,unemployment_rate,IE,2022-10-31,2022-12-15,M,percent_of_labour_force,4.5,2022-10,2026-09-25,https://ec.europa.eu/eurostat/api/dissemination/statistics/1.0/data/une_rt_m,replay_fixture,,estimated_publication_lag,2026-09-25,2026-09-22T11:00:00+0200
Eurostat,unemployment_rate,IE,2022-11-30,2023-01-14,M,percent_of_labour_force,4.5,2022-11,2026-09-25,https://ec.europa.eu/eurostat/api/dissemination/statistics/1.0/data/une_rt_m,replay_fixture,,estimated_publication_lag,2026-09-25,2026-09-22T11:00:00+0200
Eurostat,unemployment_rate,IE,2022-12-31,2023-02-14,M,percent_of_labour_force,4.4,2022-12,2026-09-25,https://ec.europa.eu/eurostat/api/dissemination/statistics/1.0/data/une_rt_m,replay_fixture,,estimated_publication_lag,2026-09-25,2026-09-22T11:00:00+0200
Eurostat,unemployment_rate,IE,2023-01-31,2023-03-17,M,percent_of_labour_force,4.3,2023-01,2026-09-25,https://ec.europa.eu/eurostat/api/dissemination/statistics/1.0/data/une_rt_m,replay_fixture,,estimated_publication_lag,2026-09-25,2026-09-22T11:00:00+0200
Eurostat,unemployment_rate,IE,2023-02-28,2023-04-14,M,percent_of_labour_force,4.3,2023-02,2026-09-25,https://ec.europa.eu/eurostat/api/dissemination/statistics/1.0/data/une_rt_m,replay_fixture,,estimated_publication_lag,2026-09-25,2026-09-22T11:00:00+0200
Eurostat,unemployment_rate,IE,2023-03-31,2023-05-15,M,percent_of_labour_force,4.1,2023-03,2026-09-25,https://ec.europa.eu/eurostat/api/dissemination/statistics/1.0/data/une_rt_m,replay_fixture,,estimated_publication_lag,2026-09-25,2026-09-22T11:00:00+0200
Eurostat,unemployment_rate,IE,2023-04-30,2023-06-14,M,percent_of_labour_force,4.1,2023-04,2026-09-25,https://ec.europa.eu/eurostat/api/dissemination/statistics/1.0/data/une_rt_m,replay_fixture,,estimated_publication_lag,2026-09-25,2026-09-22T11:00:00+0200
Eurostat,unemployment_rate,IE,2023-05-31,2023-07-15,M,percent_of_labour_force,4.2,2023-05,2026-09-25,https://ec.europa.eu/eurostat/api/dissemination/statistics/1.0/data/une_rt_m,replay_fixture,,estimated_publication_lag,2026-09-25,2026-09-22T11:00:00+0200
Eurostat,unemployment_rate,IE,2023-06-30,2023-08-14,M,percent_of_labour_force,4.3,2023-06,2026-09-25,https://ec.europa.eu/eurostat/api/dissemination/statistics/1.0/data/une_rt_m,replay_fixture,,estimated_publication_lag,2026-09-25,2026-09-22T11:00:00+0200
Eurostat,unemployment_rate,IE,2023-07-31,2023-09-14,M,percent_of_labour_force,4.3,2023-07,2026-09-25,https://ec.europa.eu/eurostat/api/dissemination/statistics/1.0/data/une_rt_m,replay_fixture,,estimated_publication_lag,2026-09-25,2026-09-22T11:00:00+0200
Eurostat,unemployment_rate,IE,2023-08-31,2023-10-15,M,percent_of_labour_force,4.4,2023-08,2026-09-25,https://ec.europa.eu/eurostat/api/dissemination/statistics/1.0/data/une_rt_m,replay_fixture,,estimated_publication_lag,2026-09-25,2026-09-22T11:00:00+0200
Eurostat,unemployment_rate,IE,2023-09-30,2023-11-14,M,percent_of_labour_force,4.6,2023-09,2026-09-25,https://ec.europa.eu/eurostat/api/dissemination/statistics/1.0/data/une_rt_m,replay_fixture,,estimated_publication_lag,2026-09-25,2026-09-22T11:00:00+0200
Eurostat,unemployment_rate,IE,2023-10-31,2023-12-15,M,percent_of_labour_force,4.6,2023-10,2026-09-25,https://ec.europa.eu/eurostat/api/dissemination/statistics/1.0/data/une_rt_m,replay_fixture,,estimated_publication_lag,2026-09-25,2026-09-22T11:00:00+0200
Eurostat,unemployment_rate,IE,2023-11-30,2024-01-14,M,percent_of_labour_force,4.5,2023-11,2026-09-25,https://ec.europa.eu/eurostat/api/dissemination/statistics/1.0/data/une_rt_m,replay_fixture,,estimated_publication_lag,2026-09-25,2026-09-22T11:00:00+0200
Eurostat,unemployment_rate,IE,2023-12-31,2024-02-14,M,percent_of_labour_force,4.5,2023-12,2026-09-25,https://ec.europa.eu/eurostat/api/dissemination/statistics/1.0/data/une_rt_m,replay_fixture,,estimated_publication_lag,2026-09-25,2026-09-22T11:00:00+0200
Eurostat,unemployment_rate,IE,2024-01-31,2024-03-16,M,percent_of_labour_force,4.4,2024-01,2026-09-25,https://ec.europa.eu/eurostat/api/dissemination/statistics/1.0/data/une_rt_m,replay_fixture,,estimated_publication_lag,2026-09-25,2026-09-22T11:00:00+0200
Eurostat,unemployment_rate,IE,2024-02-29,2024-04-14,M,percent_of_labour_force,4.2,2024-02,2026-09-25,https://ec.europa.eu/eurostat/api/dissemination/statistics/1.0/data/une_rt_m,replay_fixture,,estimated_publication_lag,2026-09-25,2026-09-22T11:00:00+0200
Eurostat,unemployment_rate,IE,2024-03-31,2024-05-15,M,percent_of_labour_force,4.2,2024-03,2026-09-25,https://ec.europa.eu/eurostat/api/dissemination/statistics/1.0/data/une_rt_m,replay_fixture,,estimated_publication_lag,2026-09-25,2026-09-22T11:00:00+0200
Eurostat,unemployment_rate,IE,2024-04-30,2024-06-14,M,percent_of_labour_force,4.4,2024-04,2026-09-25,https://ec.europa.eu/eurostat/api/dissemination/statistics/1.0/data/une_rt_m,replay_fixture,,estimated_publication_lag,2026-09-25,2026-09-22T11:00:00+0200
Eurostat,unemployment_rate,IE,2024-05-31,2024-07-15,M,percent_of_labour_force,4.4,2024-05,2026-09-25,https://ec.europa.eu/eurostat/api/dissemination/statistics/1.0/data/une_rt_m,replay_fixture,,estimated_publication_lag,2026-09-25,2026-09-22T11:00:00+0200
Eurostat,unemployment_rate,IE,2024-06-30,2024-08-14,M,percent_of_labour_force,4.4,2024-06,2026-09-25,https://ec.europa.eu/eurostat/api/dissemination/statistics/1.0/data/une_rt_m,replay_fixture,,estimated_publication_lag,2026-09-25,2026-09-22T11:00:00+0200
Eurostat,unemployment_rate,IE,2024-07-31,2024-09-14,M,percent_of_labour_force,4.4,2024-07,2026-09-25,https://ec.europa.eu/eurostat/api/dissemination/statistics/1.0/data/une_rt_m,replay_fixture,,estimated_publication_lag,2026-09-25,2026-09-22T11:00:00+0200
Eurostat,unemployment_rate,IE,2024-08-31,2024-10-15,M,percent_of_labour_force,4.1,2024-08,2026-09-25,https://ec.europa.eu/eurostat/api/dissemination/statistics/1.0/data/une_rt_m,replay_fixture,,estimated_publication_lag,2026-09-25,2026-09-22T11:00:00+0200
Eurostat,unemployment_rate,IE,2024-09-30,2024-11-14,M,percent_of_labour_force,4.1,2024-09,2026-09-25,https://ec.europa.eu/eurostat/api/dissemination/statistics/1.0/data/une_rt_m,replay_fixture,,estimated_publication_lag,2026-09-25,2026-09-22T11:00:00+0200
Eurostat,unemployment_rate,IE,2024-10-31,2024-12-15,M,percent_of_labour_force,4.3,2024-10,2026-09-25,https://ec.europa.eu/eurostat/api/dissemination/statistics/1.0/data/une_rt_m,replay_fixture,,estimated_publication_lag,2026-09-25,2026-09-22T11:00:00+0200
Eurostat,unemployment_rate,IE,2024-11-30,2025-01-14,M,percent_of_labour_force,4.3,2024-11,2026-09-25,https://ec.europa.eu/eurostat/api/dissemination/statistics/1.0/data/une_rt_m,replay_fixture,,estimated_publication_lag,2026-09-25,2026-09-22T11:00:00+0200
Eurostat,unemployment_rate,IE,2024-12-31,2025-02-14,M,percent_of_labour_force,4.5,2024-12,2026-09-25,https://ec.europa.eu/eurostat/api/dissemination/statistics/1.0/data/une_rt_m,replay_fixture,,estimated_publication_lag,2026-09-25,2026-09-22T11:00:00+0200
Eurostat,unemployment_rate,IE,2025-01-31,2025-03-17,M,percent_of_labour_force,4.4,2025-01,2026-09-25,https://ec.europa.eu/eurostat/api/dissemination/statistics/1.0/data/une_rt_m,replay_fixture,,estimated_publication_lag,2026-09-25,2026-09-22T11:00:00+0200
Eurostat,unemployment_rate,IE,2025-02-28,2025-04-14,M,percent_of_labour_force,4.4,2025-02,2026-09-25,https://ec.europa.eu/eurostat/api/dissemination/statistics/1.0/data/une_rt_m,replay_fixture,,estimated_publication_lag,2026-09-25,2026-09-22T11:00:00+0200
Eurostat,unemployment_rate,IE,2025-03-31,2025-05-15,M,percent_of_labour_force,4.5,2025-03,2026-09-25,https://ec.europa.eu/eurostat/api/dissemination/statistics/1.0/data/une_rt_m,replay_fixture,,estimated_publication_lag,2026-09-25,2026-09-22T11:00:00+0200
Eurostat,unemployment_rate,IE,2025-04-30,2025-06-14,M,percent_of_labour_force,4.6,2025-04,2026-09-25,https://ec.europa.eu/eurostat/api/dissemination/statistics/1.0/data/une_rt_m,replay_fixture,,estimated_publication_lag,2026-09-25,2026-09-22T11:00:00+0200
Eurostat,unemployment_rate,IE,2025-05-31,2025-07-15,M,percent_of_labour_force,4.6,2025-05,2026-09-25,https://ec.europa.eu/eurostat/api/dissemination/statistics/1.0/data/une_rt_m,replay_fixture,,estimated_publication_lag,2026-09-25,2026-09-22T11:00:00+0200
Eurostat,unemployment_rate,IE,2025-06-30,2025-08-14,M,percent_of_labour_force,4.6,2025-06,2026-09-25,https://ec.europa.eu/eurostat/api/dissemination/statistics/1.0/data/une_rt_m,replay_fixture,,estimated_publication_lag,2026-09-25,2026-09-22T11:00:00+0200
Eurostat,unemployment_rate,IE,2025-07-31,2025-09-14,M,percent_of_labour_force,5.0,2025-07,2026-09-25,https://ec.europa.eu/eurostat/api/dissemination/statistics/1.0/data/une_rt_m,replay_fixture,,estimated_publication_lag,2026-09-25,2026-09-22T11:00:00+0200
Eurostat,unemployment_rate,IE,2025-08-31,2025-10-15,M,percent_of_labour_force,4.9,2025-08,2026-09-25,https://ec.europa.eu/eurostat/api/dissemination/statistics/1.0/data/une_rt_m,replay_fixture,,estimated_publication_lag,2026-09-25,2026-09-22T11:00:00+0200
Eurostat,unemployment_rate,IE,2025-09-30,2025-11-14,M,percent_of_labour_force,4.9,2025-09,2026-09-25,https://ec.europa.eu/eurostat/api/dissemination/statistics/1.0/data/une_rt_m,replay_fixture,,estimated_publication_lag,2026-09-25,2026-09-22T11:00:00+0200
Eurostat,unemployment_rate,IE,2025-10-31,2025-12-15,M,percent_of_labour_force,4.7,2025-10,2026-09-25,https://ec.europa.eu/eurostat/api/dissemination/statistics/1.0/data/une_rt_m,replay_fixture,,estimated_publication_lag,2026-09-25,2026-09-22T11:00:00+0200
Eurostat,unemployment_rate,IE,2025-11-30,2026-01-14,M,percent_of_labour_force,4.6,2025-11,2026-09-25,https://ec.europa.eu/eurostat/api/dissemination/statistics/1.0/data/une_rt_m,replay_fixture,,estimated_publication_lag,2026-09-25,2026-09-22T11:00:00+0200
Eurostat,unemployment_rate,IE,2025-12-31,2026-02-14,M,percent_of_labour_force,4.8,2025-12,2026-09-25,https://ec.europa.eu/eurostat/api/dissemination/statistics/1.0/data/une_rt_m,replay_fixture,,estimated_publication_lag,2026-09-25,2026-09-22T11:00:00+0200
Eurostat,unemployment_rate,IT,2021-01-31,2021-03-17,M,percent_of_labour_force,10.1,2021-01,2026-09-25,https://ec.europa.eu/eurostat/api/dissemination/statistics/1.0/data/une_rt_m,replay_fixture,,estimated_publication_lag,2026-09-25,2026-09-22T11:00:00+0200
Eurostat,unemployment_rate,IT,2021-02-28,2021-04-14,M,percent_of_labour_force,10.2,2021-02,2026-09-25,https://ec.europa.eu/eurostat/api/dissemination/statistics/1.0/data/une_rt_m,replay_fixture,,estimated_publication_lag,2026-09-25,2026-09-22T11:00:00+0200
Eurostat,unemployment_rate,IT,2021-03-31,2021-05-15,M,percent_of_labour_force,10.1,2021-03,2026-09-25,https://ec.europa.eu/eurostat/api/dissemination/statistics/1.0/data/une_rt_m,replay_fixture,,estimated_publication_lag,2026-09-25,2026-09-22T11:00:00+0200
Eurostat,unemployment_rate,IT,2021-04-30,2021-06-14,M,percent_of_labour_force,10.3,2021-04,2026-09-25,https://ec.europa.eu/eurostat/api/dissemination/statistics/1.0/data/une_rt_m,replay_fixture,,estimated_publication_lag,2026-09-25,2026-09-22T11:00:00+0200
Eurostat,unemployment_rate,IT,2021-05-31,2021-07-15,M,percent_of_labour_force,9.9,2021-05,2026-09-25,https://ec.europa.eu/eurostat/api/dissemination/statistics/1.0/data/une_rt_m,replay_fixture,,estimated_publication_lag,2026-09-25,2026-09-22T11:00:00+0200
Eurostat,unemployment_rate,IT,2021-06-30,2021-08-14,M,percent_of_labour_force,9.5,2021-06,2026-09-25,https://ec.europa.eu/eurostat/api/dissemination/statistics/1.0/data/une_rt_m,replay_fixture,,estimated_publication_lag,2026-09-25,2026-09-22T11:00:00+0200
Eurostat,unemployment_rate,IT,2021-07-31,2021-09-14,M,percent_of_labour_force,9.1,2021-07,2026-09-25,https://ec.europa.eu/eurostat/api/dissemination/statistics/1.0/data/une_rt_m,replay_fixture,,estimated_publication_lag,2026-09-25,2026-09-22T11:00:00+0200
Eurostat,unemployment_rate,IT,2021-08-31,2021-10-15,M,percent_of_labour_force,9.1,2021-08,2026-09-25,https://ec.europa.eu/eurostat/api/dissemination/statistics/1.0/data/une_rt_m,replay_fixture,,estimated_publication_lag,2026-09-25,2026-09-22T11:00:00+0200
Eurostat,unemployment_rate,IT,2021-09-30,2021-11-14,M,percent_of_labour_force,9.1,2021-09,2026-09-25,https://ec.europa.eu/eurostat/api/dissemination/statistics/1.0/data/une_rt_m,replay_fixture,,estimated_publication_lag,2026-09-25,2026-09-22T11:00:00+0200
Eurostat,unemployment_rate,IT,2021-10-31,2021-12-15,M,percent_of_labour_force,9.1,2021-10,2026-09-25,https://ec.europa.eu/eurostat/api/dissemination/statistics/1.0/data/une_rt_m,replay_fixture,,estimated_publication_lag,2026-09-25,2026-09-22T11:00:00+0200
Eurostat,unemployment_rate,IT,2021-11-30,2022-01-14,M,percent_of_labour_force,9.1,2021-11,2026-09-25,https://ec.europa.eu/eurostat/api/dissemination/statistics/1.0/data/une_rt_m,replay_fixture,,estimated_publication_lag,2026-09-25,2026-09-22T11:00:00+0200
Eurostat,unemployment_rate,IT,2021-12-31,2022-02-14,M,percent_of_labour_force,8.9,2021-12,2026-09-25,https://ec.europa.eu/eurostat/api/dissemination/statistics/1.0/data/une_rt_m,replay_fixture,,estimated_publication_lag,2026-09-25,2026-09-22T11:00:00+0200
Eurostat,unemployment_rate,IT,2022-01-31,2022-03-17,M,percent_of_labour_force,8.5,2022-01,2026-09-25,https://ec.europa.eu/eurostat/api/dissemination/statistics/1.0/data/une_rt_m,replay_fixture,,estimated_publication_lag,2026-09-25,2026-09-22T11:00:00+0200
Eurostat,unemployment_rate,IT,2022-02-28,2022-04-14,M,percent_of_labour_force,8.3,2022-02,2026-09-25,https://ec.europa.eu/eurostat/api/dissemination/statistics/1.0/data/une_rt_m,replay_fixture,,estimated_publication_lag,2026-09-25,2026-09-22T11:00:00+0200
Eurostat,unemployment_rate,IT,2022-03-31,2022-05-15,M,percent_of_labour_force,8.3,2022-03,2026-09-25,https://ec.europa.eu/eurostat/api/dissemination/statistics/1.0/data/une_rt_m,replay_fixture,,estimated_publication_lag,2026-09-25,2026-09-22T11:00:00+0200
Eurostat,unemployment_rate,IT,2022-04-30,2022-06-14,M,percent_of_labour_force,8.1,2022-04,2026-09-25,https://ec.europa.eu/eurostat/api/dissemination/statistics/1.0/data/une_rt_m,replay_fixture,,estimated_publication_lag,2026-09-25,2026-09-22T11:00:00+0200
Eurostat,unemployment_rate,IT,2022-05-31,2022-07-15,M,percent_of_labour_force,8.1,2022-05,2026-09-25,https://ec.europa.eu/eurostat/api/dissemination/statistics/1.0/data/une_rt_m,replay_fixture,,estimated_publication_lag,2026-09-25,2026-09-22T11:00:00+0200
Eurostat,unemployment_rate,IT,2022-06-30,2022-08-14,M,percent_of_labour_force,8.2,2022-06,2026-09-25,https://ec.europa.eu/eurostat/api/dissemination/statistics/1.0/data/une_rt_m,replay_fixture,,estimated_publication_lag,2026-09-25,2026-09-22T11:00:00+0200
Eurostat,unemployment_rate,IT,2022-07-31,2022-09-14,M,percent_of_labour_force,8.0,2022-07,2026-09-25,https://ec.europa.eu/eurostat/api/dissemination/statistics/1.0/data/une_rt_m,replay_fixture,,estimated_publication_lag,2026-09-25,2026-09-22T11:00:00+0200
Eurostat,unemployment_rate,IT,2022-08-31,2022-10-15,M,percent_of_labour_force,8.1,2022-08,2026-09-25,https://ec.europa.eu/eurostat/api/dissemination/statistics/1.0/data/une_rt_m,replay_fixture,,estimated_publication_lag,2026-09-25,2026-09-22T11:00:00+0200
Eurostat,unemployment_rate,IT,2022-09-30,2022-11-14,M,percent_of_labour_force,8.0,2022-09,2026-09-25,https://ec.europa.eu/eurostat/api/dissemination/statistics/1.0/data/une_rt_m,replay_fixture,,estimated_publication_lag,2026-09-25,2026-09-22T11:00:00+0200
Eurostat,unemployment_rate,IT,2022-10-31,2022-12-15,M,percent_of_labour_force,7.8,2022-10,2026-09-25,https://ec.europa.eu/eurostat/api/dissemination/statistics/1.0/data/une_rt_m,replay_fixture,,estimated_publication_lag,2026-09-25,2026-09-22T11:00:00+0200
Eurostat,unemployment_rate,IT,2022-11-30,2023-01-14,M,percent_of_labour_force,7.8,2022-11,2026-09-25,https://ec.europa.eu/eurostat/api/dissemination/statistics/1.0/data/une_rt_m,replay_fixture,,estimated_publication_lag,2026-09-25,2026-09-22T11:00:00+0200
Eurostat,unemployment_rate,IT,2022-12-31,2023-02-14,M,percent_of_labour_force,7.9,2022-12,2026-09-25,https://ec.europa.eu/eurostat/api/dissemination/statistics/1.0/data/une_rt_m,replay_fixture,,estimated_publication_lag,2026-09-25,2026-09-22T11:00:00+0200
Eurostat,unemployment_rate,IT,2023-01-31,2023-03-17,M,percent_of_labour_force,7.9,2023-01,2026-09-25,https://ec.europa.eu/eurostat/api/dissemination/statistics/1.0/data/une_rt_m,replay_fixture,,estimated_publication_lag,2026-09-25,2026-09-22T11:00:00+0200
Eurostat,unemployment_rate,IT,2023-02-28,2023-04-14,M,percent_of_labour_force,7.8,2023-02,2026-09-25,https://ec.europa.eu/eurostat/api/dissemination/statistics/1.0/data/une_rt_m,replay_fixture,,estimated_publication_lag,2026-09-25,2026-09-22T11:00:00+0200
Eurostat,unemployment_rate,IT,2023-03-31,2023-05-15,M,percent_of_labour_force,7.9,2023-03,2026-09-25,https://ec.europa.eu/eurostat/api/dissemination/statistics/1.0/data/une_rt_m,replay_fixture,,estimated_publication_lag,2026-09-25,2026-09-22T11:00:00+0200
Eurostat,unemployment_rate,IT,2023-04-30,2023-06-14,M,percent_of_labour_force,7.9,2023-04,2026-09-25,https://ec.europa.eu/eurostat/api/dissemination/statistics/1.0/data/une_rt_m,replay_fixture,,estimated_publication_lag,2026-09-25,2026-09-22T11:00:00+0200
Eurostat,unemployment_rate,IT,2023-05-31,2023-07-15,M,percent_of_labour_force,7.8,2023-05,2026-09-25,https://ec.europa.eu/eurostat/api/dissemination/statistics/1.0/data/une_rt_m,replay_fixture,,estimated_publication_lag,2026-09-25,2026-09-22T11:00:00+0200
Eurostat,unemployment_rate,IT,2023-06-30,2023-08-14,M,percent_of_labour_force,7.5,2023-06,2026-09-25,https://ec.europa.eu/eurostat/api/dissemination/statistics/1.0/data/une_rt_m,replay_fixture,,estimated_publication_lag,2026-09-25,2026-09-22T11:00:00+0200
Eurostat,unemployment_rate,IT,2023-07-31,2023-09-14,M,percent_of_labour_force,7.8,2023-07,2026-09-25,https://ec.europa.eu/eurostat/api/dissemination/statistics/1.0/data/une_rt_m,replay_fixture,,estimated_publication_lag,2026-09-25,2026-09-22T11:00:00+0200
Eurostat,unemployment_rate,IT,2023-08-31,2023-10-15,M,percent_of_labour_force,7.6,2023-08,2026-09-25,https://ec.europa.eu/eurostat/api/dissemination/statistics/1.0/data/une_rt_m,replay_fixture,,estimated_publication_lag,2026-09-25,2026-09-22T11:00:00+0200
Eurostat,unemployment_rate,IT,2023-09-30,2023-11-14,M,percent_of_labour_force,7.7,2023-09,2026-09-25,https://ec.europa.eu/eurostat/api/dissemination/statistics/1.0/data/une_rt_m,replay_fixture,,estimated_publication_lag,2026-09-25,2026-09-22T11:00:00+0200
Eurostat,unemployment_rate,IT,2023-10-31,2023-12-15,M,percent_of_labour_force,7.7,2023-10,2026-09-25,https://ec.europa.eu/eurostat/api/dissemination/statistics/1.0/data/une_rt_m,replay_fixture,,estimated_publication_lag,2026-09-25,2026-09-22T11:00:00+0200
Eurostat,unemployment_rate,IT,2023-11-30,2024-01-14,M,percent_of_labour_force,7.5,2023-11,2026-09-25,https://ec.europa.eu/eurostat/api/dissemination/statistics/1.0/data/une_rt_m,replay_fixture,,estimated_publication_lag,2026-09-25,2026-09-22T11:00:00+0200
Eurostat,unemployment_rate,IT,2023-12-31,2024-02-14,M,percent_of_labour_force,7.1,2023-12,2026-09-25,https://ec.europa.eu/eurostat/api/dissemination/statistics/1.0/data/une_rt_m,replay_fixture,,estimated_publication_lag,2026-09-25,2026-09-22T11:00:00+0200
Eurostat,unemployment_rate,IT,2024-01-31,2024-03-16,M,percent_of_labour_force,7.1,2024-01,2026-09-25,https://ec.europa.eu/eurostat/api/dissemination/statistics/1.0/data/une_rt_m,replay_fixture,,estimated_publication_lag,2026-09-25,2026-09-22T11:00:00+0200
Eurostat,unemployment_rate,IT,2024-02-29,2024-04-14,M,percent_of_labour_force,7.3,2024-02,2026-09-25,https://ec.europa.eu/eurostat/api/dissemination/statistics/1.0/data/une_rt_m,replay_fixture,,estimated_publication_lag,2026-09-25,2026-09-22T11:00:00+0200
Eurostat,unemployment_rate,IT,2024-03-31,2024-05-15,M,percent_of_labour_force,6.9,2024-03,2026-09-25,https://ec.europa.eu/eurostat/api/dissemination/statistics/1.0/data/une_rt_m,replay_fixture,,estimated_publication_lag,2026-09-25,2026-09-22T11:00:00+0200
Eurostat,unemployment_rate,IT,2024-04-30,2024-06-14,M,percent_of_labour_force,6.8,2024-04,2026-09-25,https://ec.europa.eu/eurostat/api/dissemination/statistics/1.0/data/une_rt_m,replay_fixture,,estimated_publication_lag,2026-09-25,2026-09-22T11:00:00+0200
Eurostat,unemployment_rate,IT,2024-05-31,2024-07-15,M,percent_of_labour_force,6.5,2024-05,2026-09-25,https://ec.europa.eu/eurostat/api/dissemination/statistics/1.0/data/une_rt_m,replay_fixture,,estimated_publication_lag,2026-09-25,2026-09-22T11:00:00+0200
Eurostat,unemployment_rate,IT,2024-06-30,2024-08-14,M,percent_of_labour_force,6.7,2024-06,2026-09-25,https://ec.europa.eu/eurostat/api/dissemination/statistics/1.0/data/une_rt_m,replay_fixture,,estimated_publication_lag,2026-09-25,2026-09-22T11:00:00+0200
Eurostat,unemployment_rate,IT,2024-07-31,2024-09-14,M,percent_of_labour_force,6.4,2024-07,2026-09-25,https://ec.europa.eu/eurostat/api/dissemination/statistics/1.0/data/une_rt_m,replay_fixture,,estimated_publication_lag,2026-09-25,2026-09-22T11:00:00+0200
Eurostat,unemployment_rate,IT,2024-08-31,2024-10-15,M,percent_of_labour_force,6.4,2024-08,2026-09-25,https://ec.europa.eu/eurostat/api/dissemination/statistics/1.0/data/une_rt_m,replay_fixture,,estimated_publication_lag,2026-09-25,2026-09-22T11:00:00+0200
Eurostat,unemployment_rate,IT,2024-09-30,2024-11-14,M,percent_of_labour_force,6.1,2024-09,2026-09-25,https://ec.europa.eu/eurostat/api/dissemination/statistics/1.0/data/une_rt_m,replay_fixture,,estimated_publication_lag,2026-09-25,2026-09-22T11:00:00+0200
Eurostat,unemployment_rate,IT,2024-10-31,2024-12-15,M,percent_of_labour_force,6.1,2024-10,2026-09-25,https://ec.europa.eu/eurostat/api/dissemination/statistics/1.0/data/une_rt_m,replay_fixture,,estimated_publication_lag,2026-09-25,2026-09-22T11:00:00+0200
Eurostat,unemployment_rate,IT,2024-11-30,2025-01-14,M,percent_of_labour_force,6.2,2024-11,2026-09-25,https://ec.europa.eu/eurostat/api/dissemination/statistics/1.0/data/une_rt_m,replay_fixture,,estimated_publication_lag,2026-09-25,2026-09-22T11:00:00+0200
Eurostat,unemployment_rate,IT,2024-12-31,2025-02-14,M,percent_of_labour_force,6.4,2024-12,2026-09-25,https://ec.europa.eu/eurostat/api/dissemination/statistics/1.0/data/une_rt_m,replay_fixture,,estimated_publication_lag,2026-09-25,2026-09-22T11:00:00+0200
Eurostat,unemployment_rate,IT,2025-01-31,2025-03-17,M,percent_of_labour_force,6.5,2025-01,2026-09-25,https://ec.europa.eu/eurostat/api/dissemination/statistics/1.0/data/une_rt_m,replay_fixture,,estimated_publication_lag,2026-09-25,2026-09-22T11:00:00+0200
Eurostat,unemployment_rate,IT,2025-02-28,2025-04-14,M,percent_of_labour_force,6.1,2025-02,2026-09-25,https://ec.europa.eu/eurostat/api/dissemination/statistics/1.0/data/une_rt_m,replay_fixture,,estimated_publication_lag,2026-09-25,2026-09-22T11:00:00+0200
Eurostat,unemployment_rate,IT,2025-03-31,2025-05-15,M,percent_of_labour_force,6.3,2025-03,2026-09-25,https://ec.europa.eu/eurostat/api/dissemination/statistics/1.0/data/une_rt_m,replay_fixture,,estimated_publication_lag,2026-09-25,2026-09-22T11:00:00+0200
Eurostat,unemployment_rate,IT,2025-04-30,2025-06-14,M,percent_of_labour_force,6.2,2025-04,2026-09-25,https://ec.europa.eu/eurostat/api/dissemination/statistics/1.0/data/une_rt_m,replay_fixture,,estimated_publication_lag,2026-09-25,2026-09-22T11:00:00+0200
Eurostat,unemployment_rate,IT,2025-05-31,2025-07-15,M,percent_of_labour_force,6.4,2025-05,2026-09-25,https://ec.europa.eu/eurostat/api/dissemination/statistics/1.0/data/une_rt_m,replay_fixture,,estimated_publication_lag,2026-09-25,2026-09-22T11:00:00+0200
Eurostat,unemployment_rate,IT,2025-06-30,2025-08-14,M,percent_of_labour_force,5.9,2025-06,2026-09-25,https://ec.europa.eu/eurostat/api/dissemination/statistics/1.0/data/une_rt_m,replay_fixture,,estimated_publication_lag,2026-09-25,2026-09-22T11:00:00+0200
Eurostat,unemployment_rate,IT,2025-07-31,2025-09-14,M,percent_of_labour_force,5.9,2025-07,2026-09-25,https://ec.europa.eu/eurostat/api/dissemination/statistics/1.0/data/une_rt_m,replay_fixture,,estimated_publication_lag,2026-09-25,2026-09-22T11:00:00+0200
Eurostat,unemployment_rate,IT,2025-08-31,2025-10-15,M,percent_of_labour_force,5.9,2025-08,2026-09-25,https://ec.europa.eu/eurostat/api/dissemination/statistics/1.0/data/une_rt_m,replay_fixture,,estimated_publication_lag,2026-09-25,2026-09-22T11:00:00+0200
Eurostat,unemployment_rate,IT,2025-09-30,2025-11-14,M,percent_of_labour_force,6.0,2025-09,2026-09-25,https://ec.europa.eu/eurostat/api/dissemination/statistics/1.0/data/une_rt_m,replay_fixture,,estimated_publication_lag,2026-09-25,2026-09-22T11:00:00+0200
Eurostat,unemployment_rate,IT,2025-10-31,2025-12-15,M,percent_of_labour_force,5.8,2025-10,2026-09-25,https://ec.europa.eu/eurostat/api/dissemination/statistics/1.0/data/une_rt_m,replay_fixture,,estimated_publication_lag,2026-09-25,2026-09-22T11:00:00+0200
Eurostat,unemployment_rate,IT,2025-11-30,2026-01-14,M,percent_of_labour_force,5.7,2025-11,2026-09-25,https://ec.europa.eu/eurostat/api/dissemination/statistics/1.0/data/une_rt_m,replay_fixture,,estimated_publication_lag,2026-09-25,2026-09-22T11:00:00+0200
Eurostat,unemployment_rate,IT,2025-12-31,2026-02-14,M,percent_of_labour_force,5.7,2025-12,2026-09-25,https://ec.europa.eu/eurostat/api/dissemination/statistics/1.0/data/une_rt_m,replay_fixture,,estimated_publication_lag,2026-09-25,2026-09-22T11:00:00+0200
Eurostat,unemployment_rate,PL,2021-01-31,2021-03-17,M,percent_of_labour_force,3.6,2021-01,2026-09-25,https://ec.europa.eu/eurostat/api/dissemination/statistics/1.0/data/une_rt_m,replay_fixture,,estimated_publication_lag,2026-09-25,2026-09-22T11:00:00+0200
Eurostat,unemployment_rate,PL,2021-02-28,2021-04-14,M,percent_of_labour_force,3.8,2021-02,2026-09-25,https://ec.europa.eu/eurostat/api/dissemination/statistics/1.0/data/une_rt_m,replay_fixture,,estimated_publication_lag,2026-09-25,2026-09-22T11:00:00+0200
Eurostat,unemployment_rate,PL,2021-03-31,2021-05-15,M,percent_of_labour_force,3.9,2021-03,2026-09-25,https://ec.europa.eu/eurostat/api/dissemination/statistics/1.0/data/une_rt_m,replay_fixture,,estimated_publication_lag,2026-09-25,2026-09-22T11:00:00+0200
Eurostat,unemployment_rate,PL,2021-04-30,2021-06-14,M,percent_of_labour_force,3.8,2021-04,2026-09-25,https://ec.europa.eu/eurostat/api/dissemination/statistics/1.0/data/une_rt_m,replay_fixture,,estimated_publication_lag,2026-09-25,2026-09-22T11:00:00+0200
Eurostat,unemployment_rate,PL,2021-05-31,2021-07-15,M,percent_of_labour_force,3.7,2021-05,2026-09-25,https://ec.europa.eu/eurostat/api/dissemination/statistics/1.0/data/une_rt_m,replay_fixture,,estimated_publication_lag,2026-09-25,2026-09-22T11:00:00+0200
Eurostat,unemployment_rate,PL,2021-06-30,2021-08-14,M,percent_of_labour_force,3.5,2021-06,2026-09-25,https://ec.europa.eu/eurostat/api/dissemination/statistics/1.0/data/une_rt_m,replay_fixture,,estimated_publication_lag,2026-09-25,2026-09-22T11:00:00+0200
Eurostat,unemployment_rate,PL,2021-07-31,2021-09-14,M,percent_of_labour_force,3.3,2021-07,2026-09-25,https://ec.europa.eu/eurostat/api/dissemination/statistics/1.0/data/une_rt_m,replay_fixture,,estimated_publication_lag,2026-09-25,2026-09-22T11:00:00+0200
Eurostat,unemployment_rate,PL,2021-08-31,2021-10-15,M,percent_of_labour_force,3.1,2021-08,2026-09-25,https://ec.europa.eu/eurostat/api/dissemination/statistics/1.0/data/une_rt_m,replay_fixture,,estimated_publication_lag,2026-09-25,2026-09-22T11:00:00+0200
Eurostat,unemployment_rate,PL,2021-09-30,2021-11-14,M,percent_of_labour_force,3.0,2021-09,2026-09-25,https://ec.europa.eu/eurostat/api/dissemination/statistics/1.0/data/une_rt_m,replay_fixture,,estimated_publication_lag,2026-09-25,2026-09-22T11:00:00+0200
Eurostat,unemployment_rate,PL,2021-10-31,2021-12-15,M,percent_of_labour_force,3.0,2021-10,2026-09-25,https://ec.europa.eu/eurostat/api/dissemination/statistics/1.0/data/une_rt_m,replay_fixture,,estimated_publication_lag,2026-09-25,2026-09-22T11:00:00+0200
Eurostat,unemployment_rate,PL,2021-11-30,2022-01-14,M,percent_of_labour_force,3.0,2021-11,2026-09-25,https://ec.europa.eu/eurostat/api/dissemination/statistics/1.0/data/une_rt_m,replay_fixture,,estimated_publication_lag,2026-09-25,2026-09-22T11:00:00+0200
Eurostat,unemployment_rate,PL,2021-12-31,2022-02-14,M,percent_of_labour_force,2.9,2021-12,2026-09-25,https://ec.europa.eu/eurostat/api/dissemination/statistics/1.0/data/une_rt_m,replay_fixture,,estimated_publication_lag,2026-09-25,2026-09-22T11:00:00+0200
Eurostat,unemployment_rate,PL,2022-01-31,2022-03-17,M,percent_of_labour_force,2.9,2022-01,2026-09-25,https://ec.europa.eu/eurostat/api/dissemination/statistics/1.0/data/une_rt_m,replay_fixture,,estimated_publication_lag,2026-09-25,2026-09-22T11:00:00+0200
Eurostat,unemployment_rate,PL,2022-02-28,2022-04-14,M,percent_of_labour_force,2.8,2022-02,2026-09-25,https://ec.europa.eu/eurostat/api/dissemination/statistics/1.0/data/une_rt_m,replay_fixture,,estimated_publication_lag,2026-09-25,2026-09-22T11:00:00+0200
Eurostat,unemployment_rate,PL,2022-03-31,2022-05-15,M,percent_of_labour_force,2.8,2022-03,2026-09-25,https://ec.europa.eu/eurostat/api/dissemination/statistics/1.0/data/une_rt_m,replay_fixture,,estimated_publication_lag,2026-09-25,2026-09-22T11:00:00+0200
Eurostat,unemployment_rate,PL,2022-04-30,2022-06-14,M,percent_of_labour_force,2.8,2022-04,2026-09-25,https://ec.europa.eu/eurostat/api/dissemination/statistics/1.0/data/une_rt_m,replay_fixture,,estimated_publication_lag,2026-09-25,2026-09-22T11:00:00+0200
Eurostat,unemployment_rate,PL,2022-05-31,2022-07-15,M,percent_of_labour_force,2.8,2022-05,2026-09-25,https://ec.europa.eu/eurostat/api/dissemination/statistics/1.0/data/une_rt_m,replay_fixture,,estimated_publication_lag,2026-09-25,2026-09-22T11:00:00+0200
Eurostat,unemployment_rate,PL,2022-06-30,2022-08-14,M,percent_of_labour_force,2.8,2022-06,2026-09-25,https://ec.europa.eu/eurostat/api/dissemination/statistics/1.0/data/une_rt_m,replay_fixture,,estimated_publication_lag,2026-09-25,2026-09-22T11:00:00+0200
Eurostat,unemployment_rate,PL,2022-07-31,2022-09-14,M,percent_of_labour_force,2.9,2022-07,2026-09-25,https://ec.europa.eu/eurostat/api/dissemination/statistics/1.0/data/une_rt_m,replay_fixture,,estimated_publication_lag,2026-09-25,2026-09-22T11:00:00+0200
Eurostat,unemployment_rate,PL,2022-08-31,2022-10-15,M,percent_of_labour_force,3.0,2022-08,2026-09-25,https://ec.europa.eu/eurostat/api/dissemination/statistics/1.0/data/une_rt_m,replay_fixture,,estimated_publication_lag,2026-09-25,2026-09-22T11:00:00+0200
Eurostat,unemployment_rate,PL,2022-09-30,2022-11-14,M,percent_of_labour_force,3.0,2022-09,2026-09-25,https://ec.europa.eu/eurostat/api/dissemination/statistics/1.0/data/une_rt_m,replay_fixture,,estimated_publication_lag,2026-09-25,2026-09-22T11:00:00+0200
Eurostat,unemployment_rate,PL,2022-10-31,2022-12-15,M,percent_of_labour_force,3.0,2022-10,2026-09-25,https://ec.europa.eu/eurostat/api/dissemination/statistics/1.0/data/une_rt_m,replay_fixture,,estimated_publication_lag,2026-09-25,2026-09-22T11:00:00+0200
Eurostat,unemployment_rate,PL,2022-11-30,2023-01-14,M,percent_of_labour_force,2.9,2022-11,2026-09-25,https://ec.europa.eu/eurostat/api/dissemination/statistics/1.0/data/une_rt_m,replay_fixture,,estimated_publication_lag,2026-09-25,2026-09-22T11:00:00+0200
Eurostat,unemployment_rate,PL,2022-12-31,2023-02-14,M,percent_of_labour_force,2.8,2022-12,2026-09-25,https://ec.europa.eu/eurostat/api/dissemination/statistics/1.0/data/une_rt_m,replay_fixture,,estimated_publication_lag,2026-09-25,2026-09-22T11:00:00+0200
Eurostat,unemployment_rate,PL,2023-01-31,2023-03-17,M,percent_of_labour_force,2.7,2023-01,2026-09-25,https://ec.europa.eu/eurostat/api/dissemination/statistics/1.0/data/une_rt_m,replay_fixture,,estimated_publication_lag,2026-09-25,2026-09-22T11:00:00+0200
Eurostat,unemployment_rate,PL,2023-02-28,2023-04-14,M,percent_of_labour_force,2.6,2023-02,2026-09-25,https://ec.europa.eu/eurostat/api/dissemination/statistics/1.0/data/une_rt_m,replay_fixture,,estimated_publication_lag,2026-09-25,2026-09-22T11:00:00+0200
Eurostat,unemployment_rate,PL,2023-03-31,2023-05-15,M,percent_of_labour_force,2.7,2023-03,2026-09-25,https://ec.europa.eu/eurostat/api/dissemination/statistics/1.0/data/une_rt_m,replay_fixture,,estimated_publication_lag,2026-09-25,2026-09-22T11:00:00+0200
Eurostat,unemployment_rate,PL,2023-04-30,2023-06-14,M,percent_of_labour_force,2.7,2023-04,2026-09-25,https://ec.europa.eu/eurostat/api/dissemination/statistics/1.0/data/une_rt_m,replay_fixture,,estimated_publication_lag,2026-09-25,2026-09-22T11:00:00+0200
Eurostat,unemployment_rate,PL,2023-05-31,2023-07-15,M,percent_of_labour_force,2.8,2023-05,2026-09-25,https://ec.europa.eu/eurostat/api/dissemination/statistics/1.0/data/une_rt_m,replay_fixture,,estimated_publication_lag,2026-09-25,2026-09-22T11:00:00+0200
Eurostat,unemployment_rate,PL,2023-06-30,2023-08-14,M,percent_of_labour_force,2.8,2023-06,2026-09-25,https://ec.europa.eu/eurostat/api/dissemination/statistics/1.0/data/une_rt_m,replay_fixture,,estimated_publication_lag,2026-09-25,2026-09-22T11:00:00+0200
Eurostat,unemployment_rate,PL,2023-07-31,2023-09-14,M,percent_of_labour_force,2.7,2023-07,2026-09-25,https://ec.europa.eu/eurostat/api/dissemination/statistics/1.0/data/une_rt_m,replay_fixture,,estimated_publication_lag,2026-09-25,2026-09-22T11:00:00+0200
Eurostat,unemployment_rate,PL,2023-08-31,2023-10-15,M,percent_of_labour_force,2.8,2023-08,2026-09-25,https://ec.europa.eu/eurostat/api/dissemination/statistics/1.0/data/une_rt_m,replay_fixture,,estimated_publication_lag,2026-09-25,2026-09-22T11:00:00+0200
Eurostat,unemployment_rate,PL,2023-09-30,2023-11-14,M,percent_of_labour_force,2.9,2023-09,2026-09-25,https://ec.europa.eu/eurostat/api/dissemination/statistics/1.0/data/une_rt_m,replay_fixture,,estimated_publication_lag,2026-09-25,2026-09-22T11:00:00+0200
Eurostat,unemployment_rate,PL,2023-10-31,2023-12-15,M,percent_of_labour_force,3.0,2023-10,2026-09-25,https://ec.europa.eu/eurostat/api/dissemination/statistics/1.0/data/une_rt_m,replay_fixture,,estimated_publication_lag,2026-09-25,2026-09-22T11:00:00+0200
Eurostat,unemployment_rate,PL,2023-11-30,2024-01-14,M,percent_of_labour_force,3.1,2023-11,2026-09-25,https://ec.europa.eu/eurostat/api/dissemination/statistics/1.0/data/une_rt_m,replay_fixture,,estimated_publication_lag,2026-09-25,2026-09-22T11:00:00+0200
Eurostat,unemployment_rate,PL,2023-12-31,2024-02-14,M,percent_of_labour_force,3.1,2023-12,2026-09-25,https://ec.europa.eu/eurostat/api/dissemination/statistics/1.0/data/une_rt_m,replay_fixture,,estimated_publication_lag,2026-09-25,2026-09-22T11:00:00+0200
Eurostat,unemployment_rate,PL,2024-01-31,2024-03-16,M,percent_of_labour_force,3.0,2024-01,2026-09-25,https://ec.europa.eu/eurostat/api/dissemination/statistics/1.0/data/une_rt_m,replay_fixture,,estimated_publication_lag,2026-09-25,2026-09-22T11:00:00+0200
Eurostat,unemployment_rate,PL,2024-02-29,2024-04-14,M,percent_of_labour_force,2.9,2024-02,2026-09-25,https://ec.europa.eu/eurostat/api/dissemination/statistics/1.0/data/une_rt_m,replay_fixture,,estimated_publication_lag,2026-09-25,2026-09-22T11:00:00+0200
Eurostat,unemployment_rate,PL,2024-03-31,2024-05-15,M,percent_of_labour_force,2.8,2024-03,2026-09-25,https://ec.europa.eu/eurostat/api/dissemination/statistics/1.0/data/une_rt_m,replay_fixture,,estimated_publication_lag,2026-09-25,2026-09-22T11:00:00+0200
Eurostat,unemployment_rate,PL,2024-04-30,2024-06-14,M,percent_of_labour_force,2.8,2024-04,2026-09-25,https://ec.europa.eu/eurostat/api/dissemination/statistics/1.0/data/une_rt_m,replay_fixture,,estimated_publication_lag,2026-09-25,2026-09-22T11:00:00+0200
Eurostat,unemployment_rate,PL,2024-05-31,2024-07-15,M,percent_of_labour_force,2.8,2024-05,2026-09-25,https://ec.europa.eu/eurostat/api/dissemination/statistics/1.0/data/une_rt_m,replay_fixture,,estimated_publication_lag,2026-09-25,2026-09-22T11:00:00+0200
Eurostat,unemployment_rate,PL,2024-06-30,2024-08-14,M,percent_of_labour_force,2.9,2024-06,2026-09-25,https://ec.europa.eu/eurostat/api/dissemination/statistics/1.0/data/une_rt_m,replay_fixture,,estimated_publication_lag,2026-09-25,2026-09-22T11:00:00+0200
Eurostat,unemployment_rate,PL,2024-07-31,2024-09-14,M,percent_of_labour_force,3.0,2024-07,2026-09-25,https://ec.europa.eu/eurostat/api/dissemination/statistics/1.0/data/une_rt_m,replay_fixture,,estimated_publication_lag,2026-09-25,2026-09-22T11:00:00+0200
Eurostat,unemployment_rate,PL,2024-08-31,2024-10-15,M,percent_of_labour_force,3.0,2024-08,2026-09-25,https://ec.europa.eu/eurostat/api/dissemination/statistics/1.0/data/une_rt_m,replay_fixture,,estimated_publication_lag,2026-09-25,2026-09-22T11:00:00+0200
Eurostat,unemployment_rate,PL,2024-09-30,2024-11-14,M,percent_of_labour_force,3.0,2024-09,2026-09-25,https://ec.europa.eu/eurostat/api/dissemination/statistics/1.0/data/une_rt_m,replay_fixture,,estimated_publication_lag,2026-09-25,2026-09-22T11:00:00+0200
Eurostat,unemployment_rate,PL,2024-10-31,2024-12-15,M,percent_of_labour_force,2.8,2024-10,2026-09-25,https://ec.europa.eu/eurostat/api/dissemination/statistics/1.0/data/une_rt_m,replay_fixture,,estimated_publication_lag,2026-09-25,2026-09-22T11:00:00+0200
Eurostat,unemployment_rate,PL,2024-11-30,2025-01-14,M,percent_of_labour_force,2.8,2024-11,2026-09-25,https://ec.europa.eu/eurostat/api/dissemination/statistics/1.0/data/une_rt_m,replay_fixture,,estimated_publication_lag,2026-09-25,2026-09-22T11:00:00+0200
Eurostat,unemployment_rate,PL,2024-12-31,2025-02-14,M,percent_of_labour_force,2.9,2024-12,2026-09-25,https://ec.europa.eu/eurostat/api/dissemination/statistics/1.0/data/une_rt_m,replay_fixture,,estimated_publication_lag,2026-09-25,2026-09-22T11:00:00+0200
Eurostat,unemployment_rate,PL,2025-01-31,2025-03-17,M,percent_of_labour_force,3.1,2025-01,2026-09-25,https://ec.europa.eu/eurostat/api/dissemination/statistics/1.0/data/une_rt_m,replay_fixture,,estimated_publication_lag,2026-09-25,2026-09-22T11:00:00+0200
Eurostat,unemployment_rate,PL,2025-02-28,2025-04-14,M,percent_of_labour_force,3.2,2025-02,2026-09-25,https://ec.europa.eu/eurostat/api/dissemination/statistics/1.0/data/une_rt_m,replay_fixture,,estimated_publication_lag,2026-09-25,2026-09-22T11:00:00+0200
Eurostat,unemployment_rate,PL,2025-03-31,2025-05-15,M,percent_of_labour_force,3.2,2025-03,2026-09-25,https://ec.europa.eu/eurostat/api/dissemination/statistics/1.0/data/une_rt_m,replay_fixture,,estimated_publication_lag,2026-09-25,2026-09-22T11:00:00+0200
Eurostat,unemployment_rate,PL,2025-04-30,2025-06-14,M,percent_of_labour_force,3.0,2025-04,2026-09-25,https://ec.europa.eu/eurostat/api/dissemination/statistics/1.0/data/une_rt_m,replay_fixture,,estimated_publication_lag,2026-09-25,2026-09-22T11:00:00+0200
Eurostat,unemployment_rate,PL,2025-05-31,2025-07-15,M,percent_of_labour_force,3.0,2025-05,2026-09-25,https://ec.europa.eu/eurostat/api/dissemination/statistics/1.0/data/une_rt_m,replay_fixture,,estimated_publication_lag,2026-09-25,2026-09-22T11:00:00+0200
Eurostat,unemployment_rate,PL,2025-06-30,2025-08-14,M,percent_of_labour_force,3.0,2025-06,2026-09-25,https://ec.europa.eu/eurostat/api/dissemination/statistics/1.0/data/une_rt_m,replay_fixture,,estimated_publication_lag,2026-09-25,2026-09-22T11:00:00+0200
Eurostat,unemployment_rate,PL,2025-07-31,2025-09-14,M,percent_of_labour_force,3.1,2025-07,2026-09-25,https://ec.europa.eu/eurostat/api/dissemination/statistics/1.0/data/une_rt_m,replay_fixture,,estimated_publication_lag,2026-09-25,2026-09-22T11:00:00+0200
Eurostat,unemployment_rate,PL,2025-08-31,2025-10-15,M,percent_of_labour_force,3.2,2025-08,2026-09-25,https://ec.europa.eu/eurostat/api/dissemination/statistics/1.0/data/une_rt_m,replay_fixture,,estimated_publication_lag,2026-09-25,2026-09-22T11:00:00+0200
Eurostat,unemployment_rate,PL,2025-09-30,2025-11-14,M,percent_of_labour_force,3.2,2025-09,2026-09-25,https://ec.europa.eu/eurostat/api/dissemination/statistics/1.0/data/une_rt_m,replay_fixture,,estimated_publication_lag,2026-09-25,2026-09-22T11:00:00+0200
Eurostat,unemployment_rate,PL,2025-10-31,2025-12-15,M,percent_of_labour_force,3.3,2025-10,2026-09-25,https://ec.europa.eu/eurostat/api/dissemination/statistics/1.0/data/une_rt_m,replay_fixture,,estimated_publication_lag,2026-09-25,2026-09-22T11:00:00+0200
Eurostat,unemployment_rate,PL,2025-11-30,2026-01-14,M,percent_of_labour_force,3.2,2025-11,2026-09-25,https://ec.europa.eu/eurostat/api/dissemination/statistics/1.0/data/une_rt_m,replay_fixture,,estimated_publication_lag,2026-09-25,2026-09-22T11:00:00+0200
Eurostat,unemployment_rate,PL,2025-12-31,2026-02-14,M,percent_of_labour_force,3.1,2025-12,2026-09-25,https://ec.europa.eu/eurostat/api/dissemination/statistics/1.0/data/une_rt_m,replay_fixture,,estimated_publication_lag,2026-09-25,2026-09-22T11:00:00+0200
Eurostat,unemployment_rate,RO,2021-01-31,2021-03-17,M,percent_of_labour_force,6.0,2021-01,2026-09-25,https://ec.europa.eu/eurostat/api/dissemination/statistics/1.0/data/une_rt_m,replay_fixture,,estimated_publication_lag,2026-09-25,2026-09-22T11:00:00+0200
Eurostat,unemployment_rate,RO,2021-02-28,2021-04-14,M,percent_of_labour_force,6.1,2021-02,2026-09-25,https://ec.europa.eu/eurostat/api/dissemination/statistics/1.0/data/une_rt_m,replay_fixture,,estimated_publication_lag,2026-09-25,2026-09-22T11:00:00+0200
Eurostat,unemployment_rate,RO,2021-03-31,2021-05-15,M,percent_of_labour_force,6.0,2021-03,2026-09-25,https://ec.europa.eu/eurostat/api/dissemination/statistics/1.0/data/une_rt_m,replay_fixture,,estimated_publication_lag,2026-09-25,2026-09-22T11:00:00+0200
Eurostat,unemployment_rate,RO,2021-04-30,2021-06-14,M,percent_of_labour_force,5.5,2021-04,2026-09-25,https://ec.europa.eu/eurostat/api/dissemination/statistics/1.0/data/une_rt_m,replay_fixture,,estimated_publication_lag,2026-09-25,2026-09-22T11:00:00+0200
Eurostat,unemployment_rate,RO,2021-05-31,2021-07-15,M,percent_of_labour_force,5.4,2021-05,2026-09-25,https://ec.europa.eu/eurostat/api/dissemination/statistics/1.0/data/une_rt_m,replay_fixture,,estimated_publication_lag,2026-09-25,2026-09-22T11:00:00+0200
Eurostat,unemployment_rate,RO,2021-06-30,2021-08-14,M,percent_of_labour_force,5.2,2021-06,2026-09-25,https://ec.europa.eu/eurostat/api/dissemination/statistics/1.0/data/une_rt_m,replay_fixture,,estimated_publication_lag,2026-09-25,2026-09-22T11:00:00+0200
Eurostat,unemployment_rate,RO,2021-07-31,2021-09-14,M,percent_of_labour_force,5.3,2021-07,2026-09-25,https://ec.europa.eu/eurostat/api/dissemination/statistics/1.0/data/une_rt_m,replay_fixture,,estimated_publication_lag,2026-09-25,2026-09-22T11:00:00+0200
Eurostat,unemployment_rate,RO,2021-08-31,2021-10-15,M,percent_of_labour_force,5.4,2021-08,2026-09-25,https://ec.europa.eu/eurostat/api/dissemination/statistics/1.0/data/une_rt_m,replay_fixture,,estimated_publication_lag,2026-09-25,2026-09-22T11:00:00+0200
Eurostat,unemployment_rate,RO,2021-09-30,2021-11-14,M,percent_of_labour_force,5.4,2021-09,2026-09-25,https://ec.europa.eu/eurostat/api/dissemination/statistics/1.0/data/une_rt_m,replay_fixture,,estimated_publication_lag,2026-09-25,2026-09-22T11:00:00+0200
Eurostat,unemployment_rate,RO,2021-10-31,2021-12-15,M,percent_of_labour_force,5.7,2021-10,2026-09-25,https://ec.europa.eu/eurostat/api/dissemination/statistics/1.0/data/une_rt_m,replay_fixture,,estimated_publication_lag,2026-09-25,2026-09-22T11:00:00+0200
Eurostat,unemployment_rate,RO,2021-11-30,2022-01-14,M,percent_of_labour_force,5.5,2021-11,2026-09-25,https://ec.europa.eu/eurostat/api/dissemination/statistics/1.0/data/une_rt_m,replay_fixture,,estimated_publication_lag,2026-09-25,2026-09-22T11:00:00+0200
Eurostat,unemployment_rate,RO,2021-12-31,2022-02-14,M,percent_of_labour_force,5.7,2021-12,2026-09-25,https://ec.europa.eu/eurostat/api/dissemination/statistics/1.0/data/une_rt_m,replay_fixture,,estimated_publication_lag,2026-09-25,2026-09-22T11:00:00+0200
Eurostat,unemployment_rate,RO,2022-01-31,2022-03-17,M,percent_of_labour_force,6.1,2022-01,2026-09-25,https://ec.europa.eu/eurostat/api/dissemination/statistics/1.0/data/une_rt_m,replay_fixture,,estimated_publication_lag,2026-09-25,2026-09-22T11:00:00+0200
Eurostat,unemployment_rate,RO,2022-02-28,2022-04-14,M,percent_of_labour_force,5.9,2022-02,2026-09-25,https://ec.europa.eu/eurostat/api/dissemination/statistics/1.0/data/une_rt_m,replay_fixture,,estimated_publication_lag,2026-09-25,2026-09-22T11:00:00+0200
Eurostat,unemployment_rate,RO,2022-03-31,2022-05-15,M,percent_of_labour_force,5.8,2022-03,2026-09-25,https://ec.europa.eu/eurostat/api/dissemination/statistics/1.0/data/une_rt_m,replay_fixture,,estimated_publication_lag,2026-09-25,2026-09-22T11:00:00+0200
Eurostat,unemployment_rate,RO,2022-04-30,2022-06-14,M,percent_of_labour_force,5.6,2022-04,2026-09-25,https://ec.europa.eu/eurostat/api/dissemination/statistics/1.0/data/une_rt_m,replay_fixture,,estimated_publication_lag,2026-09-25,2026-09-22T11:00:00+0200
Eurostat,unemployment_rate,RO,2022-05-31,2022-07-15,M,percent_of_labour_force,5.6,2022-05,2026-09-25,https://ec.europa.eu/eurostat/api/dissemination/statistics/1.0/data/une_rt_m,replay_fixture,,estimated_publication_lag,2026-09-25,2026-09-22T11:00:00+0200
Eurostat,unemployment_rate,RO,2022-06-30,2022-08-14,M,percent_of_labour_force,5.5,2022-06,2026-09-25,https://ec.europa.eu/eurostat/api/dissemination/statistics/1.0/data/une_rt_m,replay_fixture,,estimated_publication_lag,2026-09-25,2026-09-22T11:00:00+0200
Eurostat,unemployment_rate,RO,2022-07-31,2022-09-14,M,percent_of_labour_force,5.5,2022-07,2026-09-25,https://ec.europa.eu/eurostat/api/dissemination/statistics/1.0/data/une_rt_m,replay_fixture,,estimated_publication_lag,2026-09-25,2026-09-22T11:00:00+0200
Eurostat,unemployment_rate,RO,2022-08-31,2022-10-15,M,percent_of_labour_force,5.4,2022-08,2026-09-25,https://ec.europa.eu/eurostat/api/dissemination/statistics/1.0/data/une_rt_m,replay_fixture,,estimated_publication_lag,2026-09-25,2026-09-22T11:00:00+0200
Eurostat,unemployment_rate,RO,2022-09-30,2022-11-14,M,percent_of_labour_force,5.5,2022-09,2026-09-25,https://ec.europa.eu/eurostat/api/dissemination/statistics/1.0/data/une_rt_m,replay_fixture,,estimated_publication_lag,2026-09-25,2026-09-22T11:00:00+0200
Eurostat,unemployment_rate,RO,2022-10-31,2022-12-15,M,percent_of_labour_force,5.5,2022-10,2026-09-25,https://ec.europa.eu/eurostat/api/dissemination/statistics/1.0/data/une_rt_m,replay_fixture,,estimated_publication_lag,2026-09-25,2026-09-22T11:00:00+0200
Eurostat,unemployment_rate,RO,2022-11-30,2023-01-14,M,percent_of_labour_force,5.6,2022-11,2026-09-25,https://ec.europa.eu/eurostat/api/dissemination/statistics/1.0/data/une_rt_m,replay_fixture,,estimated_publication_lag,2026-09-25,2026-09-22T11:00:00+0200
Eurostat,unemployment_rate,RO,2022-12-31,2023-02-14,M,percent_of_labour_force,5.4,2022-12,2026-09-25,https://ec.europa.eu/eurostat/api/dissemination/statistics/1.0/data/une_rt_m,replay_fixture,,estimated_publication_lag,2026-09-25,2026-09-22T11:00:00+0200
Eurostat,unemployment_rate,RO,2023-01-31,2023-03-17,M,percent_of_labour_force,5.8,2023-01,2026-09-25,https://ec.europa.eu/eurostat/api/dissemination/statistics/1.0/data/une_rt_m,replay_fixture,,estimated_publication_lag,2026-09-25,2026-09-22T11:00:00+0200
Eurostat,unemployment_rate,RO,2023-02-28,2023-04-14,M,percent_of_labour_force,5.6,2023-02,2026-09-25,https://ec.europa.eu/eurostat/api/dissemination/statistics/1.0/data/une_rt_m,replay_fixture,,estimated_publication_lag,2026-09-25,2026-09-22T11:00:00+0200
Eurostat,unemployment_rate,RO,2023-03-31,2023-05-15,M,percent_of_labour_force,5.6,2023-03,2026-09-25,https://ec.europa.eu/eurostat/api/dissemination/statistics/1.0/data/une_rt_m,replay_fixture,,estimated_publication_lag,2026-09-25,2026-09-22T11:00:00+0200
Eurostat,unemployment_rate,RO,2023-04-30,2023-06-14,M,percent_of_labour_force,5.5,2023-04,2026-09-25,https://ec.europa.eu/eurostat/api/dissemination/statistics/1.0/data/une_rt_m,replay_fixture,,estimated_publication_lag,2026-09-25,2026-09-22T11:00:00+0200
Eurostat,unemployment_rate,RO,2023-05-31,2023-07-15,M,percent_of_labour_force,5.6,2023-05,2026-09-25,https://ec.europa.eu/eurostat/api/dissemination/statistics/1.0/data/une_rt_m,replay_fixture,,estimated_publication_lag,2026-09-25,2026-09-22T11:00:00+0200
Eurostat,unemployment_rate,RO,2023-06-30,2023-08-14,M,percent_of_labour_force,5.7,2023-06,2026-09-25,https://ec.europa.eu/eurostat/api/dissemination/statistics/1.0/data/une_rt_m,replay_fixture,,estimated_publication_lag,2026-09-25,2026-09-22T11:00:00+0200
Eurostat,unemployment_rate,RO,2023-07-31,2023-09-14,M,percent_of_labour_force,5.5,2023-07,2026-09-25,https://ec.europa.eu/eurostat/api/dissemination/statistics/1.0/data/une_rt_m,replay_fixture,,estimated_publication_lag,2026-09-25,2026-09-22T11:00:00+0200
Eurostat,unemployment_rate,RO,2023-08-31,2023-10-15,M,percent_of_labour_force,5.4,2023-08,2026-09-25,https://ec.europa.eu/eurostat/api/dissemination/statistics/1.0/data/une_rt_m,replay_fixture,,estimated_publication_lag,2026-09-25,2026-09-22T11:00:00+0200
Eurostat,unemployment_rate,RO,2023-09-30,2023-11-14,M,percent_of_labour_force,5.4,2023-09,2026-09-25,https://ec.europa.eu/eurostat/api/dissemination/statistics/1.0/data/une_rt_m,replay_fixture,,estimated_publication_lag,2026-09-25,2026-09-22T11:00:00+0200
Eurostat,unemployment_rate,RO,2023-10-31,2023-12-15,M,percent_of_labour_force,5.5,2023-10,2026-09-25,https://ec.europa.eu/eurostat/api/dissemination/statistics/1.0/data/une_rt_m,replay_fixture,,estimated_publication_lag,2026-09-25,2026-09-22T11:00:00+0200
Eurostat,unemployment_rate,RO,2023-11-30,2024-01-14,M,percent_of_labour_force,5.5,2023-11,2026-09-25,https://ec.europa.eu/eurostat/api/dissemination/statistics/1.0/data/une_rt_m,replay_fixture,,estimated_publication_lag,2026-09-25,2026-09-22T11:00:00+0200
Eurostat,unemployment_rate,RO,2023-12-31,2024-02-14,M,percent_of_labour_force,5.5,2023-12,2026-09-25,https://ec.europa.eu/eurostat/api/dissemination/statistics/1.0/data/une_rt_m,replay_fixture,,estimated_publication_lag,2026-09-25,2026-09-22T11:00:00+0200
Eurostat,unemployment_rate,RO,2024-01-31,2024-03-16,M,percent_of_labour_force,5.4,2024-01,2026-09-25,https://ec.europa.eu/eurostat/api/dissemination/statistics/1.0/data/une_rt_m,replay_fixture,,estimated_publication_lag,2026-09-25,2026-09-22T11:00:00+0200
Eurostat,unemployment_rate,RO,2024-02-29,2024-04-14,M,percent_of_labour_force,5.2,2024-02,2026-09-25,https://ec.europa.eu/eurostat/api/dissemination/statistics/1.0/data/une_rt_m,replay_fixture,,estimated_publication_lag,2026-09-25,2026-09-22T11:00:00+0200
Eurostat,unemployment_rate,RO,2024-03-31,2024-05-15,M,percent_of_labour_force,5.2,2024-03,2026-09-25,https://ec.europa.eu/eurostat/api/dissemination/statistics/1.0/data/une_rt_m,replay_fixture,,estimated_publication_lag,2026-09-25,2026-09-22T11:00:00+0200
Eurostat,unemployment_rate,RO,2024-04-30,2024-06-14,M,percent_of_labour_force,5.2,2024-04,2026-09-25,https://ec.europa.eu/eurostat/api/dissemination/statistics/1.0/data/une_rt_m,replay_fixture,,estimated_publication_lag,2026-09-25,2026-09-22T11:00:00+0200
Eurostat,unemployment_rate,RO,2024-05-31,2024-07-15,M,percent_of_labour_force,5.3,2024-05,2026-09-25,https://ec.europa.eu/eurostat/api/dissemination/statistics/1.0/data/une_rt_m,replay_fixture,,estimated_publication_lag,2026-09-25,2026-09-22T11:00:00+0200
Eurostat,unemployment_rate,RO,2024-06-30,2024-08-14,M,percent_of_labour_force,5.2,2024-06,2026-09-25,https://ec.europa.eu/eurostat/api/dissemination/statistics/1.0/data/une_rt_m,replay_fixture,,estimated_publication_lag,2026-09-25,2026-09-22T11:00:00+0200
Eurostat,unemployment_rate,RO,2024-07-31,2024-09-14,M,percent_of_labour_force,5.7,2024-07,2026-09-25,https://ec.europa.eu/eurostat/api/dissemination/statistics/1.0/data/une_rt_m,replay_fixture,,estimated_publication_lag,2026-09-25,2026-09-22T11:00:00+0200
Eurostat,unemployment_rate,RO,2024-08-31,2024-10-15,M,percent_of_labour_force,5.6,2024-08,2026-09-25,https://ec.europa.eu/eurostat/api/dissemination/statistics/1.0/data/une_rt_m,replay_fixture,,estimated_publication_lag,2026-09-25,2026-09-22T11:00:00+0200
Eurostat,unemployment_rate,RO,2024-09-30,2024-11-14,M,percent_of_labour_force,5.7,2024-09,2026-09-25,https://ec.europa.eu/eurostat/api/dissemination/statistics/1.0/data/une_rt_m,replay_fixture,,estimated_publication_lag,2026-09-25,2026-09-22T11:00:00+0200
Eurostat,unemployment_rate,RO,2024-10-31,2024-12-15,M,percent_of_labour_force,5.7,2024-10,2026-09-25,https://ec.europa.eu/eurostat/api/dissemination/statistics/1.0/data/une_rt_m,replay_fixture,,estimated_publication_lag,2026-09-25,2026-09-22T11:00:00+0200
Eurostat,unemployment_rate,RO,2024-11-30,2025-01-14,M,percent_of_labour_force,5.6,2024-11,2026-09-25,https://ec.europa.eu/eurostat/api/dissemination/statistics/1.0/data/une_rt_m,replay_fixture,,estimated_publication_lag,2026-09-25,2026-09-22T11:00:00+0200
Eurostat,unemployment_rate,RO,2024-12-31,2025-02-14,M,percent_of_labour_force,5.7,2024-12,2026-09-25,https://ec.europa.eu/eurostat/api/dissemination/statistics/1.0/data/une_rt_m,replay_fixture,,estimated_publication_lag,2026-09-25,2026-09-22T11:00:00+0200
Eurostat,unemployment_rate,RO,2025-01-31,2025-03-17,M,percent_of_labour_force,6.0,2025-01,2026-09-25,https://ec.europa.eu/eurostat/api/dissemination/statistics/1.0/data/une_rt_m,replay_fixture,,estimated_publication_lag,2026-09-25,2026-09-22T11:00:00+0200
Eurostat,unemployment_rate,RO,2025-02-28,2025-04-14,M,percent_of_labour_force,6.1,2025-02,2026-09-25,https://ec.europa.eu/eurostat/api/dissemination/statistics/1.0/data/une_rt_m,replay_fixture,,estimated_publication_lag,2026-09-25,2026-09-22T11:00:00+0200
Eurostat,unemployment_rate,RO,2025-03-31,2025-05-15,M,percent_of_labour_force,6.2,2025-03,2026-09-25,https://ec.europa.eu/eurostat/api/dissemination/statistics/1.0/data/une_rt_m,replay_fixture,,estimated_publication_lag,2026-09-25,2026-09-22T11:00:00+0200
Eurostat,unemployment_rate,RO,2025-04-30,2025-06-14,M,percent_of_labour_force,6.1,2025-04,2026-09-25,https://ec.europa.eu/eurostat/api/dissemination/statistics/1.0/data/une_rt_m,replay_fixture,,estimated_publication_lag,2026-09-25,2026-09-22T11:00:00+0200
Eurostat,unemployment_rate,RO,2025-05-31,2025-07-15,M,percent_of_labour_force,6.2,2025-05,2026-09-25,https://ec.europa.eu/eurostat/api/dissemination/statistics/1.0/data/une_rt_m,replay_fixture,,estimated_publication_lag,2026-09-25,2026-09-22T11:00:00+0200
Eurostat,unemployment_rate,RO,2025-06-30,2025-08-14,M,percent_of_labour_force,6.2,2025-06,2026-09-25,https://ec.europa.eu/eurostat/api/dissemination/statistics/1.0/data/une_rt_m,replay_fixture,,estimated_publication_lag,2026-09-25,2026-09-22T11:00:00+0200
Eurostat,unemployment_rate,RO,2025-07-31,2025-09-14,M,percent_of_labour_force,5.9,2025-07,2026-09-25,https://ec.europa.eu/eurostat/api/dissemination/statistics/1.0/data/une_rt_m,replay_fixture,,estimated_publication_lag,2026-09-25,2026-09-22T11:00:00+0200
Eurostat,unemployment_rate,RO,2025-08-31,2025-10-15,M,percent_of_labour_force,6.1,2025-08,2026-09-25,https://ec.europa.eu/eurostat/api/dissemination/statistics/1.0/data/une_rt_m,replay_fixture,,estimated_publication_lag,2026-09-25,2026-09-22T11:00:00+0200
Eurostat,unemployment_rate,RO,2025-09-30,2025-11-14,M,percent_of_labour_force,6.0,2025-09,2026-09-25,https://ec.europa.eu/eurostat/api/dissemination/statistics/1.0/data/une_rt_m,replay_fixture,,estimated_publication_lag,2026-09-25,2026-09-22T11:00:00+0200
Eurostat,unemployment_rate,RO,2025-10-31,2025-12-15,M,percent_of_labour_force,6.1,2025-10,2026-09-25,https://ec.europa.eu/eurostat/api/dissemination/statistics/1.0/data/une_rt_m,replay_fixture,,estimated_publication_lag,2026-09-25,2026-09-22T11:00:00+0200
Eurostat,unemployment_rate,RO,2025-11-30,2026-01-14,M,percent_of_labour_force,6.3,2025-11,2026-09-25,https://ec.europa.eu/eurostat/api/dissemination/statistics/1.0/data/une_rt_m,replay_fixture,,estimated_publication_lag,2026-09-25,2026-09-22T11:00:00+0200
Eurostat,unemployment_rate,RO,2025-12-31,2026-02-14,M,percent_of_labour_force,6.1,2025-12,2026-09-25,https://ec.europa.eu/eurostat/api/dissemination/statistics/1.0/data/une_rt_m,replay_fixture,,estimated_publication_lag,2026-09-25,2026-09-22T11:00:00+0200
