objective_id,metric_type,country_code,reporting_period,window_days,segment_type,segment_value,eligible_population,retained_population,censored_population,metric_value,regretted_exits
NEW_HIRE_6M,cohort_retention,BG,2021-01-31,183,career_level,All new hires,3.0,3,0,1.0,
NEW_HIRE_6M,cohort_retention,BG,2021-01-31,183,career_level,Individual Contributor,1.0,1,0,1.0,
NEW_HIRE_6M,cohort_retention,BG,2021-01-31,183,career_level,Senior Leader,2.0,2,0,1.0,
NEW_HIRE_6M,cohort_retention,BG,2021-02-28,183,career_level,All new hires,5.0,5,0,1.0,
NEW_HIRE_6M,cohort_retention,BG,2021-02-28,183,career_level,Individual Contributor,1.0,1,0,1.0,
NEW_HIRE_6M,cohort_retention,BG,2021-02-28,183,career_level,Manager,4.0,4,0,1.0,
NEW_HIRE_6M,cohort_retention,BG,2021-03-31,183,career_level,All new hires,4.0,4,0,1.0,
NEW_HIRE_6M,cohort_retention,BG,2021-03-31,183,career_level,Individual Contributor,1.0,1,0,1.0,
NEW_HIRE_6M,cohort_retention,BG,2021-03-31,183,career_level,Manager,3.0,3,0,1.0,
NEW_HIRE_6M,cohort_retention,BG,2021-04-30,183,career_level,All new hires,6.0,6,0,1.0,
NEW_HIRE_6M,cohort_retention,BG,2021-04-30,183,career_level,Individual Contributor,4.0,4,0,1.0,
NEW_HIRE_6M,cohort_retention,BG,2021-04-30,183,career_level,Manager,1.0,1,0,1.0,
NEW_HIRE_6M,cohort_retention,BG,2021-04-30,183,career_level,Senior Leader,1.0,1,0,1.0,
NEW_HIRE_6M,cohort_retention,BG,2021-05-31,183,career_level,All new hires,7.0,6,0,0.8571428571428571,
NEW_HIRE_6M,cohort_retention,BG,2021-05-31,183,career_level,Individual Contributor,5.0,4,0,0.8,
NEW_HIRE_6M,cohort_retention,BG,2021-05-31,183,career_level,Manager,2.0,2,0,1.0,
NEW_HIRE_6M,cohort_retention,BG,2021-06-30,183,career_level,All new hires,4.0,4,0,1.0,
NEW_HIRE_6M,cohort_retention,BG,2021-06-30,183,career_level,Individual Contributor,2.0,2,0,1.0,
NEW_HIRE_6M,cohort_retention,BG,2021-06-30,183,career_level,Manager,2.0,2,0,1.0,
NEW_HIRE_6M,cohort_retention,BG,2021-07-31,183,career_level,All new hires,7.0,7,0,1.0,
NEW_HIRE_6M,cohort_retention,BG,2021-07-31,183,career_level,Individual Contributor,2.0,2,0,1.0,
NEW_HIRE_6M,cohort_retention,BG,2021-07-31,183,career_level,Manager,2.0,2,0,1.0,
NEW_HIRE_6M,cohort_retention,BG,2021-07-31,183,career_level,Senior Leader,3.0,3,0,1.0,
NEW_HIRE_6M,cohort_retention,BG,2021-08-31,183,career_level,All new hires,4.0,4,0,1.0,
NEW_HIRE_6M,cohort_retention,BG,2021-08-31,183,career_level,Individual Contributor,1.0,1,0,1.0,
NEW_HIRE_6M,cohort_retention,BG,2021-08-31,183,career_level,Manager,2.0,2,0,1.0,
NEW_HIRE_6M,cohort_retention,BG,2021-08-31,183,career_level,Senior Leader,1.0,1,0,1.0,
NEW_HIRE_6M,cohort_retention,BG,2021-09-30,183,career_level,All new hires,9.0,7,0,0.7777777777777778,
NEW_HIRE_6M,cohort_retention,BG,2021-09-30,183,career_level,Individual Contributor,3.0,2,0,0.6666666666666666,
NEW_HIRE_6M,cohort_retention,BG,2021-09-30,183,career_level,Manager,2.0,2,0,1.0,
NEW_HIRE_6M,cohort_retention,BG,2021-09-30,183,career_level,Senior Leader,4.0,3,0,0.75,
NEW_HIRE_6M,cohort_retention,BG,2021-10-31,183,career_level,All new hires,4.0,3,0,0.75,
NEW_HIRE_6M,cohort_retention,BG,2021-10-31,183,career_level,Individual Contributor,2.0,2,0,1.0,
NEW_HIRE_6M,cohort_retention,BG,2021-10-31,183,career_level,Senior Leader,2.0,1,0,0.5,
NEW_HIRE_6M,cohort_retention,BG,2021-11-30,183,career_level,All new hires,10.0,8,0,0.8,
NEW_HIRE_6M,cohort_retention,BG,2021-11-30,183,career_level,Individual Contributor,4.0,4,0,1.0,
NEW_HIRE_6M,cohort_retention,BG,2021-11-30,183,career_level,Manager,4.0,3,0,0.75,
NEW_HIRE_6M,cohort_retention,BG,2021-11-30,183,career_level,Senior Leader,2.0,1,0,0.5,
NEW_HIRE_6M,cohort_retention,BG,2021-12-31,183,career_level,All new hires,6.0,6,0,1.0,
NEW_HIRE_6M,cohort_retention,BG,2021-12-31,183,career_level,Individual Contributor,3.0,3,0,1.0,
NEW_HIRE_6M,cohort_retention,BG,2021-12-31,183,career_level,Manager,3.0,3,0,1.0,
NEW_HIRE_6M,cohort_retention,BG,2022-01-31,183,career_level,All new hires,5.0,4,0,0.8,
NEW_HIRE_6M,cohort_retention,BG,2022-01-31,183,career_level,Individual Contributor,3.0,2,0,0.6666666666666666,
NEW_HIRE_6M,cohort_retention,BG,2022-01-31,183,career_level,Manager,1.0,1,0,1.0,
NEW_HIRE_6M,cohort_retention,BG,2022-01-31,183,career_level,Senior Leader,1.0,1,0,1.0,
NEW_HIRE_6M,cohort_retention,BG,2022-02-28,183,career_level,All new hires,6.0,5,0,0.8333333333333334,
NEW_HIRE_6M,cohort_retention,BG,2022-02-28,183,career_level,Individual Contributor,3.0,3,0,1.0,
NEW_HIRE_6M,cohort_retention,BG,2022-02-28,183,career_level,Manager,1.0,0,0,0.0,
NEW_HIRE_6M,cohort_retention,BG,2022-02-28,183,career_level,Senior Leader,2.0,2,0,1.0,
NEW_HIRE_6M,cohort_retention,BG,2022-03-31,183,career_level,All new hires,4.0,4,0,1.0,
NEW_HIRE_6M,cohort_retention,BG,2022-03-31,183,career_level,Individual Contributor,3.0,3,0,1.0,
NEW_HIRE_6M,cohort_retention,BG,2022-03-31,183,career_level,Senior Leader,1.0,1,0,1.0,
NEW_HIRE_6M,cohort_retention,BG,2022-04-30,183,career_level,All new hires,6.0,5,0,0.8333333333333334,
NEW_HIRE_6M,cohort_retention,BG,2022-04-30,183,career_level,Individual Contributor,3.0,3,0,1.0,
NEW_HIRE_6M,cohort_retention,BG,2022-04-30,183,career_level,Senior Leader,3.0,2,0,0.6666666666666666,
NEW_HIRE_6M,cohort_retention,BG,2022-05-31,183,career_level,All new hires,5.0,4,0,0.8,
NEW_HIRE_6M,cohort_retention,BG,2022-05-31,183,career_level,Individual Contributor,5.0,4,0,0.8,
NEW_HIRE_6M,cohort_retention,BG,2022-06-30,183,career_level,All new hires,4.0,4,0,1.0,
NEW_HIRE_6M,cohort_retention,BG,2022-06-30,183,career_level,Individual Contributor,3.0,3,0,1.0,
NEW_HIRE_6M,cohort_retention,BG,2022-06-30,183,career_level,Manager,1.0,1,0,1.0,
NEW_HIRE_6M,cohort_retention,BG,2022-07-31,183,career_level,All new hires,5.0,4,0,0.8,
NEW_HIRE_6M,cohort_retention,BG,2022-07-31,183,career_level,Individual Contributor,2.0,2,0,1.0,
NEW_HIRE_6M,cohort_retention,BG,2022-07-31,183,career_level,Manager,1.0,1,0,1.0,
NEW_HIRE_6M,cohort_retention,BG,2022-07-31,183,career_level,Senior Leader,2.0,1,0,0.5,
NEW_HIRE_6M,cohort_retention,BG,2022-08-31,183,career_level,All new hires,5.0,4,0,0.8,
NEW_HIRE_6M,cohort_retention,BG,2022-08-31,183,career_level,Individual Contributor,2.0,1,0,0.5,
NEW_HIRE_6M,cohort_retention,BG,2022-08-31,183,career_level,Manager,3.0,3,0,1.0,
NEW_HIRE_6M,cohort_retention,BG,2022-09-30,183,career_level,All new hires,9.0,7,0,0.7777777777777778,
NEW_HIRE_6M,cohort_retention,BG,2022-09-30,183,career_level,Individual Contributor,3.0,2,0,0.6666666666666666,
NEW_HIRE_6M,cohort_retention,BG,2022-09-30,183,career_level,Manager,2.0,2,0,1.0,
NEW_HIRE_6M,cohort_retention,BG,2022-09-30,183,career_level,Senior Leader,4.0,3,0,0.75,
NEW_HIRE_6M,cohort_retention,BG,2022-10-31,183,career_level,All new hires,4.0,4,0,1.0,
NEW_HIRE_6M,cohort_retention,BG,2022-10-31,183,career_level,Individual Contributor,2.0,2,0,1.0,
NEW_HIRE_6M,cohort_retention,BG,2022-10-31,183,career_level,Manager,2.0,2,0,1.0,
NEW_HIRE_6M,cohort_retention,BG,2022-11-30,183,career_level,All new hires,5.0,4,0,0.8,
NEW_HIRE_6M,cohort_retention,BG,2022-11-30,183,career_level,Individual Contributor,3.0,2,0,0.6666666666666666,
NEW_HIRE_6M,cohort_retention,BG,2022-11-30,183,career_level,Manager,1.0,1,0,1.0,
NEW_HIRE_6M,cohort_retention,BG,2022-11-30,183,career_level,Senior Leader,1.0,1,0,1.0,
NEW_HIRE_6M,cohort_retention,BG,2022-12-31,183,career_level,All new hires,4.0,4,0,1.0,
NEW_HIRE_6M,cohort_retention,BG,2022-12-31,183,career_level,Individual Contributor,2.0,2,0,1.0,
NEW_HIRE_6M,cohort_retention,BG,2022-12-31,183,career_level,Manager,1.0,1,0,1.0,
NEW_HIRE_6M,cohort_retention,BG,2022-12-31,183,career_level,Senior Leader,1.0,1,0,1.0,
NEW_HIRE_6M,cohort_retention,BG,2023-01-31,183,career_level,All new hires,8.0,8,0,1.0,
NEW_HIRE_6M,cohort_retention,BG,2023-01-31,183,career_level,Individual Contributor,5.0,5,0,1.0,
NEW_HIRE_6M,cohort_retention,BG,2023-01-31,183,career_level,Manager,3.0,3,0,1.0,
NEW_HIRE_6M,cohort_retention,BG,2023-02-28,183,career_level,All new hires,2.0,2,0,1.0,
NEW_HIRE_6M,cohort_retention,BG,2023-02-28,183,career_level,Individual Contributor,1.0,1,0,1.0,
NEW_HIRE_6M,cohort_retention,BG,2023-02-28,183,career_level,Senior Leader,1.0,1,0,1.0,
NEW_HIRE_6M,cohort_retention,BG,2023-03-31,183,career_level,All new hires,6.0,6,0,1.0,
NEW_HIRE_6M,cohort_retention,BG,2023-03-31,183,career_level,Individual Contributor,4.0,4,0,1.0,
NEW_HIRE_6M,cohort_retention,BG,2023-03-31,183,career_level,Manager,1.0,1,0,1.0,
NEW_HIRE_6M,cohort_retention,BG,2023-03-31,183,career_level,Senior Leader,1.0,1,0,1.0,
NEW_HIRE_6M,cohort_retention,BG,2023-04-30,183,career_level,All new hires,7.0,6,0,0.8571428571428571,
NEW_HIRE_6M,cohort_retention,BG,2023-04-30,183,career_level,Individual Contributor,5.0,5,0,1.0,
NEW_HIRE_6M,cohort_retention,BG,2023-04-30,183,career_level,Manager,2.0,1,0,0.5,
NEW_HIRE_6M,cohort_retention,BG,2023-05-31,183,career_level,All new hires,6.0,6,0,1.0,
NEW_HIRE_6M,cohort_retention,BG,2023-05-31,183,career_level,Individual Contributor,1.0,1,0,1.0,
NEW_HIRE_6M,cohort_retention,BG,2023-05-31,183,career_level,Manager,3.0,3,0,1.0,
NEW_HIRE_6M,cohort_retention,BG,2023-05-31,183,career_level,Senior Leader,2.0,2,0,1.0,
NEW_HIRE_6M,cohort_retention,BG,2023-06-30,183,career_level,All new hires,9.0,7,0,0.7777777777777778,
NEW_HIRE_6M,cohort_retention,BG,2023-06-30,183,career_level,Individual Contributor,4.0,3,0,0.75,
NEW_HIRE_6M,cohort_retention,BG,2023-06-30,183,career_level,Manager,4.0,4,0,1.0,
NEW_HIRE_6M,cohort_retention,BG,2023-06-30,183,career_level,Senior Leader,1.0,0,0,0.0,
NEW_HIRE_6M,cohort_retention,BG,2023-07-31,183,career_level,All new hires,1.0,1,0,1.0,
NEW_HIRE_6M,cohort_retention,BG,2023-07-31,183,career_level,Individual Contributor,1.0,1,0,1.0,
NEW_HIRE_6M,cohort_retention,BG,2023-08-31,183,career_level,All new hires,2.0,2,0,1.0,
NEW_HIRE_6M,cohort_retention,BG,2023-08-31,183,career_level,Individual Contributor,1.0,1,0,1.0,
NEW_HIRE_6M,cohort_retention,BG,2023-08-31,183,career_level,Manager,1.0,1,0,1.0,
NEW_HIRE_6M,cohort_retention,BG,2023-09-30,183,career_level,All new hires,6.0,5,0,0.8333333333333334,
NEW_HIRE_6M,cohort_retention,BG,2023-09-30,183,career_level,Individual Contributor,3.0,3,0,1.0,
NEW_HIRE_6M,cohort_retention,BG,2023-09-30,183,career_level,Manager,2.0,2,0,1.0,
NEW_HIRE_6M,cohort_retention,BG,2023-09-30,183,career_level,Senior Leader,1.0,0,0,0.0,
NEW_HIRE_6M,cohort_retention,BG,2023-10-31,183,career_level,All new hires,4.0,2,0,0.5,
NEW_HIRE_6M,cohort_retention,BG,2023-10-31,183,career_level,Individual Contributor,2.0,1,0,0.5,
NEW_HIRE_6M,cohort_retention,BG,2023-10-31,183,career_level,Senior Leader,2.0,1,0,0.5,
NEW_HIRE_6M,cohort_retention,BG,2023-11-30,183,career_level,All new hires,8.0,8,0,1.0,
NEW_HIRE_6M,cohort_retention,BG,2023-11-30,183,career_level,Individual Contributor,5.0,5,0,1.0,
NEW_HIRE_6M,cohort_retention,BG,2023-11-30,183,career_level,Manager,1.0,1,0,1.0,
NEW_HIRE_6M,cohort_retention,BG,2023-11-30,183,career_level,Senior Leader,2.0,2,0,1.0,
NEW_HIRE_6M,cohort_retention,BG,2023-12-31,183,career_level,All new hires,6.0,6,0,1.0,
NEW_HIRE_6M,cohort_retention,BG,2023-12-31,183,career_level,Individual Contributor,2.0,2,0,1.0,
NEW_HIRE_6M,cohort_retention,BG,2023-12-31,183,career_level,Manager,3.0,3,0,1.0,
NEW_HIRE_6M,cohort_retention,BG,2023-12-31,183,career_level,Senior Leader,1.0,1,0,1.0,
NEW_HIRE_6M,cohort_retention,BG,2024-01-31,183,career_level,All new hires,9.0,7,0,0.7777777777777778,
NEW_HIRE_6M,cohort_retention,BG,2024-01-31,183,career_level,Individual Contributor,4.0,3,0,0.75,
NEW_HIRE_6M,cohort_retention,BG,2024-01-31,183,career_level,Manager,4.0,3,0,0.75,
NEW_HIRE_6M,cohort_retention,BG,2024-01-31,183,career_level,Senior Leader,1.0,1,0,1.0,
NEW_HIRE_6M,cohort_retention,BG,2024-02-29,183,career_level,All new hires,9.0,7,0,0.7777777777777778,
NEW_HIRE_6M,cohort_retention,BG,2024-02-29,183,career_level,Individual Contributor,3.0,3,0,1.0,
NEW_HIRE_6M,cohort_retention,BG,2024-02-29,183,career_level,Manager,3.0,2,0,0.6666666666666666,
NEW_HIRE_6M,cohort_retention,BG,2024-02-29,183,career_level,Senior Leader,3.0,2,0,0.6666666666666666,
NEW_HIRE_6M,cohort_retention,BG,2024-03-31,183,career_level,All new hires,6.0,6,0,1.0,
NEW_HIRE_6M,cohort_retention,BG,2024-03-31,183,career_level,Individual Contributor,3.0,3,0,1.0,
NEW_HIRE_6M,cohort_retention,BG,2024-03-31,183,career_level,Manager,3.0,3,0,1.0,
NEW_HIRE_6M,cohort_retention,BG,2024-04-30,183,career_level,All new hires,6.0,2,0,0.3333333333333333,
NEW_HIRE_6M,cohort_retention,BG,2024-04-30,183,career_level,Individual Contributor,5.0,1,0,0.2,
NEW_HIRE_6M,cohort_retention,BG,2024-04-30,183,career_level,Manager,1.0,1,0,1.0,
NEW_HIRE_6M,cohort_retention,BG,2024-05-31,183,career_level,All new hires,8.0,7,0,0.875,
NEW_HIRE_6M,cohort_retention,BG,2024-05-31,183,career_level,Individual Contributor,6.0,5,0,0.8333333333333334,
NEW_HIRE_6M,cohort_retention,BG,2024-05-31,183,career_level,Manager,1.0,1,0,1.0,
NEW_HIRE_6M,cohort_retention,BG,2024-05-31,183,career_level,Senior Leader,1.0,1,0,1.0,
NEW_HIRE_6M,cohort_retention,BG,2024-06-30,183,career_level,All new hires,8.0,7,0,0.875,
NEW_HIRE_6M,cohort_retention,BG,2024-06-30,183,career_level,Individual Contributor,4.0,4,0,1.0,
NEW_HIRE_6M,cohort_retention,BG,2024-06-30,183,career_level,Manager,3.0,2,0,0.6666666666666666,
NEW_HIRE_6M,cohort_retention,BG,2024-06-30,183,career_level,Senior Leader,1.0,1,0,1.0,
NEW_HIRE_6M,cohort_retention,BG,2024-07-31,183,career_level,All new hires,10.0,8,0,0.8,
NEW_HIRE_6M,cohort_retention,BG,2024-07-31,183,career_level,Individual Contributor,4.0,3,0,0.75,
NEW_HIRE_6M,cohort_retention,BG,2024-07-31,183,career_level,Manager,4.0,3,0,0.75,
NEW_HIRE_6M,cohort_retention,BG,2024-07-31,183,career_level,Senior Leader,2.0,2,0,1.0,
NEW_HIRE_6M,cohort_retention,BG,2024-08-31,183,career_level,All new hires,8.0,6,0,0.75,
NEW_HIRE_6M,cohort_retention,BG,2024-08-31,183,career_level,Individual Contributor,6.0,4,0,0.6666666666666666,
NEW_HIRE_6M,cohort_retention,BG,2024-08-31,183,career_level,Manager,2.0,2,0,1.0,
NEW_HIRE_6M,cohort_retention,BG,2024-09-30,183,career_level,All new hires,9.0,7,0,0.7777777777777778,
NEW_HIRE_6M,cohort_retention,BG,2024-09-30,183,career_level,Individual Contributor,3.0,3,0,1.0,
NEW_HIRE_6M,cohort_retention,BG,2024-09-30,183,career_level,Manager,4.0,3,0,0.75,
NEW_HIRE_6M,cohort_retention,BG,2024-09-30,183,career_level,Senior Leader,2.0,1,0,0.5,
NEW_HIRE_6M,cohort_retention,BG,2024-10-31,183,career_level,All new hires,5.0,5,0,1.0,
NEW_HIRE_6M,cohort_retention,BG,2024-10-31,183,career_level,Individual Contributor,3.0,3,0,1.0,
NEW_HIRE_6M,cohort_retention,BG,2024-10-31,183,career_level,Manager,2.0,2,0,1.0,
NEW_HIRE_6M,cohort_retention,BG,2024-11-30,183,career_level,All new hires,5.0,5,0,1.0,
NEW_HIRE_6M,cohort_retention,BG,2024-11-30,183,career_level,Individual Contributor,3.0,3,0,1.0,
NEW_HIRE_6M,cohort_retention,BG,2024-11-30,183,career_level,Manager,1.0,1,0,1.0,
NEW_HIRE_6M,cohort_retention,BG,2024-11-30,183,career_level,Senior Leader,1.0,1,0,1.0,
NEW_HIRE_6M,cohort_retention,BG,2024-12-31,183,career_level,All new hires,9.0,6,0,0.6666666666666666,
NEW_HIRE_6M,cohort_retention,BG,2024-12-31,183,career_level,Individual Contributor,7.0,4,0,0.5714285714285714,
NEW_HIRE_6M,cohort_retention,BG,2024-12-31,183,career_level,Manager,1.0,1,0,1.0,
NEW_HIRE_6M,cohort_retention,BG,2024-12-31,183,career_level,Senior Leader,1.0,1,0,1.0,
NEW_HIRE_6M,cohort_retention,BG,2025-01-31,183,career_level,All new hires,5.0,4,0,0.8,
NEW_HIRE_6M,cohort_retention,BG,2025-01-31,183,career_level,Individual Contributor,5.0,4,0,0.8,
NEW_HIRE_6M,cohort_retention,BG,2025-02-28,183,career_level,All new hires,4.0,4,0,1.0,
NEW_HIRE_6M,cohort_retention,BG,2025-02-28,183,career_level,Manager,4.0,4,0,1.0,
NEW_HIRE_6M,cohort_retention,BG,2025-03-31,183,career_level,All new hires,3.0,3,0,1.0,
NEW_HIRE_6M,cohort_retention,BG,2025-03-31,183,career_level,Individual Contributor,1.0,1,0,1.0,
NEW_HIRE_6M,cohort_retention,BG,2025-03-31,183,career_level,Manager,1.0,1,0,1.0,
NEW_HIRE_6M,cohort_retention,BG,2025-03-31,183,career_level,Senior Leader,1.0,1,0,1.0,
NEW_HIRE_6M,cohort_retention,BG,2025-04-30,183,career_level,All new hires,10.0,10,0,1.0,
NEW_HIRE_6M,cohort_retention,BG,2025-04-30,183,career_level,Individual Contributor,7.0,7,0,1.0,
NEW_HIRE_6M,cohort_retention,BG,2025-04-30,183,career_level,Manager,2.0,2,0,1.0,
NEW_HIRE_6M,cohort_retention,BG,2025-04-30,183,career_level,Senior Leader,1.0,1,0,1.0,
NEW_HIRE_6M,cohort_retention,BG,2025-05-31,183,career_level,All new hires,7.0,6,0,0.8571428571428571,
NEW_HIRE_6M,cohort_retention,BG,2025-05-31,183,career_level,Individual Contributor,2.0,2,0,1.0,
NEW_HIRE_6M,cohort_retention,BG,2025-05-31,183,career_level,Manager,2.0,2,0,1.0,
NEW_HIRE_6M,cohort_retention,BG,2025-05-31,183,career_level,Senior Leader,3.0,2,0,0.6666666666666666,
NEW_HIRE_6M,cohort_retention,BG,2025-06-30,183,career_level,All new hires,4.0,4,0,1.0,
NEW_HIRE_6M,cohort_retention,BG,2025-06-30,183,career_level,Individual Contributor,2.0,2,0,1.0,
NEW_HIRE_6M,cohort_retention,BG,2025-06-30,183,career_level,Senior Leader,2.0,2,0,1.0,
NEW_HIRE_6M,cohort_retention,BG,2025-07-31,183,career_level,All new hires,0.0,0,9,,
NEW_HIRE_6M,cohort_retention,BG,2025-07-31,183,career_level,Individual Contributor,0.0,0,5,,
NEW_HIRE_6M,cohort_retention,BG,2025-07-31,183,career_level,Manager,0.0,0,4,,
NEW_HIRE_6M,cohort_retention,BG,2025-08-31,183,career_level,All new hires,0.0,0,3,,
NEW_HIRE_6M,cohort_retention,BG,2025-08-31,183,career_level,Individual Contributor,0.0,0,1,,
NEW_HIRE_6M,cohort_retention,BG,2025-08-31,183,career_level,Manager,0.0,0,1,,
NEW_HIRE_6M,cohort_retention,BG,2025-08-31,183,career_level,Senior Leader,0.0,0,1,,
NEW_HIRE_6M,cohort_retention,BG,2025-09-30,183,career_level,All new hires,0.0,0,8,,
NEW_HIRE_6M,cohort_retention,BG,2025-09-30,183,career_level,Individual Contributor,0.0,0,4,,
NEW_HIRE_6M,cohort_retention,BG,2025-09-30,183,career_level,Manager,0.0,0,4,,
NEW_HIRE_6M,cohort_retention,BG,2025-10-31,183,career_level,All new hires,0.0,0,7,,
NEW_HIRE_6M,cohort_retention,BG,2025-10-31,183,career_level,Individual Contributor,0.0,0,4,,
NEW_HIRE_6M,cohort_retention,BG,2025-10-31,183,career_level,Manager,0.0,0,2,,
NEW_HIRE_6M,cohort_retention,BG,2025-10-31,183,career_level,Senior Leader,0.0,0,1,,
NEW_HIRE_6M,cohort_retention,BG,2025-11-30,183,career_level,All new hires,0.0,0,2,,
NEW_HIRE_6M,cohort_retention,BG,2025-11-30,183,career_level,Individual Contributor,0.0,0,2,,
NEW_HIRE_6M,cohort_retention,GR,2021-01-31,183,career_level,All new hires,3.0,3,0,1.0,
NEW_HIRE_6M,cohort_retention,GR,2021-01-31,183,career_level,Individual Contributor,1.0,1,0,1.0,
NEW_HIRE_6M,cohort_retention,GR,2021-01-31,183,career_level,Manager,1.0,1,0,1.0,
NEW_HIRE_6M,cohort_retention,GR,2021-01-31,183,career_level,Senior Leader,1.0,1,0,1.0,
NEW_HIRE_6M,cohort_retention,GR,2021-02-28,183,career_level,All new hires,9.0,9,0,1.0,
NEW_HIRE_6M,cohort_retention,GR,2021-02-28,183,career_level,Individual Contributor,6.0,6,0,1.0,
NEW_HIRE_6M,cohort_retention,GR,2021-02-28,183,career_level,Manager,1.0,1,0,1.0,
NEW_HIRE_6M,cohort_retention,GR,2021-02-28,183,career_level,Senior Leader,2.0,2,0,1.0,
NEW_HIRE_6M,cohort_retention,GR,2021-03-31,183,career_level,All new hires,3.0,3,0,1.0,
NEW_HIRE_6M,cohort_retention,GR,2021-03-31,183,career_level,Individual Contributor,1.0,1,0,1.0,
NEW_HIRE_6M,cohort_retention,GR,2021-03-31,183,career_level,Manager,1.0,1,0,1.0,
NEW_HIRE_6M,cohort_retention,GR,2021-03-31,183,career_level,Senior Leader,1.0,1,0,1.0,
NEW_HIRE_6M,cohort_retention,GR,2021-04-30,183,career_level,All new hires,7.0,7,0,1.0,
NEW_HIRE_6M,cohort_retention,GR,2021-04-30,183,career_level,Individual Contributor,4.0,4,0,1.0,
NEW_HIRE_6M,cohort_retention,GR,2021-04-30,183,career_level,Manager,3.0,3,0,1.0,
NEW_HIRE_6M,cohort_retention,GR,2021-05-31,183,career_level,All new hires,10.0,7,0,0.7,
NEW_HIRE_6M,cohort_retention,GR,2021-05-31,183,career_level,Individual Contributor,4.0,3,0,0.75,
NEW_HIRE_6M,cohort_retention,GR,2021-05-31,183,career_level,Manager,3.0,2,0,0.6666666666666666,
NEW_HIRE_6M,cohort_retention,GR,2021-05-31,183,career_level,Senior Leader,3.0,2,0,0.6666666666666666,
NEW_HIRE_6M,cohort_retention,GR,2021-06-30,183,career_level,All new hires,6.0,5,0,0.8333333333333334,
NEW_HIRE_6M,cohort_retention,GR,2021-06-30,183,career_level,Individual Contributor,4.0,3,0,0.75,
NEW_HIRE_6M,cohort_retention,GR,2021-06-30,183,career_level,Senior Leader,2.0,2,0,1.0,
NEW_HIRE_6M,cohort_retention,GR,2021-07-31,183,career_level,All new hires,6.0,5,0,0.8333333333333334,
NEW_HIRE_6M,cohort_retention,GR,2021-07-31,183,career_level,Individual Contributor,3.0,3,0,1.0,
NEW_HIRE_6M,cohort_retention,GR,2021-07-31,183,career_level,Manager,1.0,1,0,1.0,
NEW_HIRE_6M,cohort_retention,GR,2021-07-31,183,career_level,Senior Leader,2.0,1,0,0.5,
NEW_HIRE_6M,cohort_retention,GR,2021-08-31,183,career_level,All new hires,4.0,2,0,0.5,
NEW_HIRE_6M,cohort_retention,GR,2021-08-31,183,career_level,Individual Contributor,1.0,1,0,1.0,
NEW_HIRE_6M,cohort_retention,GR,2021-08-31,183,career_level,Manager,2.0,1,0,0.5,
NEW_HIRE_6M,cohort_retention,GR,2021-08-31,183,career_level,Senior Leader,1.0,0,0,0.0,
NEW_HIRE_6M,cohort_retention,GR,2021-09-30,183,career_level,All new hires,8.0,8,0,1.0,
NEW_HIRE_6M,cohort_retention,GR,2021-09-30,183,career_level,Individual Contributor,6.0,6,0,1.0,
NEW_HIRE_6M,cohort_retention,GR,2021-09-30,183,career_level,Manager,2.0,2,0,1.0,
NEW_HIRE_6M,cohort_retention,GR,2021-10-31,183,career_level,All new hires,11.0,8,0,0.7272727272727273,
NEW_HIRE_6M,cohort_retention,GR,2021-10-31,183,career_level,Individual Contributor,1.0,1,0,1.0,
NEW_HIRE_6M,cohort_retention,GR,2021-10-31,183,career_level,Manager,5.0,4,0,0.8,
NEW_HIRE_6M,cohort_retention,GR,2021-10-31,183,career_level,Senior Leader,5.0,3,0,0.6,
NEW_HIRE_6M,cohort_retention,GR,2021-11-30,183,career_level,All new hires,8.0,8,0,1.0,
NEW_HIRE_6M,cohort_retention,GR,2021-11-30,183,career_level,Individual Contributor,6.0,6,0,1.0,
NEW_HIRE_6M,cohort_retention,GR,2021-11-30,183,career_level,Manager,1.0,1,0,1.0,
NEW_HIRE_6M,cohort_retention,GR,2021-11-30,183,career_level,Senior Leader,1.0,1,0,1.0,
NEW_HIRE_6M,cohort_retention,GR,2021-12-31,183,career_level,All new hires,6.0,5,0,0.8333333333333334,
NEW_HIRE_6M,cohort_retention,GR,2021-12-31,183,career_level,Individual Contributor,3.0,2,0,0.6666666666666666,
NEW_HIRE_6M,cohort_retention,GR,2021-12-31,183,career_level,Manager,2.0,2,0,1.0,
NEW_HIRE_6M,cohort_retention,GR,2021-12-31,183,career_level,Senior Leader,1.0,1,0,1.0,
NEW_HIRE_6M,cohort_retention,GR,2022-01-31,183,career_level,All new hires,7.0,4,0,0.5714285714285714,
NEW_HIRE_6M,cohort_retention,GR,2022-01-31,183,career_level,Individual Contributor,4.0,1,0,0.25,
NEW_HIRE_6M,cohort_retention,GR,2022-01-31,183,career_level,Manager,2.0,2,0,1.0,
NEW_HIRE_6M,cohort_retention,GR,2022-01-31,183,career_level,Senior Leader,1.0,1,0,1.0,
NEW_HIRE_6M,cohort_retention,GR,2022-02-28,183,career_level,All new hires,3.0,3,0,1.0,
NEW_HIRE_6M,cohort_retention,GR,2022-02-28,183,career_level,Individual Contributor,1.0,1,0,1.0,
NEW_HIRE_6M,cohort_retention,GR,2022-02-28,183,career_level,Manager,2.0,2,0,1.0,
NEW_HIRE_6M,cohort_retention,GR,2022-03-31,183,career_level,All new hires,1.0,1,0,1.0,
NEW_HIRE_6M,cohort_retention,GR,2022-03-31,183,career_level,Individual Contributor,1.0,1,0,1.0,
NEW_HIRE_6M,cohort_retention,GR,2022-04-30,183,career_level,All new hires,9.0,8,0,0.8888888888888888,
NEW_HIRE_6M,cohort_retention,GR,2022-04-30,183,career_level,Individual Contributor,4.0,4,0,1.0,
NEW_HIRE_6M,cohort_retention,GR,2022-04-30,183,career_level,Manager,3.0,2,0,0.6666666666666666,
NEW_HIRE_6M,cohort_retention,GR,2022-04-30,183,career_level,Senior Leader,2.0,2,0,1.0,
NEW_HIRE_6M,cohort_retention,GR,2022-05-31,183,career_level,All new hires,8.0,8,0,1.0,
NEW_HIRE_6M,cohort_retention,GR,2022-05-31,183,career_level,Individual Contributor,2.0,2,0,1.0,
NEW_HIRE_6M,cohort_retention,GR,2022-05-31,183,career_level,Manager,2.0,2,0,1.0,
NEW_HIRE_6M,cohort_retention,GR,2022-05-31,183,career_level,Senior Leader,4.0,4,0,1.0,
NEW_HIRE_6M,cohort_retention,GR,2022-06-30,183,career_level,All new hires,5.0,5,0,1.0,
NEW_HIRE_6M,cohort_retention,GR,2022-06-30,183,career_level,Individual Contributor,3.0,3,0,1.0,
NEW_HIRE_6M,cohort_retention,GR,2022-06-30,183,career_level,Manager,2.0,2,0,1.0,
NEW_HIRE_6M,cohort_retention,GR,2022-07-31,183,career_level,All new hires,5.0,5,0,1.0,
NEW_HIRE_6M,cohort_retention,GR,2022-07-31,183,career_level,Individual Contributor,2.0,2,0,1.0,
NEW_HIRE_6M,cohort_retention,GR,2022-07-31,183,career_level,Manager,2.0,2,0,1.0,
NEW_HIRE_6M,cohort_retention,GR,2022-07-31,183,career_level,Senior Leader,1.0,1,0,1.0,
NEW_HIRE_6M,cohort_retention,GR,2022-08-31,183,career_level,All new hires,7.0,7,0,1.0,
NEW_HIRE_6M,cohort_retention,GR,2022-08-31,183,career_level,Individual Contributor,4.0,4,0,1.0,
NEW_HIRE_6M,cohort_retention,GR,2022-08-31,183,career_level,Manager,1.0,1,0,1.0,
NEW_HIRE_6M,cohort_retention,GR,2022-08-31,183,career_level,Senior Leader,2.0,2,0,1.0,
NEW_HIRE_6M,cohort_retention,GR,2022-09-30,183,career_level,All new hires,4.0,4,0,1.0,
NEW_HIRE_6M,cohort_retention,GR,2022-09-30,183,career_level,Individual Contributor,2.0,2,0,1.0,
NEW_HIRE_6M,cohort_retention,GR,2022-09-30,183,career_level,Manager,2.0,2,0,1.0,
NEW_HIRE_6M,cohort_retention,GR,2022-10-31,183,career_level,All new hires,4.0,3,0,0.75,
NEW_HIRE_6M,cohort_retention,GR,2022-10-31,183,career_level,Individual Contributor,2.0,2,0,1.0,
NEW_HIRE_6M,cohort_retention,GR,2022-10-31,183,career_level,Manager,1.0,0,0,0.0,
NEW_HIRE_6M,cohort_retention,GR,2022-10-31,183,career_level,Senior Leader,1.0,1,0,1.0,
NEW_HIRE_6M,cohort_retention,GR,2022-11-30,183,career_level,All new hires,6.0,6,0,1.0,
NEW_HIRE_6M,cohort_retention,GR,2022-11-30,183,career_level,Individual Contributor,3.0,3,0,1.0,
NEW_HIRE_6M,cohort_retention,GR,2022-11-30,183,career_level,Manager,3.0,3,0,1.0,
NEW_HIRE_6M,cohort_retention,GR,2022-12-31,183,career_level,All new hires,5.0,4,0,0.8,
NEW_HIRE_6M,cohort_retention,GR,2022-12-31,183,career_level,Individual Contributor,3.0,2,0,0.6666666666666666,
NEW_HIRE_6M,cohort_retention,GR,2022-12-31,183,career_level,Manager,1.0,1,0,1.0,
NEW_HIRE_6M,cohort_retention,GR,2022-12-31,183,career_level,Senior Leader,1.0,1,0,1.0,
NEW_HIRE_6M,cohort_retention,GR,2023-01-31,183,career_level,All new hires,6.0,6,0,1.0,
NEW_HIRE_6M,cohort_retention,GR,2023-01-31,183,career_level,Individual Contributor,2.0,2,0,1.0,
NEW_HIRE_6M,cohort_retention,GR,2023-01-31,183,career_level,Manager,3.0,3,0,1.0,
NEW_HIRE_6M,cohort_retention,GR,2023-01-31,183,career_level,Senior Leader,1.0,1,0,1.0,
NEW_HIRE_6M,cohort_retention,GR,2023-02-28,183,career_level,All new hires,6.0,6,0,1.0,
NEW_HIRE_6M,cohort_retention,GR,2023-02-28,183,career_level,Individual Contributor,1.0,1,0,1.0,
NEW_HIRE_6M,cohort_retention,GR,2023-02-28,183,career_level,Manager,4.0,4,0,1.0,
NEW_HIRE_6M,cohort_retention,GR,2023-02-28,183,career_level,Senior Leader,1.0,1,0,1.0,
NEW_HIRE_6M,cohort_retention,GR,2023-03-31,183,career_level,All new hires,1.0,1,0,1.0,
NEW_HIRE_6M,cohort_retention,GR,2023-03-31,183,career_level,Individual Contributor,1.0,1,0,1.0,
NEW_HIRE_6M,cohort_retention,GR,2023-04-30,183,career_level,All new hires,4.0,3,0,0.75,
NEW_HIRE_6M,cohort_retention,GR,2023-04-30,183,career_level,Individual Contributor,1.0,1,0,1.0,
NEW_HIRE_6M,cohort_retention,GR,2023-04-30,183,career_level,Manager,3.0,2,0,0.6666666666666666,
NEW_HIRE_6M,cohort_retention,GR,2023-05-31,183,career_level,All new hires,8.0,6,0,0.75,
NEW_HIRE_6M,cohort_retention,GR,2023-05-31,183,career_level,Individual Contributor,6.0,4,0,0.6666666666666666,
NEW_HIRE_6M,cohort_retention,GR,2023-05-31,183,career_level,Manager,2.0,2,0,1.0,
NEW_HIRE_6M,cohort_retention,GR,2023-06-30,183,career_level,All new hires,5.0,4,0,0.8,
NEW_HIRE_6M,cohort_retention,GR,2023-06-30,183,career_level,Individual Contributor,1.0,0,0,0.0,
NEW_HIRE_6M,cohort_retention,GR,2023-06-30,183,career_level,Manager,2.0,2,0,1.0,
NEW_HIRE_6M,cohort_retention,GR,2023-06-30,183,career_level,Senior Leader,2.0,2,0,1.0,
NEW_HIRE_6M,cohort_retention,GR,2023-07-31,183,career_level,All new hires,4.0,4,0,1.0,
NEW_HIRE_6M,cohort_retention,GR,2023-07-31,183,career_level,Individual Contributor,1.0,1,0,1.0,
NEW_HIRE_6M,cohort_retention,GR,2023-07-31,183,career_level,Manager,2.0,2,0,1.0,
NEW_HIRE_6M,cohort_retention,GR,2023-07-31,183,career_level,Senior Leader,1.0,1,0,1.0,
NEW_HIRE_6M,cohort_retention,GR,2023-08-31,183,career_level,All new hires,15.0,14,0,0.9333333333333333,
NEW_HIRE_6M,cohort_retention,GR,2023-08-31,183,career_level,Individual Contributor,5.0,5,0,1.0,
NEW_HIRE_6M,cohort_retention,GR,2023-08-31,183,career_level,Manager,9.0,8,0,0.8888888888888888,
NEW_HIRE_6M,cohort_retention,GR,2023-08-31,183,career_level,Senior Leader,1.0,1,0,1.0,
NEW_HIRE_6M,cohort_retention,GR,2023-09-30,183,career_level,All new hires,7.0,7,0,1.0,
NEW_HIRE_6M,cohort_retention,GR,2023-09-30,183,career_level,Individual Contributor,2.0,2,0,1.0,
NEW_HIRE_6M,cohort_retention,GR,2023-09-30,183,career_level,Manager,3.0,3,0,1.0,
NEW_HIRE_6M,cohort_retention,GR,2023-09-30,183,career_level,Senior Leader,2.0,2,0,1.0,
NEW_HIRE_6M,cohort_retention,GR,2023-10-31,183,career_level,All new hires,2.0,2,0,1.0,
NEW_HIRE_6M,cohort_retention,GR,2023-10-31,183,career_level,Senior Leader,2.0,2,0,1.0,
NEW_HIRE_6M,cohort_retention,GR,2023-11-30,183,career_level,All new hires,3.0,3,0,1.0,
NEW_HIRE_6M,cohort_retention,GR,2023-11-30,183,career_level,Individual Contributor,2.0,2,0,1.0,
NEW_HIRE_6M,cohort_retention,GR,2023-11-30,183,career_level,Senior Leader,1.0,1,0,1.0,
NEW_HIRE_6M,cohort_retention,GR,2023-12-31,183,career_level,All new hires,3.0,2,0,0.6666666666666666,
NEW_HIRE_6M,cohort_retention,GR,2023-12-31,183,career_level,Individual Contributor,1.0,1,0,1.0,
NEW_HIRE_6M,cohort_retention,GR,2023-12-31,183,career_level,Senior Leader,2.0,1,0,0.5,
NEW_HIRE_6M,cohort_retention,GR,2024-01-31,183,career_level,All new hires,4.0,4,0,1.0,
NEW_HIRE_6M,cohort_retention,GR,2024-01-31,183,career_level,Individual Contributor,1.0,1,0,1.0,
NEW_HIRE_6M,cohort_retention,GR,2024-01-31,183,career_level,Manager,1.0,1,0,1.0,
NEW_HIRE_6M,cohort_retention,GR,2024-01-31,183,career_level,Senior Leader,2.0,2,0,1.0,
NEW_HIRE_6M,cohort_retention,GR,2024-02-29,183,career_level,All new hires,4.0,3,0,0.75,
NEW_HIRE_6M,cohort_retention,GR,2024-02-29,183,career_level,Individual Contributor,1.0,1,0,1.0,
NEW_HIRE_6M,cohort_retention,GR,2024-02-29,183,career_level,Manager,2.0,1,0,0.5,
NEW_HIRE_6M,cohort_retention,GR,2024-02-29,183,career_level,Senior Leader,1.0,1,0,1.0,
NEW_HIRE_6M,cohort_retention,GR,2024-03-31,183,career_level,All new hires,5.0,4,0,0.8,
NEW_HIRE_6M,cohort_retention,GR,2024-03-31,183,career_level,Individual Contributor,3.0,3,0,1.0,
NEW_HIRE_6M,cohort_retention,GR,2024-03-31,183,career_level,Senior Leader,2.0,1,0,0.5,
NEW_HIRE_6M,cohort_retention,GR,2024-04-30,183,career_level,All new hires,7.0,6,0,0.8571428571428571,
NEW_HIRE_6M,cohort_retention,GR,2024-04-30,183,career_level,Individual Contributor,5.0,4,0,0.8,
NEW_HIRE_6M,cohort_retention,GR,2024-04-30,183,career_level,Manager,1.0,1,0,1.0,
NEW_HIRE_6M,cohort_retention,GR,2024-04-30,183,career_level,Senior Leader,1.0,1,0,1.0,
NEW_HIRE_6M,cohort_retention,GR,2024-05-31,183,career_level,All new hires,2.0,2,0,1.0,
NEW_HIRE_6M,cohort_retention,GR,2024-05-31,183,career_level,Individual Contributor,2.0,2,0,1.0,
NEW_HIRE_6M,cohort_retention,GR,2024-06-30,183,career_level,All new hires,5.0,4,0,0.8,
NEW_HIRE_6M,cohort_retention,GR,2024-06-30,183,career_level,Individual Contributor,2.0,2,0,1.0,
NEW_HIRE_6M,cohort_retention,GR,2024-06-30,183,career_level,Senior Leader,3.0,2,0,0.6666666666666666,
NEW_HIRE_6M,cohort_retention,GR,2024-07-31,183,career_level,All new hires,8.0,7,0,0.875,
NEW_HIRE_6M,cohort_retention,GR,2024-07-31,183,career_level,Individual Contributor,5.0,4,0,0.8,
NEW_HIRE_6M,cohort_retention,GR,2024-07-31,183,career_level,Manager,2.0,2,0,1.0,
NEW_HIRE_6M,cohort_retention,GR,2024-07-31,183,career_level,Senior Leader,1.0,1,0,1.0,
NEW_HIRE_6M,cohort_retention,GR,2024-08-31,183,career_level,All new hires,4.0,4,0,1.0,
NEW_HIRE_6M,cohort_retention,GR,2024-08-31,183,career_level,Individual Contributor,3.0,3,0,1.0,
NEW_HIRE_6M,cohort_retention,GR,2024-08-31,183,career_level,Manager,1.0,1,0,1.0,
NEW_HIRE_6M,cohort_retention,GR,2024-09-30,183,career_level,All new hires,5.0,5,0,1.0,
NEW_HIRE_6M,cohort_retention,GR,2024-09-30,183,career_level,Individual Contributor,2.0,2,0,1.0,
NEW_HIRE_6M,cohort_retention,GR,2024-09-30,183,career_level,Manager,3.0,3,0,1.0,
NEW_HIRE_6M,cohort_retention,GR,2024-10-31,183,career_level,All new hires,9.0,9,0,1.0,
NEW_HIRE_6M,cohort_retention,GR,2024-10-31,183,career_level,Individual Contributor,3.0,3,0,1.0,
NEW_HIRE_6M,cohort_retention,GR,2024-10-31,183,career_level,Manager,5.0,5,0,1.0,
NEW_HIRE_6M,cohort_retention,GR,2024-10-31,183,career_level,Senior Leader,1.0,1,0,1.0,
NEW_HIRE_6M,cohort_retention,GR,2024-11-30,183,career_level,All new hires,4.0,3,0,0.75,
NEW_HIRE_6M,cohort_retention,GR,2024-11-30,183,career_level,Individual Contributor,1.0,0,0,0.0,
NEW_HIRE_6M,cohort_retention,GR,2024-11-30,183,career_level,Manager,3.0,3,0,1.0,
NEW_HIRE_6M,cohort_retention,GR,2024-12-31,183,career_level,All new hires,11.0,10,0,0.9090909090909091,
NEW_HIRE_6M,cohort_retention,GR,2024-12-31,183,career_level,Individual Contributor,5.0,5,0,1.0,
NEW_HIRE_6M,cohort_retention,GR,2024-12-31,183,career_level,Manager,6.0,5,0,0.8333333333333334,
NEW_HIRE_6M,cohort_retention,GR,2025-01-31,183,career_level,All new hires,3.0,2,0,0.6666666666666666,
NEW_HIRE_6M,cohort_retention,GR,2025-01-31,183,career_level,Individual Contributor,1.0,1,0,1.0,
NEW_HIRE_6M,cohort_retention,GR,2025-01-31,183,career_level,Manager,1.0,0,0,0.0,
NEW_HIRE_6M,cohort_retention,GR,2025-01-31,183,career_level,Senior Leader,1.0,1,0,1.0,
NEW_HIRE_6M,cohort_retention,GR,2025-02-28,183,career_level,All new hires,4.0,2,0,0.5,
NEW_HIRE_6M,cohort_retention,GR,2025-02-28,183,career_level,Individual Contributor,3.0,2,0,0.6666666666666666,
NEW_HIRE_6M,cohort_retention,GR,2025-02-28,183,career_level,Senior Leader,1.0,0,0,0.0,
NEW_HIRE_6M,cohort_retention,GR,2025-03-31,183,career_level,All new hires,2.0,2,0,1.0,
NEW_HIRE_6M,cohort_retention,GR,2025-03-31,183,career_level,Individual Contributor,2.0,2,0,1.0,
NEW_HIRE_6M,cohort_retention,GR,2025-04-30,183,career_level,All new hires,2.0,2,0,1.0,
NEW_HIRE_6M,cohort_retention,GR,2025-04-30,183,career_level,Manager,1.0,1,0,1.0,
NEW_HIRE_6M,cohort_retention,GR,2025-04-30,183,career_level,Senior Leader,1.0,1,0,1.0,
NEW_HIRE_6M,cohort_retention,GR,2025-05-31,183,career_level,All new hires,6.0,6,0,1.0,
NEW_HIRE_6M,cohort_retention,GR,2025-05-31,183,career_level,Individual Contributor,3.0,3,0,1.0,
NEW_HIRE_6M,cohort_retention,GR,2025-05-31,183,career_level,Manager,3.0,3,0,1.0,
NEW_HIRE_6M,cohort_retention,GR,2025-06-30,183,career_level,All new hires,6.0,4,0,0.6666666666666666,
NEW_HIRE_6M,cohort_retention,GR,2025-06-30,183,career_level,Manager,5.0,3,0,0.6,
NEW_HIRE_6M,cohort_retention,GR,2025-06-30,183,career_level,Senior Leader,1.0,1,0,1.0,
NEW_HIRE_6M,cohort_retention,GR,2025-07-31,183,career_level,All new hires,0.0,0,7,,
NEW_HIRE_6M,cohort_retention,GR,2025-07-31,183,career_level,Individual Contributor,0.0,0,5,,
NEW_HIRE_6M,cohort_retention,GR,2025-07-31,183,career_level,Senior Leader,0.0,0,2,,
NEW_HIRE_6M,cohort_retention,GR,2025-08-31,183,career_level,All new hires,0.0,0,6,,
NEW_HIRE_6M,cohort_retention,GR,2025-08-31,183,career_level,Manager,0.0,0,4,,
NEW_HIRE_6M,cohort_retention,GR,2025-08-31,183,career_level,Senior Leader,0.0,0,2,,
NEW_HIRE_6M,cohort_retention,GR,2025-09-30,183,career_level,All new hires,0.0,0,2,,
NEW_HIRE_6M,cohort_retention,GR,2025-09-30,183,career_level,Senior Leader,0.0,0,2,,
NEW_HIRE_6M,cohort_retention,GR,2025-10-31,183,career_level,All new hires,0.0,0,5,,
NEW_HIRE_6M,cohort_retention,GR,2025-10-31,183,career_level,Individual Contributor,0.0,0,2,,
NEW_HIRE_6M,cohort_retention,GR,2025-10-31,183,career_level,Manager,0.0,0,3,,
NEW_HIRE_6M,cohort_retention,GR,2025-11-30,183,career_level,All new hires,0.0,0,4,,
NEW_HIRE_6M,cohort_retention,GR,2025-11-30,183,career_level,Individual Contributor,0.0,0,2,,
NEW_HIRE_6M,cohort_retention,GR,2025-11-30,183,career_level,Manager,0.0,0,2,,
NEW_HIRE_6M,cohort_retention,IE,2021-01-31,183,career_level,All new hires,4.0,4,0,1.0,
NEW_HIRE_6M,cohort_retention,IE,2021-01-31,183,career_level,Manager,2.0,2,0,1.0,
NEW_HIRE_6M,cohort_retention,IE,2021-01-31,183,career_level,Senior Leader,2.0,2,0,1.0,
NEW_HIRE_6M,cohort_retention,IE,2021-02-28,183,career_level,All new hires,5.0,4,0,0.8,
NEW_HIRE_6M,cohort_retention,IE,2021-02-28,183,career_level,Manager,4.0,3,0,0.75,
NEW_HIRE_6M,cohort_retention,IE,2021-02-28,183,career_level,Senior Leader,1.0,1,0,1.0,
NEW_HIRE_6M,cohort_retention,IE,2021-03-31,183,career_level,All new hires,4.0,1,0,0.25,
NEW_HIRE_6M,cohort_retention,IE,2021-03-31,183,career_level,Individual Contributor,3.0,1,0,0.3333333333333333,
NEW_HIRE_6M,cohort_retention,IE,2021-03-31,183,career_level,Manager,1.0,0,0,0.0,
NEW_HIRE_6M,cohort_retention,IE,2021-04-30,183,career_level,All new hires,3.0,3,0,1.0,
NEW_HIRE_6M,cohort_retention,IE,2021-04-30,183,career_level,Individual Contributor,2.0,2,0,1.0,
NEW_HIRE_6M,cohort_retention,IE,2021-04-30,183,career_level,Manager,1.0,1,0,1.0,
NEW_HIRE_6M,cohort_retention,IE,2021-06-30,183,career_level,All new hires,4.0,4,0,1.0,
NEW_HIRE_6M,cohort_retention,IE,2021-06-30,183,career_level,Individual Contributor,1.0,1,0,1.0,
NEW_HIRE_6M,cohort_retention,IE,2021-06-30,183,career_level,Manager,3.0,3,0,1.0,
NEW_HIRE_6M,cohort_retention,IE,2021-07-31,183,career_level,All new hires,5.0,4,0,0.8,
NEW_HIRE_6M,cohort_retention,IE,2021-07-31,183,career_level,Individual Contributor,4.0,3,0,0.75,
NEW_HIRE_6M,cohort_retention,IE,2021-07-31,183,career_level,Senior Leader,1.0,1,0,1.0,
NEW_HIRE_6M,cohort_retention,IE,2021-08-31,183,career_level,All new hires,4.0,3,0,0.75,
NEW_HIRE_6M,cohort_retention,IE,2021-08-31,183,career_level,Individual Contributor,2.0,1,0,0.5,
NEW_HIRE_6M,cohort_retention,IE,2021-08-31,183,career_level,Manager,1.0,1,0,1.0,
NEW_HIRE_6M,cohort_retention,IE,2021-08-31,183,career_level,Senior Leader,1.0,1,0,1.0,
NEW_HIRE_6M,cohort_retention,IE,2021-09-30,183,career_level,All new hires,7.0,6,0,0.8571428571428571,
NEW_HIRE_6M,cohort_retention,IE,2021-09-30,183,career_level,Individual Contributor,2.0,2,0,1.0,
NEW_HIRE_6M,cohort_retention,IE,2021-09-30,183,career_level,Manager,3.0,3,0,1.0,
NEW_HIRE_6M,cohort_retention,IE,2021-09-30,183,career_level,Senior Leader,2.0,1,0,0.5,
NEW_HIRE_6M,cohort_retention,IE,2021-10-31,183,career_level,All new hires,6.0,5,0,0.8333333333333334,
NEW_HIRE_6M,cohort_retention,IE,2021-10-31,183,career_level,Individual Contributor,3.0,2,0,0.6666666666666666,
NEW_HIRE_6M,cohort_retention,IE,2021-10-31,183,career_level,Manager,3.0,3,0,1.0,
NEW_HIRE_6M,cohort_retention,IE,2021-11-30,183,career_level,All new hires,6.0,6,0,1.0,
NEW_HIRE_6M,cohort_retention,IE,2021-11-30,183,career_level,Individual Contributor,4.0,4,0,1.0,
NEW_HIRE_6M,cohort_retention,IE,2021-11-30,183,career_level,Manager,1.0,1,0,1.0,
NEW_HIRE_6M,cohort_retention,IE,2021-11-30,183,career_level,Senior Leader,1.0,1,0,1.0,
NEW_HIRE_6M,cohort_retention,IE,2021-12-31,183,career_level,All new hires,5.0,3,0,0.6,
NEW_HIRE_6M,cohort_retention,IE,2021-12-31,183,career_level,Individual Contributor,3.0,1,0,0.3333333333333333,
NEW_HIRE_6M,cohort_retention,IE,2021-12-31,183,career_level,Manager,2.0,2,0,1.0,
NEW_HIRE_6M,cohort_retention,IE,2022-01-31,183,career_level,All new hires,6.0,6,0,1.0,
NEW_HIRE_6M,cohort_retention,IE,2022-01-31,183,career_level,Individual Contributor,3.0,3,0,1.0,
NEW_HIRE_6M,cohort_retention,IE,2022-01-31,183,career_level,Manager,2.0,2,0,1.0,
NEW_HIRE_6M,cohort_retention,IE,2022-01-31,183,career_level,Senior Leader,1.0,1,0,1.0,
NEW_HIRE_6M,cohort_retention,IE,2022-02-28,183,career_level,All new hires,4.0,2,0,0.5,
NEW_HIRE_6M,cohort_retention,IE,2022-02-28,183,career_level,Individual Contributor,2.0,2,0,1.0,
NEW_HIRE_6M,cohort_retention,IE,2022-02-28,183,career_level,Manager,2.0,0,0,0.0,
NEW_HIRE_6M,cohort_retention,IE,2022-03-31,183,career_level,All new hires,5.0,4,0,0.8,
NEW_HIRE_6M,cohort_retention,IE,2022-03-31,183,career_level,Individual Contributor,3.0,3,0,1.0,
NEW_HIRE_6M,cohort_retention,IE,2022-03-31,183,career_level,Manager,1.0,0,0,0.0,
NEW_HIRE_6M,cohort_retention,IE,2022-03-31,183,career_level,Senior Leader,1.0,1,0,1.0,
NEW_HIRE_6M,cohort_retention,IE,2022-04-30,183,career_level,All new hires,4.0,3,0,0.75,
NEW_HIRE_6M,cohort_retention,IE,2022-04-30,183,career_level,Individual Contributor,2.0,1,0,0.5,
NEW_HIRE_6M,cohort_retention,IE,2022-04-30,183,career_level,Manager,1.0,1,0,1.0,
NEW_HIRE_6M,cohort_retention,IE,2022-04-30,183,career_level,Senior Leader,1.0,1,0,1.0,
NEW_HIRE_6M,cohort_retention,IE,2022-05-31,183,career_level,All new hires,5.0,5,0,1.0,
NEW_HIRE_6M,cohort_retention,IE,2022-05-31,183,career_level,Individual Contributor,2.0,2,0,1.0,
NEW_HIRE_6M,cohort_retention,IE,2022-05-31,183,career_level,Manager,2.0,2,0,1.0,
NEW_HIRE_6M,cohort_retention,IE,2022-05-31,183,career_level,Senior Leader,1.0,1,0,1.0,
NEW_HIRE_6M,cohort_retention,IE,2022-06-30,183,career_level,All new hires,10.0,9,0,0.9,
NEW_HIRE_6M,cohort_retention,IE,2022-06-30,183,career_level,Individual Contributor,3.0,3,0,1.0,
NEW_HIRE_6M,cohort_retention,IE,2022-06-30,183,career_level,Manager,5.0,4,0,0.8,
NEW_HIRE_6M,cohort_retention,IE,2022-06-30,183,career_level,Senior Leader,2.0,2,0,1.0,
NEW_HIRE_6M,cohort_retention,IE,2022-07-31,183,career_level,All new hires,7.0,6,0,0.8571428571428571,
NEW_HIRE_6M,cohort_retention,IE,2022-07-31,183,career_level,Individual Contributor,4.0,3,0,0.75,
NEW_HIRE_6M,cohort_retention,IE,2022-07-31,183,career_level,Manager,3.0,3,0,1.0,
NEW_HIRE_6M,cohort_retention,IE,2022-08-31,183,career_level,All new hires,6.0,6,0,1.0,
NEW_HIRE_6M,cohort_retention,IE,2022-08-31,183,career_level,Individual Contributor,3.0,3,0,1.0,
NEW_HIRE_6M,cohort_retention,IE,2022-08-31,183,career_level,Manager,3.0,3,0,1.0,
NEW_HIRE_6M,cohort_retention,IE,2022-09-30,183,career_level,All new hires,9.0,7,0,0.7777777777777778,
NEW_HIRE_6M,cohort_retention,IE,2022-09-30,183,career_level,Individual Contributor,4.0,3,0,0.75,
NEW_HIRE_6M,cohort_retention,IE,2022-09-30,183,career_level,Manager,3.0,2,0,0.6666666666666666,
NEW_HIRE_6M,cohort_retention,IE,2022-09-30,183,career_level,Senior Leader,2.0,2,0,1.0,
NEW_HIRE_6M,cohort_retention,IE,2022-10-31,183,career_level,All new hires,2.0,2,0,1.0,
NEW_HIRE_6M,cohort_retention,IE,2022-10-31,183,career_level,Manager,2.0,2,0,1.0,
NEW_HIRE_6M,cohort_retention,IE,2022-11-30,183,career_level,All new hires,3.0,3,0,1.0,
NEW_HIRE_6M,cohort_retention,IE,2022-11-30,183,career_level,Individual Contributor,2.0,2,0,1.0,
NEW_HIRE_6M,cohort_retention,IE,2022-11-30,183,career_level,Senior Leader,1.0,1,0,1.0,
NEW_HIRE_6M,cohort_retention,IE,2022-12-31,183,career_level,All new hires,6.0,6,0,1.0,
NEW_HIRE_6M,cohort_retention,IE,2022-12-31,183,career_level,Individual Contributor,3.0,3,0,1.0,
NEW_HIRE_6M,cohort_retention,IE,2022-12-31,183,career_level,Manager,1.0,1,0,1.0,
NEW_HIRE_6M,cohort_retention,IE,2022-12-31,183,career_level,Senior Leader,2.0,2,0,1.0,
NEW_HIRE_6M,cohort_retention,IE,2023-01-31,183,career_level,All new hires,3.0,3,0,1.0,
NEW_HIRE_6M,cohort_retention,IE,2023-01-31,183,career_level,Individual Contributor,1.0,1,0,1.0,
NEW_HIRE_6M,cohort_retention,IE,2023-01-31,183,career_level,Manager,1.0,1,0,1.0,
NEW_HIRE_6M,cohort_retention,IE,2023-01-31,183,career_level,Senior Leader,1.0,1,0,1.0,
NEW_HIRE_6M,cohort_retention,IE,2023-02-28,183,career_level,All new hires,9.0,7,0,0.7777777777777778,
NEW_HIRE_6M,cohort_retention,IE,2023-02-28,183,career_level,Individual Contributor,5.0,4,0,0.8,
NEW_HIRE_6M,cohort_retention,IE,2023-02-28,183,career_level,Manager,2.0,1,0,0.5,
NEW_HIRE_6M,cohort_retention,IE,2023-02-28,183,career_level,Senior Leader,2.0,2,0,1.0,
NEW_HIRE_6M,cohort_retention,IE,2023-03-31,183,career_level,All new hires,8.0,8,0,1.0,
NEW_HIRE_6M,cohort_retention,IE,2023-03-31,183,career_level,Individual Contributor,5.0,5,0,1.0,
NEW_HIRE_6M,cohort_retention,IE,2023-03-31,183,career_level,Manager,3.0,3,0,1.0,
NEW_HIRE_6M,cohort_retention,IE,2023-04-30,183,career_level,All new hires,6.0,4,0,0.6666666666666666,
NEW_HIRE_6M,cohort_retention,IE,2023-04-30,183,career_level,Individual Contributor,3.0,3,0,1.0,
NEW_HIRE_6M,cohort_retention,IE,2023-04-30,183,career_level,Manager,1.0,1,0,1.0,
NEW_HIRE_6M,cohort_retention,IE,2023-04-30,183,career_level,Senior Leader,2.0,0,0,0.0,
NEW_HIRE_6M,cohort_retention,IE,2023-05-31,183,career_level,All new hires,6.0,6,0,1.0,
NEW_HIRE_6M,cohort_retention,IE,2023-05-31,183,career_level,Individual Contributor,3.0,3,0,1.0,
NEW_HIRE_6M,cohort_retention,IE,2023-05-31,183,career_level,Manager,3.0,3,0,1.0,
NEW_HIRE_6M,cohort_retention,IE,2023-06-30,183,career_level,All new hires,2.0,2,0,1.0,
NEW_HIRE_6M,cohort_retention,IE,2023-06-30,183,career_level,Individual Contributor,1.0,1,0,1.0,
NEW_HIRE_6M,cohort_retention,IE,2023-06-30,183,career_level,Senior Leader,1.0,1,0,1.0,
NEW_HIRE_6M,cohort_retention,IE,2023-07-31,183,career_level,All new hires,2.0,2,0,1.0,
NEW_HIRE_6M,cohort_retention,IE,2023-07-31,183,career_level,Manager,2.0,2,0,1.0,
NEW_HIRE_6M,cohort_retention,IE,2023-08-31,183,career_level,All new hires,6.0,4,0,0.6666666666666666,
NEW_HIRE_6M,cohort_retention,IE,2023-08-31,183,career_level,Individual Contributor,3.0,2,0,0.6666666666666666,
NEW_HIRE_6M,cohort_retention,IE,2023-08-31,183,career_level,Manager,2.0,2,0,1.0,
NEW_HIRE_6M,cohort_retention,IE,2023-08-31,183,career_level,Senior Leader,1.0,0,0,0.0,
NEW_HIRE_6M,cohort_retention,IE,2023-09-30,183,career_level,All new hires,1.0,1,0,1.0,
NEW_HIRE_6M,cohort_retention,IE,2023-09-30,183,career_level,Manager,1.0,1,0,1.0,
NEW_HIRE_6M,cohort_retention,IE,2023-11-30,183,career_level,All new hires,6.0,5,0,0.8333333333333334,
NEW_HIRE_6M,cohort_retention,IE,2023-11-30,183,career_level,Individual Contributor,4.0,3,0,0.75,
NEW_HIRE_6M,cohort_retention,IE,2023-11-30,183,career_level,Manager,2.0,2,0,1.0,
NEW_HIRE_6M,cohort_retention,IE,2023-12-31,183,career_level,All new hires,9.0,8,0,0.8888888888888888,
NEW_HIRE_6M,cohort_retention,IE,2023-12-31,183,career_level,Individual Contributor,4.0,3,0,0.75,
NEW_HIRE_6M,cohort_retention,IE,2023-12-31,183,career_level,Manager,4.0,4,0,1.0,
NEW_HIRE_6M,cohort_retention,IE,2023-12-31,183,career_level,Senior Leader,1.0,1,0,1.0,
NEW_HIRE_6M,cohort_retention,IE,2024-01-31,183,career_level,All new hires,5.0,4,0,0.8,
NEW_HIRE_6M,cohort_retention,IE,2024-01-31,183,career_level,Individual Contributor,2.0,2,0,1.0,
NEW_HIRE_6M,cohort_retention,IE,2024-01-31,183,career_level,Manager,3.0,2,0,0.6666666666666666,
NEW_HIRE_6M,cohort_retention,IE,2024-02-29,183,career_level,All new hires,2.0,2,0,1.0,
NEW_HIRE_6M,cohort_retention,IE,2024-02-29,183,career_level,Individual Contributor,1.0,1,0,1.0,
NEW_HIRE_6M,cohort_retention,IE,2024-02-29,183,career_level,Manager,1.0,1,0,1.0,
NEW_HIRE_6M,cohort_retention,IE,2024-03-31,183,career_level,All new hires,8.0,6,0,0.75,
NEW_HIRE_6M,cohort_retention,IE,2024-03-31,183,career_level,Individual Contributor,3.0,2,0,0.6666666666666666,
NEW_HIRE_6M,cohort_retention,IE,2024-03-31,183,career_level,Manager,2.0,2,0,1.0,
NEW_HIRE_6M,cohort_retention,IE,2024-03-31,183,career_level,Senior Leader,3.0,2,0,0.6666666666666666,
NEW_HIRE_6M,cohort_retention,IE,2024-04-30,183,career_level,All new hires,6.0,5,0,0.8333333333333334,
NEW_HIRE_6M,cohort_retention,IE,2024-04-30,183,career_level,Individual Contributor,5.0,4,0,0.8,
NEW_HIRE_6M,cohort_retention,IE,2024-04-30,183,career_level,Manager,1.0,1,0,1.0,
NEW_HIRE_6M,cohort_retention,IE,2024-05-31,183,career_level,All new hires,7.0,6,0,0.8571428571428571,
NEW_HIRE_6M,cohort_retention,IE,2024-05-31,183,career_level,Individual Contributor,2.0,2,0,1.0,
NEW_HIRE_6M,cohort_retention,IE,2024-05-31,183,career_level,Manager,3.0,2,0,0.6666666666666666,
NEW_HIRE_6M,cohort_retention,IE,2024-05-31,183,career_level,Senior Leader,2.0,2,0,1.0,
NEW_HIRE_6M,cohort_retention,IE,2024-06-30,183,career_level,All new hires,4.0,4,0,1.0,
NEW_HIRE_6M,cohort_retention,IE,2024-06-30,183,career_level,Individual Contributor,4.0,4,0,1.0,
NEW_HIRE_6M,cohort_retention,IE,2024-07-31,183,career_level,All new hires,7.0,7,0,1.0,
NEW_HIRE_6M,cohort_retention,IE,2024-07-31,183,career_level,Individual Contributor,4.0,4,0,1.0,
NEW_HIRE_6M,cohort_retention,IE,2024-07-31,183,career_level,Manager,3.0,3,0,1.0,
NEW_HIRE_6M,cohort_retention,IE,2024-08-31,183,career_level,All new hires,6.0,5,0,0.8333333333333334,
NEW_HIRE_6M,cohort_retention,IE,2024-08-31,183,career_level,Individual Contributor,5.0,4,0,0.8,
NEW_HIRE_6M,cohort_retention,IE,2024-08-31,183,career_level,Senior Leader,1.0,1,0,1.0,
NEW_HIRE_6M,cohort_retention,IE,2024-09-30,183,career_level,All new hires,4.0,4,0,1.0,
NEW_HIRE_6M,cohort_retention,IE,2024-09-30,183,career_level,Individual Contributor,3.0,3,0,1.0,
NEW_HIRE_6M,cohort_retention,IE,2024-09-30,183,career_level,Manager,1.0,1,0,1.0,
NEW_HIRE_6M,cohort_retention,IE,2024-10-31,183,career_level,All new hires,3.0,3,0,1.0,
NEW_HIRE_6M,cohort_retention,IE,2024-10-31,183,career_level,Individual Contributor,3.0,3,0,1.0,
NEW_HIRE_6M,cohort_retention,IE,2024-11-30,183,career_level,All new hires,7.0,6,0,0.8571428571428571,
NEW_HIRE_6M,cohort_retention,IE,2024-11-30,183,career_level,Individual Contributor,4.0,3,0,0.75,
NEW_HIRE_6M,cohort_retention,IE,2024-11-30,183,career_level,Manager,3.0,3,0,1.0,
NEW_HIRE_6M,cohort_retention,IE,2024-12-31,183,career_level,All new hires,6.0,5,0,0.8333333333333334,
NEW_HIRE_6M,cohort_retention,IE,2024-12-31,183,career_level,Individual Contributor,1.0,1,0,1.0,
NEW_HIRE_6M,cohort_retention,IE,2024-12-31,183,career_level,Manager,3.0,3,0,1.0,
NEW_HIRE_6M,cohort_retention,IE,2024-12-31,183,career_level,Senior Leader,2.0,1,0,0.5,
NEW_HIRE_6M,cohort_retention,IE,2025-01-31,183,career_level,All new hires,2.0,2,0,1.0,
NEW_HIRE_6M,cohort_retention,IE,2025-01-31,183,career_level,Individual Contributor,1.0,1,0,1.0,
NEW_HIRE_6M,cohort_retention,IE,2025-01-31,183,career_level,Manager,1.0,1,0,1.0,
NEW_HIRE_6M,cohort_retention,IE,2025-02-28,183,career_level,All new hires,4.0,4,0,1.0,
NEW_HIRE_6M,cohort_retention,IE,2025-02-28,183,career_level,Individual Contributor,2.0,2,0,1.0,
NEW_HIRE_6M,cohort_retention,IE,2025-02-28,183,career_level,Manager,2.0,2,0,1.0,
NEW_HIRE_6M,cohort_retention,IE,2025-03-31,183,career_level,All new hires,6.0,5,0,0.8333333333333334,
NEW_HIRE_6M,cohort_retention,IE,2025-03-31,183,career_level,Individual Contributor,5.0,4,0,0.8,
NEW_HIRE_6M,cohort_retention,IE,2025-03-31,183,career_level,Senior Leader,1.0,1,0,1.0,
NEW_HIRE_6M,cohort_retention,IE,2025-04-30,183,career_level,All new hires,11.0,11,0,1.0,
NEW_HIRE_6M,cohort_retention,IE,2025-04-30,183,career_level,Individual Contributor,5.0,5,0,1.0,
NEW_HIRE_6M,cohort_retention,IE,2025-04-30,183,career_level,Manager,3.0,3,0,1.0,
NEW_HIRE_6M,cohort_retention,IE,2025-04-30,183,career_level,Senior Leader,3.0,3,0,1.0,
NEW_HIRE_6M,cohort_retention,IE,2025-05-31,183,career_level,All new hires,7.0,6,0,0.8571428571428571,
NEW_HIRE_6M,cohort_retention,IE,2025-05-31,183,career_level,Individual Contributor,4.0,3,0,0.75,
NEW_HIRE_6M,cohort_retention,IE,2025-05-31,183,career_level,Manager,2.0,2,0,1.0,
NEW_HIRE_6M,cohort_retention,IE,2025-05-31,183,career_level,Senior Leader,1.0,1,0,1.0,
NEW_HIRE_6M,cohort_retention,IE,2025-06-30,183,career_level,All new hires,2.0,2,0,1.0,
NEW_HIRE_6M,cohort_retention,IE,2025-06-30,183,career_level,Individual Contributor,1.0,1,0,1.0,
NEW_HIRE_6M,cohort_retention,IE,2025-06-30,183,career_level,Manager,1.0,1,0,1.0,
NEW_HIRE_6M,cohort_retention,IE,2025-07-31,183,career_level,All new hires,0.0,0,5,,
NEW_HIRE_6M,cohort_retention,IE,2025-07-31,183,career_level,Individual Contributor,0.0,0,4,,
NEW_HIRE_6M,cohort_retention,IE,2025-07-31,183,career_level,Manager,0.0,0,1,,
NEW_HIRE_6M,cohort_retention,IE,2025-08-31,183,career_level,All new hires,0.0,0,8,,
NEW_HIRE_6M,cohort_retention,IE,2025-08-31,183,career_level,Individual Contributor,0.0,0,5,,
NEW_HIRE_6M,cohort_retention,IE,2025-08-31,183,career_level,Manager,0.0,0,3,,
NEW_HIRE_6M,cohort_retention,IE,2025-09-30,183,career_level,All new hires,0.0,0,4,,
NEW_HIRE_6M,cohort_retention,IE,2025-09-30,183,career_level,Individual Contributor,0.0,0,1,,
NEW_HIRE_6M,cohort_retention,IE,2025-09-30,183,career_level,Manager,0.0,0,2,,
NEW_HIRE_6M,cohort_retention,IE,2025-09-30,183,career_level,Senior Leader,0.0,0,1,,
NEW_HIRE_6M,cohort_retention,IE,2025-10-31,183,career_level,All new hires,0.0,0,6,,
NEW_HIRE_6M,cohort_retention,IE,2025-10-31,183,career_level,Individual Contributor,0.0,0,3,,
NEW_HIRE_6M,cohort_retention,IE,2025-10-31,183,career_level,Manager,0.0,0,1,,
NEW_HIRE_6M,cohort_retention,IE,2025-10-31,183,career_level,Senior Leader,0.0,0,2,,
NEW_HIRE_6M,cohort_retention,IE,2025-11-30,183,career_level,All new hires,0.0,0,4,,
NEW_HIRE_6M,cohort_retention,IE,2025-11-30,183,career_level,Individual Contributor,0.0,0,3,,
NEW_HIRE_6M,cohort_retention,IE,2025-11-30,183,career_level,Senior Leader,0.0,0,1,,
NEW_HIRE_6M,cohort_retention,IT,2021-01-31,183,career_level,All new hires,6.0,6,0,1.0,
NEW_HIRE_6M,cohort_retention,IT,2021-01-31,183,career_level,Individual Contributor,2.0,2,0,1.0,
NEW_HIRE_6M,cohort_retention,IT,2021-01-31,183,career_level,Manager,3.0,3,0,1.0,
NEW_HIRE_6M,cohort_retention,IT,2021-01-31,183,career_level,Senior Leader,1.0,1,0,1.0,
NEW_HIRE_6M,cohort_retention,IT,2021-02-28,183,career_level,All new hires,8.0,6,0,0.75,
NEW_HIRE_6M,cohort_retention,IT,2021-02-28,183,career_level,Individual Contributor,3.0,1,0,0.3333333333333333,
NEW_HIRE_6M,cohort_retention,IT,2021-02-28,183,career_level,Manager,4.0,4,0,1.0,
NEW_HIRE_6M,cohort_retention,IT,2021-02-28,183,career_level,Senior Leader,1.0,1,0,1.0,
NEW_HIRE_6M,cohort_retention,IT,2021-03-31,183,career_level,All new hires,9.0,8,0,0.8888888888888888,
NEW_HIRE_6M,cohort_retention,IT,2021-03-31,183,career_level,Individual Contributor,7.0,6,0,0.8571428571428571,
NEW_HIRE_6M,cohort_retention,IT,2021-03-31,183,career_level,Manager,2.0,2,0,1.0,
NEW_HIRE_6M,cohort_retention,IT,2021-04-30,183,career_level,All new hires,9.0,9,0,1.0,
NEW_HIRE_6M,cohort_retention,IT,2021-04-30,183,career_level,Individual Contributor,5.0,5,0,1.0,
NEW_HIRE_6M,cohort_retention,IT,2021-04-30,183,career_level,Manager,4.0,4,0,1.0,
NEW_HIRE_6M,cohort_retention,IT,2021-05-31,183,career_level,All new hires,5.0,5,0,1.0,
NEW_HIRE_6M,cohort_retention,IT,2021-05-31,183,career_level,Individual Contributor,4.0,4,0,1.0,
NEW_HIRE_6M,cohort_retention,IT,2021-05-31,183,career_level,Manager,1.0,1,0,1.0,
NEW_HIRE_6M,cohort_retention,IT,2021-06-30,183,career_level,All new hires,1.0,0,0,0.0,
NEW_HIRE_6M,cohort_retention,IT,2021-06-30,183,career_level,Individual Contributor,1.0,0,0,0.0,
NEW_HIRE_6M,cohort_retention,IT,2021-07-31,183,career_level,All new hires,10.0,6,0,0.6,
NEW_HIRE_6M,cohort_retention,IT,2021-07-31,183,career_level,Individual Contributor,6.0,3,0,0.5,
NEW_HIRE_6M,cohort_retention,IT,2021-07-31,183,career_level,Manager,3.0,3,0,1.0,
NEW_HIRE_6M,cohort_retention,IT,2021-07-31,183,career_level,Senior Leader,1.0,0,0,0.0,
NEW_HIRE_6M,cohort_retention,IT,2021-08-31,183,career_level,All new hires,8.0,5,0,0.625,
NEW_HIRE_6M,cohort_retention,IT,2021-08-31,183,career_level,Individual Contributor,5.0,2,0,0.4,
NEW_HIRE_6M,cohort_retention,IT,2021-08-31,183,career_level,Manager,3.0,3,0,1.0,
NEW_HIRE_6M,cohort_retention,IT,2021-09-30,183,career_level,All new hires,9.0,8,0,0.8888888888888888,
NEW_HIRE_6M,cohort_retention,IT,2021-09-30,183,career_level,Individual Contributor,5.0,4,0,0.8,
NEW_HIRE_6M,cohort_retention,IT,2021-09-30,183,career_level,Manager,2.0,2,0,1.0,
NEW_HIRE_6M,cohort_retention,IT,2021-09-30,183,career_level,Senior Leader,2.0,2,0,1.0,
NEW_HIRE_6M,cohort_retention,IT,2021-10-31,183,career_level,All new hires,8.0,7,0,0.875,
NEW_HIRE_6M,cohort_retention,IT,2021-10-31,183,career_level,Individual Contributor,1.0,1,0,1.0,
NEW_HIRE_6M,cohort_retention,IT,2021-10-31,183,career_level,Manager,5.0,4,0,0.8,
NEW_HIRE_6M,cohort_retention,IT,2021-10-31,183,career_level,Senior Leader,2.0,2,0,1.0,
NEW_HIRE_6M,cohort_retention,IT,2021-11-30,183,career_level,All new hires,8.0,7,0,0.875,
NEW_HIRE_6M,cohort_retention,IT,2021-11-30,183,career_level,Individual Contributor,5.0,4,0,0.8,
NEW_HIRE_6M,cohort_retention,IT,2021-11-30,183,career_level,Manager,3.0,3,0,1.0,
NEW_HIRE_6M,cohort_retention,IT,2021-12-31,183,career_level,All new hires,5.0,4,0,0.8,
NEW_HIRE_6M,cohort_retention,IT,2021-12-31,183,career_level,Individual Contributor,3.0,2,0,0.6666666666666666,
NEW_HIRE_6M,cohort_retention,IT,2021-12-31,183,career_level,Manager,1.0,1,0,1.0,
NEW_HIRE_6M,cohort_retention,IT,2021-12-31,183,career_level,Senior Leader,1.0,1,0,1.0,
NEW_HIRE_6M,cohort_retention,IT,2022-01-31,183,career_level,All new hires,10.0,9,0,0.9,
NEW_HIRE_6M,cohort_retention,IT,2022-01-31,183,career_level,Individual Contributor,6.0,6,0,1.0,
NEW_HIRE_6M,cohort_retention,IT,2022-01-31,183,career_level,Manager,3.0,3,0,1.0,
NEW_HIRE_6M,cohort_retention,IT,2022-01-31,183,career_level,Senior Leader,1.0,0,0,0.0,
NEW_HIRE_6M,cohort_retention,IT,2022-02-28,183,career_level,All new hires,8.0,7,0,0.875,
NEW_HIRE_6M,cohort_retention,IT,2022-02-28,183,career_level,Individual Contributor,3.0,2,0,0.6666666666666666,
NEW_HIRE_6M,cohort_retention,IT,2022-02-28,183,career_level,Manager,3.0,3,0,1.0,
NEW_HIRE_6M,cohort_retention,IT,2022-02-28,183,career_level,Senior Leader,2.0,2,0,1.0,
NEW_HIRE_6M,cohort_retention,IT,2022-03-31,183,career_level,All new hires,5.0,5,0,1.0,
NEW_HIRE_6M,cohort_retention,IT,2022-03-31,183,career_level,Individual Contributor,2.0,2,0,1.0,
NEW_HIRE_6M,cohort_retention,IT,2022-03-31,183,career_level,Manager,1.0,1,0,1.0,
NEW_HIRE_6M,cohort_retention,IT,2022-03-31,183,career_level,Senior Leader,2.0,2,0,1.0,
NEW_HIRE_6M,cohort_retention,IT,2022-04-30,183,career_level,All new hires,1.0,1,0,1.0,
NEW_HIRE_6M,cohort_retention,IT,2022-04-30,183,career_level,Manager,1.0,1,0,1.0,
NEW_HIRE_6M,cohort_retention,IT,2022-05-31,183,career_level,All new hires,5.0,3,0,0.6,
NEW_HIRE_6M,cohort_retention,IT,2022-05-31,183,career_level,Individual Contributor,3.0,1,0,0.3333333333333333,
NEW_HIRE_6M,cohort_retention,IT,2022-05-31,183,career_level,Manager,2.0,2,0,1.0,
NEW_HIRE_6M,cohort_retention,IT,2022-06-30,183,career_level,All new hires,2.0,2,0,1.0,
NEW_HIRE_6M,cohort_retention,IT,2022-06-30,183,career_level,Individual Contributor,1.0,1,0,1.0,
NEW_HIRE_6M,cohort_retention,IT,2022-06-30,183,career_level,Senior Leader,1.0,1,0,1.0,
NEW_HIRE_6M,cohort_retention,IT,2022-07-31,183,career_level,All new hires,10.0,10,0,1.0,
NEW_HIRE_6M,cohort_retention,IT,2022-07-31,183,career_level,Individual Contributor,4.0,4,0,1.0,
NEW_HIRE_6M,cohort_retention,IT,2022-07-31,183,career_level,Manager,6.0,6,0,1.0,
NEW_HIRE_6M,cohort_retention,IT,2022-08-31,183,career_level,All new hires,5.0,5,0,1.0,
NEW_HIRE_6M,cohort_retention,IT,2022-08-31,183,career_level,Individual Contributor,2.0,2,0,1.0,
NEW_HIRE_6M,cohort_retention,IT,2022-08-31,183,career_level,Manager,2.0,2,0,1.0,
NEW_HIRE_6M,cohort_retention,IT,2022-08-31,183,career_level,Senior Leader,1.0,1,0,1.0,
NEW_HIRE_6M,cohort_retention,IT,2022-09-30,183,career_level,All new hires,5.0,5,0,1.0,
NEW_HIRE_6M,cohort_retention,IT,2022-09-30,183,career_level,Individual Contributor,1.0,1,0,1.0,
NEW_HIRE_6M,cohort_retention,IT,2022-09-30,183,career_level,Manager,2.0,2,0,1.0,
NEW_HIRE_6M,cohort_retention,IT,2022-09-30,183,career_level,Senior Leader,2.0,2,0,1.0,
NEW_HIRE_6M,cohort_retention,IT,2022-10-31,183,career_level,All new hires,5.0,1,0,0.2,
NEW_HIRE_6M,cohort_retention,IT,2022-10-31,183,career_level,Individual Contributor,2.0,0,0,0.0,
NEW_HIRE_6M,cohort_retention,IT,2022-10-31,183,career_level,Manager,3.0,1,0,0.3333333333333333,
NEW_HIRE_6M,cohort_retention,IT,2022-11-30,183,career_level,All new hires,5.0,5,0,1.0,
NEW_HIRE_6M,cohort_retention,IT,2022-11-30,183,career_level,Individual Contributor,4.0,4,0,1.0,
NEW_HIRE_6M,cohort_retention,IT,2022-11-30,183,career_level,Manager,1.0,1,0,1.0,
NEW_HIRE_6M,cohort_retention,IT,2022-12-31,183,career_level,All new hires,8.0,7,0,0.875,
NEW_HIRE_6M,cohort_retention,IT,2022-12-31,183,career_level,Individual Contributor,6.0,5,0,0.8333333333333334,
NEW_HIRE_6M,cohort_retention,IT,2022-12-31,183,career_level,Senior Leader,2.0,2,0,1.0,
NEW_HIRE_6M,cohort_retention,IT,2023-01-31,183,career_level,All new hires,4.0,4,0,1.0,
NEW_HIRE_6M,cohort_retention,IT,2023-01-31,183,career_level,Individual Contributor,2.0,2,0,1.0,
NEW_HIRE_6M,cohort_retention,IT,2023-01-31,183,career_level,Manager,2.0,2,0,1.0,
NEW_HIRE_6M,cohort_retention,IT,2023-02-28,183,career_level,All new hires,10.0,8,0,0.8,
NEW_HIRE_6M,cohort_retention,IT,2023-02-28,183,career_level,Individual Contributor,5.0,3,0,0.6,
NEW_HIRE_6M,cohort_retention,IT,2023-02-28,183,career_level,Manager,4.0,4,0,1.0,
NEW_HIRE_6M,cohort_retention,IT,2023-02-28,183,career_level,Senior Leader,1.0,1,0,1.0,
NEW_HIRE_6M,cohort_retention,IT,2023-03-31,183,career_level,All new hires,9.0,8,0,0.8888888888888888,
NEW_HIRE_6M,cohort_retention,IT,2023-03-31,183,career_level,Individual Contributor,5.0,5,0,1.0,
NEW_HIRE_6M,cohort_retention,IT,2023-03-31,183,career_level,Manager,2.0,1,0,0.5,
NEW_HIRE_6M,cohort_retention,IT,2023-03-31,183,career_level,Senior Leader,2.0,2,0,1.0,
NEW_HIRE_6M,cohort_retention,IT,2023-04-30,183,career_level,All new hires,11.0,10,0,0.9090909090909091,
NEW_HIRE_6M,cohort_retention,IT,2023-04-30,183,career_level,Individual Contributor,8.0,7,0,0.875,
NEW_HIRE_6M,cohort_retention,IT,2023-04-30,183,career_level,Manager,1.0,1,0,1.0,
NEW_HIRE_6M,cohort_retention,IT,2023-04-30,183,career_level,Senior Leader,2.0,2,0,1.0,
NEW_HIRE_6M,cohort_retention,IT,2023-05-31,183,career_level,All new hires,7.0,6,0,0.8571428571428571,
NEW_HIRE_6M,cohort_retention,IT,2023-05-31,183,career_level,Individual Contributor,5.0,4,0,0.8,
NEW_HIRE_6M,cohort_retention,IT,2023-05-31,183,career_level,Manager,1.0,1,0,1.0,
NEW_HIRE_6M,cohort_retention,IT,2023-05-31,183,career_level,Senior Leader,1.0,1,0,1.0,
NEW_HIRE_6M,cohort_retention,IT,2023-06-30,183,career_level,All new hires,3.0,1,0,0.3333333333333333,
NEW_HIRE_6M,cohort_retention,IT,2023-06-30,183,career_level,Manager,3.0,1,0,0.3333333333333333,
NEW_HIRE_6M,cohort_retention,IT,2023-07-31,183,career_level,All new hires,5.0,4,0,0.8,
NEW_HIRE_6M,cohort_retention,IT,2023-07-31,183,career_level,Individual Contributor,2.0,2,0,1.0,
NEW_HIRE_6M,cohort_retention,IT,2023-07-31,183,career_level,Manager,2.0,1,0,0.5,
NEW_HIRE_6M,cohort_retention,IT,2023-07-31,183,career_level,Senior Leader,1.0,1,0,1.0,
NEW_HIRE_6M,cohort_retention,IT,2023-08-31,183,career_level,All new hires,7.0,5,0,0.7142857142857143,
NEW_HIRE_6M,cohort_retention,IT,2023-08-31,183,career_level,Individual Contributor,4.0,2,0,0.5,
NEW_HIRE_6M,cohort_retention,IT,2023-08-31,183,career_level,Manager,2.0,2,0,1.0,
NEW_HIRE_6M,cohort_retention,IT,2023-08-31,183,career_level,Senior Leader,1.0,1,0,1.0,
NEW_HIRE_6M,cohort_retention,IT,2023-09-30,183,career_level,All new hires,6.0,6,0,1.0,
NEW_HIRE_6M,cohort_retention,IT,2023-09-30,183,career_level,Individual Contributor,5.0,5,0,1.0,
NEW_HIRE_6M,cohort_retention,IT,2023-09-30,183,career_level,Manager,1.0,1,0,1.0,
NEW_HIRE_6M,cohort_retention,IT,2023-10-31,183,career_level,All new hires,6.0,4,0,0.6666666666666666,
NEW_HIRE_6M,cohort_retention,IT,2023-10-31,183,career_level,Individual Contributor,3.0,3,0,1.0,
NEW_HIRE_6M,cohort_retention,IT,2023-10-31,183,career_level,Manager,2.0,1,0,0.5,
NEW_HIRE_6M,cohort_retention,IT,2023-10-31,183,career_level,Senior Leader,1.0,0,0,0.0,
NEW_HIRE_6M,cohort_retention,IT,2023-11-30,183,career_level,All new hires,8.0,7,0,0.875,
NEW_HIRE_6M,cohort_retention,IT,2023-11-30,183,career_level,Individual Contributor,2.0,1,0,0.5,
NEW_HIRE_6M,cohort_retention,IT,2023-11-30,183,career_level,Manager,3.0,3,0,1.0,
NEW_HIRE_6M,cohort_retention,IT,2023-11-30,183,career_level,Senior Leader,3.0,3,0,1.0,
NEW_HIRE_6M,cohort_retention,IT,2023-12-31,183,career_level,All new hires,6.0,4,0,0.6666666666666666,
NEW_HIRE_6M,cohort_retention,IT,2023-12-31,183,career_level,Individual Contributor,3.0,1,0,0.3333333333333333,
NEW_HIRE_6M,cohort_retention,IT,2023-12-31,183,career_level,Manager,3.0,3,0,1.0,
NEW_HIRE_6M,cohort_retention,IT,2024-01-31,183,career_level,All new hires,2.0,2,0,1.0,
NEW_HIRE_6M,cohort_retention,IT,2024-01-31,183,career_level,Individual Contributor,2.0,2,0,1.0,
NEW_HIRE_6M,cohort_retention,IT,2024-02-29,183,career_level,All new hires,4.0,4,0,1.0,
NEW_HIRE_6M,cohort_retention,IT,2024-02-29,183,career_level,Individual Contributor,4.0,4,0,1.0,
NEW_HIRE_6M,cohort_retention,IT,2024-03-31,183,career_level,All new hires,6.0,6,0,1.0,
NEW_HIRE_6M,cohort_retention,IT,2024-03-31,183,career_level,Individual Contributor,4.0,4,0,1.0,
NEW_HIRE_6M,cohort_retention,IT,2024-03-31,183,career_level,Manager,1.0,1,0,1.0,
NEW_HIRE_6M,cohort_retention,IT,2024-03-31,183,career_level,Senior Leader,1.0,1,0,1.0,
NEW_HIRE_6M,cohort_retention,IT,2024-04-30,183,career_level,All new hires,7.0,7,0,1.0,
NEW_HIRE_6M,cohort_retention,IT,2024-04-30,183,career_level,Individual Contributor,4.0,4,0,1.0,
NEW_HIRE_6M,cohort_retention,IT,2024-04-30,183,career_level,Manager,1.0,1,0,1.0,
NEW_HIRE_6M,cohort_retention,IT,2024-04-30,183,career_level,Senior Leader,2.0,2,0,1.0,
NEW_HIRE_6M,cohort_retention,IT,2024-05-31,183,career_level,All new hires,8.0,8,0,1.0,
NEW_HIRE_6M,cohort_retention,IT,2024-05-31,183,career_level,Individual Contributor,6.0,6,0,1.0,
NEW_HIRE_6M,cohort_retention,IT,2024-05-31,183,career_level,Manager,2.0,2,0,1.0,
NEW_HIRE_6M,cohort_retention,IT,2024-06-30,183,career_level,All new hires,6.0,5,0,0.8333333333333334,
NEW_HIRE_6M,cohort_retention,IT,2024-06-30,183,career_level,Individual Contributor,2.0,2,0,1.0,
NEW_HIRE_6M,cohort_retention,IT,2024-06-30,183,career_level,Senior Leader,4.0,3,0,0.75,
NEW_HIRE_6M,cohort_retention,IT,2024-07-31,183,career_level,All new hires,1.0,1,0,1.0,
NEW_HIRE_6M,cohort_retention,IT,2024-07-31,183,career_level,Individual Contributor,1.0,1,0,1.0,
NEW_HIRE_6M,cohort_retention,IT,2024-08-31,183,career_level,All new hires,6.0,5,0,0.8333333333333334,
NEW_HIRE_6M,cohort_retention,IT,2024-08-31,183,career_level,Individual Contributor,3.0,3,0,1.0,
NEW_HIRE_6M,cohort_retention,IT,2024-08-31,183,career_level,Manager,1.0,0,0,0.0,
NEW_HIRE_6M,cohort_retention,IT,2024-08-31,183,career_level,Senior Leader,2.0,2,0,1.0,
NEW_HIRE_6M,cohort_retention,IT,2024-09-30,183,career_level,All new hires,7.0,7,0,1.0,
NEW_HIRE_6M,cohort_retention,IT,2024-09-30,183,career_level,Individual Contributor,3.0,3,0,1.0,
NEW_HIRE_6M,cohort_retention,IT,2024-09-30,183,career_level,Manager,3.0,3,0,1.0,
NEW_HIRE_6M,cohort_retention,IT,2024-09-30,183,career_level,Senior Leader,1.0,1,0,1.0,
NEW_HIRE_6M,cohort_retention,IT,2024-10-31,183,career_level,All new hires,5.0,4,0,0.8,
NEW_HIRE_6M,cohort_retention,IT,2024-10-31,183,career_level,Individual Contributor,4.0,3,0,0.75,
NEW_HIRE_6M,cohort_retention,IT,2024-10-31,183,career_level,Manager,1.0,1,0,1.0,
NEW_HIRE_6M,cohort_retention,IT,2024-11-30,183,career_level,All new hires,4.0,4,0,1.0,
NEW_HIRE_6M,cohort_retention,IT,2024-11-30,183,career_level,Individual Contributor,3.0,3,0,1.0,
NEW_HIRE_6M,cohort_retention,IT,2024-11-30,183,career_level,Senior Leader,1.0,1,0,1.0,
NEW_HIRE_6M,cohort_retention,IT,2024-12-31,183,career_level,All new hires,1.0,1,0,1.0,
NEW_HIRE_6M,cohort_retention,IT,2024-12-31,183,career_level,Manager,1.0,1,0,1.0,
NEW_HIRE_6M,cohort_retention,IT,2025-01-31,183,career_level,All new hires,4.0,3,0,0.75,
NEW_HIRE_6M,cohort_retention,IT,2025-01-31,183,career_level,Manager,3.0,2,0,0.6666666666666666,
NEW_HIRE_6M,cohort_retention,IT,2025-01-31,183,career_level,Senior Leader,1.0,1,0,1.0,
NEW_HIRE_6M,cohort_retention,IT,2025-02-28,183,career_level,All new hires,7.0,7,0,1.0,
NEW_HIRE_6M,cohort_retention,IT,2025-02-28,183,career_level,Individual Contributor,4.0,4,0,1.0,
NEW_HIRE_6M,cohort_retention,IT,2025-02-28,183,career_level,Manager,3.0,3,0,1.0,
NEW_HIRE_6M,cohort_retention,IT,2025-03-31,183,career_level,All new hires,2.0,2,0,1.0,
NEW_HIRE_6M,cohort_retention,IT,2025-03-31,183,career_level,Individual Contributor,2.0,2,0,1.0,
NEW_HIRE_6M,cohort_retention,IT,2025-04-30,183,career_level,All new hires,6.0,6,0,1.0,
NEW_HIRE_6M,cohort_retention,IT,2025-04-30,183,career_level,Individual Contributor,2.0,2,0,1.0,
NEW_HIRE_6M,cohort_retention,IT,2025-04-30,183,career_level,Manager,2.0,2,0,1.0,
NEW_HIRE_6M,cohort_retention,IT,2025-04-30,183,career_level,Senior Leader,2.0,2,0,1.0,
NEW_HIRE_6M,cohort_retention,IT,2025-05-31,183,career_level,All new hires,6.0,6,0,1.0,
NEW_HIRE_6M,cohort_retention,IT,2025-05-31,183,career_level,Individual Contributor,4.0,4,0,1.0,
NEW_HIRE_6M,cohort_retention,IT,2025-05-31,183,career_level,Manager,1.0,1,0,1.0,
NEW_HIRE_6M,cohort_retention,IT,2025-05-31,183,career_level,Senior Leader,1.0,1,0,1.0,
NEW_HIRE_6M,cohort_retention,IT,2025-06-30,183,career_level,All new hires,5.0,4,0,0.8,
NEW_HIRE_6M,cohort_retention,IT,2025-06-30,183,career_level,Individual Contributor,5.0,4,0,0.8,
NEW_HIRE_6M,cohort_retention,IT,2025-07-31,183,career_level,All new hires,1.0,1,6,1.0,
NEW_HIRE_6M,cohort_retention,IT,2025-07-31,183,career_level,Individual Contributor,1.0,1,2,1.0,
NEW_HIRE_6M,cohort_retention,IT,2025-07-31,183,career_level,Manager,0.0,0,4,,
NEW_HIRE_6M,cohort_retention,IT,2025-08-31,183,career_level,All new hires,0.0,0,4,,
NEW_HIRE_6M,cohort_retention,IT,2025-08-31,183,career_level,Individual Contributor,0.0,0,3,,
NEW_HIRE_6M,cohort_retention,IT,2025-08-31,183,career_level,Manager,0.0,0,1,,
NEW_HIRE_6M,cohort_retention,IT,2025-09-30,183,career_level,All new hires,0.0,0,7,,
NEW_HIRE_6M,cohort_retention,IT,2025-09-30,183,career_level,Individual Contributor,0.0,0,5,,
NEW_HIRE_6M,cohort_retention,IT,2025-09-30,183,career_level,Manager,0.0,0,2,,
NEW_HIRE_6M,cohort_retention,IT,2025-10-31,183,career_level,All new hires,0.0,0,13,,
NEW_HIRE_6M,cohort_retention,IT,2025-10-31,183,career_level,Individual Contributor,0.0,0,7,,
NEW_HIRE_6M,cohort_retention,IT,2025-10-31,183,career_level,Manager,0.0,0,5,,
NEW_HIRE_6M,cohort_retention,IT,2025-10-31,183,career_level,Senior Leader,0.0,0,1,,
NEW_HIRE_6M,cohort_retention,IT,2025-11-30,183,career_level,All new hires,0.0,0,2,,
NEW_HIRE_6M,cohort_retention,IT,2025-11-30,183,career_level,Manager,0.0,0,2,,
NEW_HIRE_6M,cohort_retention,PL,2021-01-31,183,career_level,All new hires,5.0,4,0,0.8,
NEW_HIRE_6M,cohort_retention,PL,2021-01-31,183,career_level,Individual Contributor,2.0,2,0,1.0,
NEW_HIRE_6M,cohort_retention,PL,2021-01-31,183,career_level,Manager,3.0,2,0,0.6666666666666666,
NEW_HIRE_6M,cohort_retention,PL,2021-02-28,183,career_level,All new hires,5.0,4,0,0.8,
NEW_HIRE_6M,cohort_retention,PL,2021-02-28,183,career_level,Individual Contributor,3.0,3,0,1.0,
NEW_HIRE_6M,cohort_retention,PL,2021-02-28,183,career_level,Manager,2.0,1,0,0.5,
NEW_HIRE_6M,cohort_retention,PL,2021-03-31,183,career_level,All new hires,2.0,2,0,1.0,
NEW_HIRE_6M,cohort_retention,PL,2021-03-31,183,career_level,Manager,1.0,1,0,1.0,
NEW_HIRE_6M,cohort_retention,PL,2021-03-31,183,career_level,Senior Leader,1.0,1,0,1.0,
NEW_HIRE_6M,cohort_retention,PL,2021-04-30,183,career_level,All new hires,7.0,5,0,0.7142857142857143,
NEW_HIRE_6M,cohort_retention,PL,2021-04-30,183,career_level,Individual Contributor,5.0,4,0,0.8,
NEW_HIRE_6M,cohort_retention,PL,2021-04-30,183,career_level,Manager,2.0,1,0,0.5,
NEW_HIRE_6M,cohort_retention,PL,2021-05-31,183,career_level,All new hires,7.0,7,0,1.0,
NEW_HIRE_6M,cohort_retention,PL,2021-05-31,183,career_level,Individual Contributor,6.0,6,0,1.0,
NEW_HIRE_6M,cohort_retention,PL,2021-05-31,183,career_level,Senior Leader,1.0,1,0,1.0,
NEW_HIRE_6M,cohort_retention,PL,2021-06-30,183,career_level,All new hires,3.0,3,0,1.0,
NEW_HIRE_6M,cohort_retention,PL,2021-06-30,183,career_level,Individual Contributor,1.0,1,0,1.0,
NEW_HIRE_6M,cohort_retention,PL,2021-06-30,183,career_level,Manager,2.0,2,0,1.0,
NEW_HIRE_6M,cohort_retention,PL,2021-07-31,183,career_level,All new hires,10.0,10,0,1.0,
NEW_HIRE_6M,cohort_retention,PL,2021-07-31,183,career_level,Individual Contributor,2.0,2,0,1.0,
NEW_HIRE_6M,cohort_retention,PL,2021-07-31,183,career_level,Manager,7.0,7,0,1.0,
NEW_HIRE_6M,cohort_retention,PL,2021-07-31,183,career_level,Senior Leader,1.0,1,0,1.0,
NEW_HIRE_6M,cohort_retention,PL,2021-08-31,183,career_level,All new hires,6.0,5,0,0.8333333333333334,
NEW_HIRE_6M,cohort_retention,PL,2021-08-31,183,career_level,Individual Contributor,4.0,3,0,0.75,
NEW_HIRE_6M,cohort_retention,PL,2021-08-31,183,career_level,Manager,2.0,2,0,1.0,
NEW_HIRE_6M,cohort_retention,PL,2021-09-30,183,career_level,All new hires,3.0,3,0,1.0,
NEW_HIRE_6M,cohort_retention,PL,2021-09-30,183,career_level,Manager,2.0,2,0,1.0,
NEW_HIRE_6M,cohort_retention,PL,2021-09-30,183,career_level,Senior Leader,1.0,1,0,1.0,
NEW_HIRE_6M,cohort_retention,PL,2021-10-31,183,career_level,All new hires,12.0,11,0,0.9166666666666666,
NEW_HIRE_6M,cohort_retention,PL,2021-10-31,183,career_level,Individual Contributor,5.0,5,0,1.0,
NEW_HIRE_6M,cohort_retention,PL,2021-10-31,183,career_level,Manager,5.0,4,0,0.8,
NEW_HIRE_6M,cohort_retention,PL,2021-10-31,183,career_level,Senior Leader,2.0,2,0,1.0,
NEW_HIRE_6M,cohort_retention,PL,2021-11-30,183,career_level,All new hires,6.0,6,0,1.0,
NEW_HIRE_6M,cohort_retention,PL,2021-11-30,183,career_level,Individual Contributor,1.0,1,0,1.0,
NEW_HIRE_6M,cohort_retention,PL,2021-11-30,183,career_level,Manager,3.0,3,0,1.0,
NEW_HIRE_6M,cohort_retention,PL,2021-11-30,183,career_level,Senior Leader,2.0,2,0,1.0,
NEW_HIRE_6M,cohort_retention,PL,2021-12-31,183,career_level,All new hires,8.0,7,0,0.875,
NEW_HIRE_6M,cohort_retention,PL,2021-12-31,183,career_level,Individual Contributor,3.0,3,0,1.0,
NEW_HIRE_6M,cohort_retention,PL,2021-12-31,183,career_level,Manager,3.0,3,0,1.0,
NEW_HIRE_6M,cohort_retention,PL,2021-12-31,183,career_level,Senior Leader,2.0,1,0,0.5,
NEW_HIRE_6M,cohort_retention,PL,2022-01-31,183,career_level,All new hires,2.0,2,0,1.0,
NEW_HIRE_6M,cohort_retention,PL,2022-01-31,183,career_level,Individual Contributor,1.0,1,0,1.0,
NEW_HIRE_6M,cohort_retention,PL,2022-01-31,183,career_level,Manager,1.0,1,0,1.0,
NEW_HIRE_6M,cohort_retention,PL,2022-02-28,183,career_level,All new hires,2.0,2,0,1.0,
NEW_HIRE_6M,cohort_retention,PL,2022-02-28,183,career_level,Individual Contributor,2.0,2,0,1.0,
NEW_HIRE_6M,cohort_retention,PL,2022-03-31,183,career_level,All new hires,5.0,3,0,0.6,
NEW_HIRE_6M,cohort_retention,PL,2022-03-31,183,career_level,Individual Contributor,3.0,2,0,0.6666666666666666,
NEW_HIRE_6M,cohort_retention,PL,2022-03-31,183,career_level,Manager,2.0,1,0,0.5,
NEW_HIRE_6M,cohort_retention,PL,2022-04-30,183,career_level,All new hires,5.0,5,0,1.0,
NEW_HIRE_6M,cohort_retention,PL,2022-04-30,183,career_level,Individual Contributor,3.0,3,0,1.0,
NEW_HIRE_6M,cohort_retention,PL,2022-04-30,183,career_level,Manager,2.0,2,0,1.0,
NEW_HIRE_6M,cohort_retention,PL,2022-05-31,183,career_level,All new hires,14.0,11,0,0.7857142857142857,
NEW_HIRE_6M,cohort_retention,PL,2022-05-31,183,career_level,Individual Contributor,6.0,4,0,0.6666666666666666,
NEW_HIRE_6M,cohort_retention,PL,2022-05-31,183,career_level,Manager,4.0,3,0,0.75,
NEW_HIRE_6M,cohort_retention,PL,2022-05-31,183,career_level,Senior Leader,4.0,4,0,1.0,
NEW_HIRE_6M,cohort_retention,PL,2022-06-30,183,career_level,All new hires,7.0,6,0,0.8571428571428571,
NEW_HIRE_6M,cohort_retention,PL,2022-06-30,183,career_level,Individual Contributor,4.0,3,0,0.75,
NEW_HIRE_6M,cohort_retention,PL,2022-06-30,183,career_level,Manager,2.0,2,0,1.0,
NEW_HIRE_6M,cohort_retention,PL,2022-06-30,183,career_level,Senior Leader,1.0,1,0,1.0,
NEW_HIRE_6M,cohort_retention,PL,2022-07-31,183,career_level,All new hires,4.0,3,0,0.75,
NEW_HIRE_6M,cohort_retention,PL,2022-07-31,183,career_level,Individual Contributor,2.0,1,0,0.5,
NEW_HIRE_6M,cohort_retention,PL,2022-07-31,183,career_level,Manager,1.0,1,0,1.0,
NEW_HIRE_6M,cohort_retention,PL,2022-07-31,183,career_level,Senior Leader,1.0,1,0,1.0,
NEW_HIRE_6M,cohort_retention,PL,2022-08-31,183,career_level,All new hires,7.0,6,0,0.8571428571428571,
NEW_HIRE_6M,cohort_retention,PL,2022-08-31,183,career_level,Individual Contributor,3.0,3,0,1.0,
NEW_HIRE_6M,cohort_retention,PL,2022-08-31,183,career_level,Manager,1.0,1,0,1.0,
NEW_HIRE_6M,cohort_retention,PL,2022-08-31,183,career_level,Senior Leader,3.0,2,0,0.6666666666666666,
NEW_HIRE_6M,cohort_retention,PL,2022-09-30,183,career_level,All new hires,3.0,2,0,0.6666666666666666,
NEW_HIRE_6M,cohort_retention,PL,2022-09-30,183,career_level,Individual Contributor,2.0,1,0,0.5,
NEW_HIRE_6M,cohort_retention,PL,2022-09-30,183,career_level,Manager,1.0,1,0,1.0,
NEW_HIRE_6M,cohort_retention,PL,2022-10-31,183,career_level,All new hires,11.0,11,0,1.0,
NEW_HIRE_6M,cohort_retention,PL,2022-10-31,183,career_level,Individual Contributor,6.0,6,0,1.0,
NEW_HIRE_6M,cohort_retention,PL,2022-10-31,183,career_level,Manager,4.0,4,0,1.0,
NEW_HIRE_6M,cohort_retention,PL,2022-10-31,183,career_level,Senior Leader,1.0,1,0,1.0,
NEW_HIRE_6M,cohort_retention,PL,2022-11-30,183,career_level,All new hires,6.0,6,0,1.0,
NEW_HIRE_6M,cohort_retention,PL,2022-11-30,183,career_level,Individual Contributor,3.0,3,0,1.0,
NEW_HIRE_6M,cohort_retention,PL,2022-11-30,183,career_level,Manager,3.0,3,0,1.0,
NEW_HIRE_6M,cohort_retention,PL,2022-12-31,183,career_level,All new hires,7.0,6,0,0.8571428571428571,
NEW_HIRE_6M,cohort_retention,PL,2022-12-31,183,career_level,Individual Contributor,5.0,4,0,0.8,
NEW_HIRE_6M,cohort_retention,PL,2022-12-31,183,career_level,Manager,1.0,1,0,1.0,
NEW_HIRE_6M,cohort_retention,PL,2022-12-31,183,career_level,Senior Leader,1.0,1,0,1.0,
NEW_HIRE_6M,cohort_retention,PL,2023-01-31,183,career_level,All new hires,3.0,2,0,0.6666666666666666,
NEW_HIRE_6M,cohort_retention,PL,2023-01-31,183,career_level,Individual Contributor,1.0,0,0,0.0,
NEW_HIRE_6M,cohort_retention,PL,2023-01-31,183,career_level,Manager,2.0,2,0,1.0,
NEW_HIRE_6M,cohort_retention,PL,2023-02-28,183,career_level,All new hires,3.0,3,0,1.0,
NEW_HIRE_6M,cohort_retention,PL,2023-02-28,183,career_level,Manager,3.0,3,0,1.0,
NEW_HIRE_6M,cohort_retention,PL,2023-03-31,183,career_level,All new hires,3.0,2,0,0.6666666666666666,
NEW_HIRE_6M,cohort_retention,PL,2023-03-31,183,career_level,Manager,2.0,2,0,1.0,
NEW_HIRE_6M,cohort_retention,PL,2023-03-31,183,career_level,Senior Leader,1.0,0,0,0.0,
NEW_HIRE_6M,cohort_retention,PL,2023-04-30,183,career_level,All new hires,7.0,6,0,0.8571428571428571,
NEW_HIRE_6M,cohort_retention,PL,2023-04-30,183,career_level,Individual Contributor,5.0,4,0,0.8,
NEW_HIRE_6M,cohort_retention,PL,2023-04-30,183,career_level,Manager,1.0,1,0,1.0,
NEW_HIRE_6M,cohort_retention,PL,2023-04-30,183,career_level,Senior Leader,1.0,1,0,1.0,
NEW_HIRE_6M,cohort_retention,PL,2023-05-31,183,career_level,All new hires,9.0,8,0,0.8888888888888888,
NEW_HIRE_6M,cohort_retention,PL,2023-05-31,183,career_level,Individual Contributor,4.0,3,0,0.75,
NEW_HIRE_6M,cohort_retention,PL,2023-05-31,183,career_level,Manager,3.0,3,0,1.0,
NEW_HIRE_6M,cohort_retention,PL,2023-05-31,183,career_level,Senior Leader,2.0,2,0,1.0,
NEW_HIRE_6M,cohort_retention,PL,2023-06-30,183,career_level,All new hires,3.0,3,0,1.0,
NEW_HIRE_6M,cohort_retention,PL,2023-06-30,183,career_level,Individual Contributor,2.0,2,0,1.0,
NEW_HIRE_6M,cohort_retention,PL,2023-06-30,183,career_level,Manager,1.0,1,0,1.0,
NEW_HIRE_6M,cohort_retention,PL,2023-07-31,183,career_level,All new hires,4.0,2,0,0.5,
NEW_HIRE_6M,cohort_retention,PL,2023-07-31,183,career_level,Individual Contributor,1.0,1,0,1.0,
NEW_HIRE_6M,cohort_retention,PL,2023-07-31,183,career_level,Manager,2.0,1,0,0.5,
NEW_HIRE_6M,cohort_retention,PL,2023-07-31,183,career_level,Senior Leader,1.0,0,0,0.0,
NEW_HIRE_6M,cohort_retention,PL,2023-08-31,183,career_level,All new hires,5.0,5,0,1.0,
NEW_HIRE_6M,cohort_retention,PL,2023-08-31,183,career_level,Individual Contributor,3.0,3,0,1.0,
NEW_HIRE_6M,cohort_retention,PL,2023-08-31,183,career_level,Senior Leader,2.0,2,0,1.0,
NEW_HIRE_6M,cohort_retention,PL,2023-09-30,183,career_level,All new hires,5.0,5,0,1.0,
NEW_HIRE_6M,cohort_retention,PL,2023-09-30,183,career_level,Individual Contributor,3.0,3,0,1.0,
NEW_HIRE_6M,cohort_retention,PL,2023-09-30,183,career_level,Manager,1.0,1,0,1.0,
NEW_HIRE_6M,cohort_retention,PL,2023-09-30,183,career_level,Senior Leader,1.0,1,0,1.0,
NEW_HIRE_6M,cohort_retention,PL,2023-10-31,183,career_level,All new hires,2.0,2,0,1.0,
NEW_HIRE_6M,cohort_retention,PL,2023-10-31,183,career_level,Individual Contributor,1.0,1,0,1.0,
NEW_HIRE_6M,cohort_retention,PL,2023-10-31,183,career_level,Manager,1.0,1,0,1.0,
NEW_HIRE_6M,cohort_retention,PL,2023-11-30,183,career_level,All new hires,7.0,7,0,1.0,
NEW_HIRE_6M,cohort_retention,PL,2023-11-30,183,career_level,Individual Contributor,2.0,2,0,1.0,
NEW_HIRE_6M,cohort_retention,PL,2023-11-30,183,career_level,Manager,1.0,1,0,1.0,
NEW_HIRE_6M,cohort_retention,PL,2023-11-30,183,career_level,Senior Leader,4.0,4,0,1.0,
NEW_HIRE_6M,cohort_retention,PL,2023-12-31,183,career_level,All new hires,4.0,4,0,1.0,
NEW_HIRE_6M,cohort_retention,PL,2023-12-31,183,career_level,Individual Contributor,1.0,1,0,1.0,
NEW_HIRE_6M,cohort_retention,PL,2023-12-31,183,career_level,Manager,1.0,1,0,1.0,
NEW_HIRE_6M,cohort_retention,PL,2023-12-31,183,career_level,Senior Leader,2.0,2,0,1.0,
NEW_HIRE_6M,cohort_retention,PL,2024-01-31,183,career_level,All new hires,5.0,4,0,0.8,
NEW_HIRE_6M,cohort_retention,PL,2024-01-31,183,career_level,Individual Contributor,1.0,1,0,1.0,
NEW_HIRE_6M,cohort_retention,PL,2024-01-31,183,career_level,Manager,4.0,3,0,0.75,
NEW_HIRE_6M,cohort_retention,PL,2024-02-29,183,career_level,All new hires,3.0,3,0,1.0,
NEW_HIRE_6M,cohort_retention,PL,2024-02-29,183,career_level,Individual Contributor,2.0,2,0,1.0,
NEW_HIRE_6M,cohort_retention,PL,2024-02-29,183,career_level,Senior Leader,1.0,1,0,1.0,
NEW_HIRE_6M,cohort_retention,PL,2024-03-31,183,career_level,All new hires,4.0,4,0,1.0,
NEW_HIRE_6M,cohort_retention,PL,2024-03-31,183,career_level,Manager,4.0,4,0,1.0,
NEW_HIRE_6M,cohort_retention,PL,2024-04-30,183,career_level,All new hires,3.0,2,0,0.6666666666666666,
NEW_HIRE_6M,cohort_retention,PL,2024-04-30,183,career_level,Manager,3.0,2,0,0.6666666666666666,
NEW_HIRE_6M,cohort_retention,PL,2024-05-31,183,career_level,All new hires,6.0,6,0,1.0,
NEW_HIRE_6M,cohort_retention,PL,2024-05-31,183,career_level,Individual Contributor,4.0,4,0,1.0,
NEW_HIRE_6M,cohort_retention,PL,2024-05-31,183,career_level,Senior Leader,2.0,2,0,1.0,
NEW_HIRE_6M,cohort_retention,PL,2024-06-30,183,career_level,All new hires,6.0,5,0,0.8333333333333334,
NEW_HIRE_6M,cohort_retention,PL,2024-06-30,183,career_level,Individual Contributor,3.0,2,0,0.6666666666666666,
NEW_HIRE_6M,cohort_retention,PL,2024-06-30,183,career_level,Manager,1.0,1,0,1.0,
NEW_HIRE_6M,cohort_retention,PL,2024-06-30,183,career_level,Senior Leader,2.0,2,0,1.0,
NEW_HIRE_6M,cohort_retention,PL,2024-07-31,183,career_level,All new hires,4.0,3,0,0.75,
NEW_HIRE_6M,cohort_retention,PL,2024-07-31,183,career_level,Individual Contributor,3.0,2,0,0.6666666666666666,
NEW_HIRE_6M,cohort_retention,PL,2024-07-31,183,career_level,Manager,1.0,1,0,1.0,
NEW_HIRE_6M,cohort_retention,PL,2024-08-31,183,career_level,All new hires,7.0,7,0,1.0,
NEW_HIRE_6M,cohort_retention,PL,2024-08-31,183,career_level,Individual Contributor,6.0,6,0,1.0,
NEW_HIRE_6M,cohort_retention,PL,2024-08-31,183,career_level,Manager,1.0,1,0,1.0,
NEW_HIRE_6M,cohort_retention,PL,2024-09-30,183,career_level,All new hires,6.0,5,0,0.8333333333333334,
NEW_HIRE_6M,cohort_retention,PL,2024-09-30,183,career_level,Individual Contributor,2.0,1,0,0.5,
NEW_HIRE_6M,cohort_retention,PL,2024-09-30,183,career_level,Manager,4.0,4,0,1.0,
NEW_HIRE_6M,cohort_retention,PL,2024-10-31,183,career_level,All new hires,6.0,6,0,1.0,
NEW_HIRE_6M,cohort_retention,PL,2024-10-31,183,career_level,Individual Contributor,4.0,4,0,1.0,
NEW_HIRE_6M,cohort_retention,PL,2024-10-31,183,career_level,Senior Leader,2.0,2,0,1.0,
NEW_HIRE_6M,cohort_retention,PL,2024-11-30,183,career_level,All new hires,1.0,0,0,0.0,
NEW_HIRE_6M,cohort_retention,PL,2024-11-30,183,career_level,Senior Leader,1.0,0,0,0.0,
NEW_HIRE_6M,cohort_retention,PL,2024-12-31,183,career_level,All new hires,7.0,7,0,1.0,
NEW_HIRE_6M,cohort_retention,PL,2024-12-31,183,career_level,Individual Contributor,2.0,2,0,1.0,
NEW_HIRE_6M,cohort_retention,PL,2024-12-31,183,career_level,Manager,2.0,2,0,1.0,
NEW_HIRE_6M,cohort_retention,PL,2024-12-31,183,career_level,Senior Leader,3.0,3,0,1.0,
NEW_HIRE_6M,cohort_retention,PL,2025-01-31,183,career_level,All new hires,4.0,2,0,0.5,
NEW_HIRE_6M,cohort_retention,PL,2025-01-31,183,career_level,Individual Contributor,3.0,2,0,0.6666666666666666,
NEW_HIRE_6M,cohort_retention,PL,2025-01-31,183,career_level,Senior Leader,1.0,0,0,0.0,
NEW_HIRE_6M,cohort_retention,PL,2025-02-28,183,career_level,All new hires,3.0,3,0,1.0,
NEW_HIRE_6M,cohort_retention,PL,2025-02-28,183,career_level,Individual Contributor,2.0,2,0,1.0,
NEW_HIRE_6M,cohort_retention,PL,2025-02-28,183,career_level,Senior Leader,1.0,1,0,1.0,
NEW_HIRE_6M,cohort_retention,PL,2025-03-31,183,career_level,All new hires,5.0,5,0,1.0,
NEW_HIRE_6M,cohort_retention,PL,2025-03-31,183,career_level,Individual Contributor,3.0,3,0,1.0,
NEW_HIRE_6M,cohort_retention,PL,2025-03-31,183,career_level,Manager,2.0,2,0,1.0,
NEW_HIRE_6M,cohort_retention,PL,2025-04-30,183,career_level,All new hires,5.0,5,0,1.0,
NEW_HIRE_6M,cohort_retention,PL,2025-04-30,183,career_level,Individual Contributor,3.0,3,0,1.0,
NEW_HIRE_6M,cohort_retention,PL,2025-04-30,183,career_level,Manager,2.0,2,0,1.0,
NEW_HIRE_6M,cohort_retention,PL,2025-05-31,183,career_level,All new hires,4.0,4,0,1.0,
NEW_HIRE_6M,cohort_retention,PL,2025-05-31,183,career_level,Individual Contributor,2.0,2,0,1.0,
NEW_HIRE_6M,cohort_retention,PL,2025-05-31,183,career_level,Manager,2.0,2,0,1.0,
NEW_HIRE_6M,cohort_retention,PL,2025-06-30,183,career_level,All new hires,5.0,4,0,0.8,
NEW_HIRE_6M,cohort_retention,PL,2025-06-30,183,career_level,Manager,5.0,4,0,0.8,
NEW_HIRE_6M,cohort_retention,PL,2025-07-31,183,career_level,All new hires,0.0,0,3,,
NEW_HIRE_6M,cohort_retention,PL,2025-07-31,183,career_level,Individual Contributor,0.0,0,2,,
NEW_HIRE_6M,cohort_retention,PL,2025-07-31,183,career_level,Senior Leader,0.0,0,1,,
NEW_HIRE_6M,cohort_retention,PL,2025-08-31,183,career_level,All new hires,0.0,0,7,,
NEW_HIRE_6M,cohort_retention,PL,2025-08-31,183,career_level,Individual Contributor,0.0,0,1,,
NEW_HIRE_6M,cohort_retention,PL,2025-08-31,183,career_level,Manager,0.0,0,1,,
NEW_HIRE_6M,cohort_retention,PL,2025-08-31,183,career_level,Senior Leader,0.0,0,5,,
NEW_HIRE_6M,cohort_retention,PL,2025-09-30,183,career_level,All new hires,0.0,0,4,,
NEW_HIRE_6M,cohort_retention,PL,2025-09-30,183,career_level,Individual Contributor,0.0,0,2,,
NEW_HIRE_6M,cohort_retention,PL,2025-09-30,183,career_level,Manager,0.0,0,1,,
NEW_HIRE_6M,cohort_retention,PL,2025-09-30,183,career_level,Senior Leader,0.0,0,1,,
NEW_HIRE_6M,cohort_retention,PL,2025-10-31,183,career_level,All new hires,0.0,0,5,,
NEW_HIRE_6M,cohort_retention,PL,2025-10-31,183,career_level,Individual Contributor,0.0,0,2,,
NEW_HIRE_6M,cohort_retention,PL,2025-10-31,183,career_level,Manager,0.0,0,3,,
NEW_HIRE_6M,cohort_retention,PL,2025-11-30,183,career_level,All new hires,0.0,0,6,,
NEW_HIRE_6M,cohort_retention,PL,2025-11-30,183,career_level,Individual Contributor,0.0,0,3,,
NEW_HIRE_6M,cohort_retention,PL,2025-11-30,183,career_level,Manager,0.0,0,2,,
NEW_HIRE_6M,cohort_retention,PL,2025-11-30,183,career_level,Senior Leader,0.0,0,1,,
NEW_HIRE_6M,cohort_retention,RO,2021-01-31,183,career_level,All new hires,4.0,4,0,1.0,
NEW_HIRE_6M,cohort_retention,RO,2021-01-31,183,career_level,Individual Contributor,1.0,1,0,1.0,
NEW_HIRE_6M,cohort_retention,RO,2021-01-31,183,career_level,Manager,2.0,2,0,1.0,
NEW_HIRE_6M,cohort_retention,RO,2021-01-31,183,career_level,Senior Leader,1.0,1,0,1.0,
NEW_HIRE_6M,cohort_retention,RO,2021-02-28,183,career_level,All new hires,4.0,3,0,0.75,
NEW_HIRE_6M,cohort_retention,RO,2021-02-28,183,career_level,Individual Contributor,3.0,3,0,1.0,
NEW_HIRE_6M,cohort_retention,RO,2021-02-28,183,career_level,Senior Leader,1.0,0,0,0.0,
NEW_HIRE_6M,cohort_retention,RO,2021-03-31,183,career_level,All new hires,4.0,4,0,1.0,
NEW_HIRE_6M,cohort_retention,RO,2021-03-31,183,career_level,Individual Contributor,1.0,1,0,1.0,
NEW_HIRE_6M,cohort_retention,RO,2021-03-31,183,career_level,Manager,3.0,3,0,1.0,
NEW_HIRE_6M,cohort_retention,RO,2021-04-30,183,career_level,All new hires,4.0,3,0,0.75,
NEW_HIRE_6M,cohort_retention,RO,2021-04-30,183,career_level,Individual Contributor,4.0,3,0,0.75,
NEW_HIRE_6M,cohort_retention,RO,2021-05-31,183,career_level,All new hires,8.0,6,0,0.75,
NEW_HIRE_6M,cohort_retention,RO,2021-05-31,183,career_level,Individual Contributor,7.0,5,0,0.7142857142857143,
NEW_HIRE_6M,cohort_retention,RO,2021-05-31,183,career_level,Manager,1.0,1,0,1.0,
NEW_HIRE_6M,cohort_retention,RO,2021-06-30,183,career_level,All new hires,4.0,3,0,0.75,
NEW_HIRE_6M,cohort_retention,RO,2021-06-30,183,career_level,Individual Contributor,4.0,3,0,0.75,
NEW_HIRE_6M,cohort_retention,RO,2021-07-31,183,career_level,All new hires,5.0,5,0,1.0,
NEW_HIRE_6M,cohort_retention,RO,2021-07-31,183,career_level,Individual Contributor,1.0,1,0,1.0,
NEW_HIRE_6M,cohort_retention,RO,2021-07-31,183,career_level,Manager,4.0,4,0,1.0,
NEW_HIRE_6M,cohort_retention,RO,2021-08-31,183,career_level,All new hires,7.0,7,0,1.0,
NEW_HIRE_6M,cohort_retention,RO,2021-08-31,183,career_level,Individual Contributor,3.0,3,0,1.0,
NEW_HIRE_6M,cohort_retention,RO,2021-08-31,183,career_level,Manager,3.0,3,0,1.0,
NEW_HIRE_6M,cohort_retention,RO,2021-08-31,183,career_level,Senior Leader,1.0,1,0,1.0,
NEW_HIRE_6M,cohort_retention,RO,2021-09-30,183,career_level,All new hires,3.0,3,0,1.0,
NEW_HIRE_6M,cohort_retention,RO,2021-09-30,183,career_level,Individual Contributor,2.0,2,0,1.0,
NEW_HIRE_6M,cohort_retention,RO,2021-09-30,183,career_level,Manager,1.0,1,0,1.0,
NEW_HIRE_6M,cohort_retention,RO,2021-10-31,183,career_level,All new hires,2.0,2,0,1.0,
NEW_HIRE_6M,cohort_retention,RO,2021-10-31,183,career_level,Individual Contributor,1.0,1,0,1.0,
NEW_HIRE_6M,cohort_retention,RO,2021-10-31,183,career_level,Manager,1.0,1,0,1.0,
NEW_HIRE_6M,cohort_retention,RO,2021-11-30,183,career_level,All new hires,5.0,4,0,0.8,
NEW_HIRE_6M,cohort_retention,RO,2021-11-30,183,career_level,Individual Contributor,1.0,0,0,0.0,
NEW_HIRE_6M,cohort_retention,RO,2021-11-30,183,career_level,Manager,3.0,3,0,1.0,
NEW_HIRE_6M,cohort_retention,RO,2021-11-30,183,career_level,Senior Leader,1.0,1,0,1.0,
NEW_HIRE_6M,cohort_retention,RO,2021-12-31,183,career_level,All new hires,3.0,3,0,1.0,
NEW_HIRE_6M,cohort_retention,RO,2021-12-31,183,career_level,Manager,2.0,2,0,1.0,
NEW_HIRE_6M,cohort_retention,RO,2021-12-31,183,career_level,Senior Leader,1.0,1,0,1.0,
NEW_HIRE_6M,cohort_retention,RO,2022-01-31,183,career_level,All new hires,5.0,5,0,1.0,
NEW_HIRE_6M,cohort_retention,RO,2022-01-31,183,career_level,Individual Contributor,2.0,2,0,1.0,
NEW_HIRE_6M,cohort_retention,RO,2022-01-31,183,career_level,Manager,1.0,1,0,1.0,
NEW_HIRE_6M,cohort_retention,RO,2022-01-31,183,career_level,Senior Leader,2.0,2,0,1.0,
NEW_HIRE_6M,cohort_retention,RO,2022-02-28,183,career_level,All new hires,3.0,2,0,0.6666666666666666,
NEW_HIRE_6M,cohort_retention,RO,2022-02-28,183,career_level,Individual Contributor,2.0,1,0,0.5,
NEW_HIRE_6M,cohort_retention,RO,2022-02-28,183,career_level,Senior Leader,1.0,1,0,1.0,
NEW_HIRE_6M,cohort_retention,RO,2022-03-31,183,career_level,All new hires,5.0,4,0,0.8,
NEW_HIRE_6M,cohort_retention,RO,2022-03-31,183,career_level,Individual Contributor,3.0,3,0,1.0,
NEW_HIRE_6M,cohort_retention,RO,2022-03-31,183,career_level,Manager,1.0,1,0,1.0,
NEW_HIRE_6M,cohort_retention,RO,2022-03-31,183,career_level,Senior Leader,1.0,0,0,0.0,
NEW_HIRE_6M,cohort_retention,RO,2022-04-30,183,career_level,All new hires,6.0,6,0,1.0,
NEW_HIRE_6M,cohort_retention,RO,2022-04-30,183,career_level,Individual Contributor,6.0,6,0,1.0,
NEW_HIRE_6M,cohort_retention,RO,2022-05-31,183,career_level,All new hires,4.0,3,0,0.75,
NEW_HIRE_6M,cohort_retention,RO,2022-05-31,183,career_level,Individual Contributor,2.0,1,0,0.5,
NEW_HIRE_6M,cohort_retention,RO,2022-05-31,183,career_level,Manager,2.0,2,0,1.0,
NEW_HIRE_6M,cohort_retention,RO,2022-06-30,183,career_level,All new hires,11.0,9,0,0.8181818181818182,
NEW_HIRE_6M,cohort_retention,RO,2022-06-30,183,career_level,Individual Contributor,5.0,4,0,0.8,
NEW_HIRE_6M,cohort_retention,RO,2022-06-30,183,career_level,Manager,4.0,4,0,1.0,
NEW_HIRE_6M,cohort_retention,RO,2022-06-30,183,career_level,Senior Leader,2.0,1,0,0.5,
NEW_HIRE_6M,cohort_retention,RO,2022-07-31,183,career_level,All new hires,4.0,3,0,0.75,
NEW_HIRE_6M,cohort_retention,RO,2022-07-31,183,career_level,Individual Contributor,2.0,2,0,1.0,
NEW_HIRE_6M,cohort_retention,RO,2022-07-31,183,career_level,Manager,2.0,1,0,0.5,
NEW_HIRE_6M,cohort_retention,RO,2022-08-31,183,career_level,All new hires,2.0,2,0,1.0,
NEW_HIRE_6M,cohort_retention,RO,2022-08-31,183,career_level,Individual Contributor,1.0,1,0,1.0,
NEW_HIRE_6M,cohort_retention,RO,2022-08-31,183,career_level,Senior Leader,1.0,1,0,1.0,
NEW_HIRE_6M,cohort_retention,RO,2022-09-30,183,career_level,All new hires,4.0,3,0,0.75,
NEW_HIRE_6M,cohort_retention,RO,2022-09-30,183,career_level,Individual Contributor,2.0,2,0,1.0,
NEW_HIRE_6M,cohort_retention,RO,2022-09-30,183,career_level,Senior Leader,2.0,1,0,0.5,
NEW_HIRE_6M,cohort_retention,RO,2022-10-31,183,career_level,All new hires,10.0,9,0,0.9,
NEW_HIRE_6M,cohort_retention,RO,2022-10-31,183,career_level,Individual Contributor,4.0,4,0,1.0,
NEW_HIRE_6M,cohort_retention,RO,2022-10-31,183,career_level,Manager,4.0,3,0,0.75,
NEW_HIRE_6M,cohort_retention,RO,2022-10-31,183,career_level,Senior Leader,2.0,2,0,1.0,
NEW_HIRE_6M,cohort_retention,RO,2022-11-30,183,career_level,All new hires,3.0,2,0,0.6666666666666666,
NEW_HIRE_6M,cohort_retention,RO,2022-11-30,183,career_level,Individual Contributor,2.0,1,0,0.5,
NEW_HIRE_6M,cohort_retention,RO,2022-11-30,183,career_level,Manager,1.0,1,0,1.0,
NEW_HIRE_6M,cohort_retention,RO,2022-12-31,183,career_level,All new hires,4.0,3,0,0.75,
NEW_HIRE_6M,cohort_retention,RO,2022-12-31,183,career_level,Individual Contributor,4.0,3,0,0.75,
NEW_HIRE_6M,cohort_retention,RO,2023-01-31,183,career_level,All new hires,5.0,4,0,0.8,
NEW_HIRE_6M,cohort_retention,RO,2023-01-31,183,career_level,Individual Contributor,4.0,3,0,0.75,
NEW_HIRE_6M,cohort_retention,RO,2023-01-31,183,career_level,Senior Leader,1.0,1,0,1.0,
NEW_HIRE_6M,cohort_retention,RO,2023-02-28,183,career_level,All new hires,8.0,6,0,0.75,
NEW_HIRE_6M,cohort_retention,RO,2023-02-28,183,career_level,Individual Contributor,3.0,2,0,0.6666666666666666,
NEW_HIRE_6M,cohort_retention,RO,2023-02-28,183,career_level,Manager,3.0,2,0,0.6666666666666666,
NEW_HIRE_6M,cohort_retention,RO,2023-02-28,183,career_level,Senior Leader,2.0,2,0,1.0,
NEW_HIRE_6M,cohort_retention,RO,2023-03-31,183,career_level,All new hires,4.0,1,0,0.25,
NEW_HIRE_6M,cohort_retention,RO,2023-03-31,183,career_level,Individual Contributor,2.0,0,0,0.0,
NEW_HIRE_6M,cohort_retention,RO,2023-03-31,183,career_level,Manager,1.0,0,0,0.0,
NEW_HIRE_6M,cohort_retention,RO,2023-03-31,183,career_level,Senior Leader,1.0,1,0,1.0,
NEW_HIRE_6M,cohort_retention,RO,2023-04-30,183,career_level,All new hires,5.0,5,0,1.0,
NEW_HIRE_6M,cohort_retention,RO,2023-04-30,183,career_level,Individual Contributor,2.0,2,0,1.0,
NEW_HIRE_6M,cohort_retention,RO,2023-04-30,183,career_level,Manager,1.0,1,0,1.0,
NEW_HIRE_6M,cohort_retention,RO,2023-04-30,183,career_level,Senior Leader,2.0,2,0,1.0,
NEW_HIRE_6M,cohort_retention,RO,2023-05-31,183,career_level,All new hires,8.0,7,0,0.875,
NEW_HIRE_6M,cohort_retention,RO,2023-05-31,183,career_level,Individual Contributor,4.0,4,0,1.0,
NEW_HIRE_6M,cohort_retention,RO,2023-05-31,183,career_level,Manager,4.0,3,0,0.75,
NEW_HIRE_6M,cohort_retention,RO,2023-06-30,183,career_level,All new hires,4.0,3,0,0.75,
NEW_HIRE_6M,cohort_retention,RO,2023-06-30,183,career_level,Individual Contributor,2.0,1,0,0.5,
NEW_HIRE_6M,cohort_retention,RO,2023-06-30,183,career_level,Manager,2.0,2,0,1.0,
NEW_HIRE_6M,cohort_retention,RO,2023-07-31,183,career_level,All new hires,6.0,6,0,1.0,
NEW_HIRE_6M,cohort_retention,RO,2023-07-31,183,career_level,Individual Contributor,2.0,2,0,1.0,
NEW_HIRE_6M,cohort_retention,RO,2023-07-31,183,career_level,Manager,3.0,3,0,1.0,
NEW_HIRE_6M,cohort_retention,RO,2023-07-31,183,career_level,Senior Leader,1.0,1,0,1.0,
NEW_HIRE_6M,cohort_retention,RO,2023-08-31,183,career_level,All new hires,9.0,6,0,0.6666666666666666,
NEW_HIRE_6M,cohort_retention,RO,2023-08-31,183,career_level,Individual Contributor,5.0,2,0,0.4,
NEW_HIRE_6M,cohort_retention,RO,2023-08-31,183,career_level,Manager,3.0,3,0,1.0,
NEW_HIRE_6M,cohort_retention,RO,2023-08-31,183,career_level,Senior Leader,1.0,1,0,1.0,
NEW_HIRE_6M,cohort_retention,RO,2023-09-30,183,career_level,All new hires,3.0,3,0,1.0,
NEW_HIRE_6M,cohort_retention,RO,2023-09-30,183,career_level,Individual Contributor,1.0,1,0,1.0,
NEW_HIRE_6M,cohort_retention,RO,2023-09-30,183,career_level,Manager,1.0,1,0,1.0,
NEW_HIRE_6M,cohort_retention,RO,2023-09-30,183,career_level,Senior Leader,1.0,1,0,1.0,
NEW_HIRE_6M,cohort_retention,RO,2023-10-31,183,career_level,All new hires,5.0,5,0,1.0,
NEW_HIRE_6M,cohort_retention,RO,2023-10-31,183,career_level,Individual Contributor,4.0,4,0,1.0,
NEW_HIRE_6M,cohort_retention,RO,2023-10-31,183,career_level,Manager,1.0,1,0,1.0,
NEW_HIRE_6M,cohort_retention,RO,2023-11-30,183,career_level,All new hires,6.0,4,0,0.6666666666666666,
NEW_HIRE_6M,cohort_retention,RO,2023-11-30,183,career_level,Individual Contributor,3.0,2,0,0.6666666666666666,
NEW_HIRE_6M,cohort_retention,RO,2023-11-30,183,career_level,Manager,3.0,2,0,0.6666666666666666,
NEW_HIRE_6M,cohort_retention,RO,2023-12-31,183,career_level,All new hires,4.0,3,0,0.75,
NEW_HIRE_6M,cohort_retention,RO,2023-12-31,183,career_level,Individual Contributor,4.0,3,0,0.75,
NEW_HIRE_6M,cohort_retention,RO,2024-01-31,183,career_level,All new hires,7.0,6,0,0.8571428571428571,
NEW_HIRE_6M,cohort_retention,RO,2024-01-31,183,career_level,Individual Contributor,6.0,5,0,0.8333333333333334,
NEW_HIRE_6M,cohort_retention,RO,2024-01-31,183,career_level,Senior Leader,1.0,1,0,1.0,
NEW_HIRE_6M,cohort_retention,RO,2024-02-29,183,career_level,All new hires,14.0,14,0,1.0,
NEW_HIRE_6M,cohort_retention,RO,2024-02-29,183,career_level,Individual Contributor,8.0,8,0,1.0,
NEW_HIRE_6M,cohort_retention,RO,2024-02-29,183,career_level,Manager,5.0,5,0,1.0,
NEW_HIRE_6M,cohort_retention,RO,2024-02-29,183,career_level,Senior Leader,1.0,1,0,1.0,
NEW_HIRE_6M,cohort_retention,RO,2024-03-31,183,career_level,All new hires,8.0,8,0,1.0,
NEW_HIRE_6M,cohort_retention,RO,2024-03-31,183,career_level,Individual Contributor,5.0,5,0,1.0,
NEW_HIRE_6M,cohort_retention,RO,2024-03-31,183,career_level,Manager,3.0,3,0,1.0,
NEW_HIRE_6M,cohort_retention,RO,2024-04-30,183,career_level,All new hires,6.0,6,0,1.0,
NEW_HIRE_6M,cohort_retention,RO,2024-04-30,183,career_level,Individual Contributor,3.0,3,0,1.0,
NEW_HIRE_6M,cohort_retention,RO,2024-04-30,183,career_level,Manager,3.0,3,0,1.0,
NEW_HIRE_6M,cohort_retention,RO,2024-05-31,183,career_level,All new hires,4.0,3,0,0.75,
NEW_HIRE_6M,cohort_retention,RO,2024-05-31,183,career_level,Individual Contributor,3.0,2,0,0.6666666666666666,
NEW_HIRE_6M,cohort_retention,RO,2024-05-31,183,career_level,Senior Leader,1.0,1,0,1.0,
NEW_HIRE_6M,cohort_retention,RO,2024-06-30,183,career_level,All new hires,7.0,6,0,0.8571428571428571,
NEW_HIRE_6M,cohort_retention,RO,2024-06-30,183,career_level,Individual Contributor,3.0,2,0,0.6666666666666666,
NEW_HIRE_6M,cohort_retention,RO,2024-06-30,183,career_level,Manager,3.0,3,0,1.0,
NEW_HIRE_6M,cohort_retention,RO,2024-06-30,183,career_level,Senior Leader,1.0,1,0,1.0,
NEW_HIRE_6M,cohort_retention,RO,2024-07-31,183,career_level,All new hires,10.0,8,0,0.8,
NEW_HIRE_6M,cohort_retention,RO,2024-07-31,183,career_level,Individual Contributor,4.0,2,0,0.5,
NEW_HIRE_6M,cohort_retention,RO,2024-07-31,183,career_level,Manager,5.0,5,0,1.0,
NEW_HIRE_6M,cohort_retention,RO,2024-07-31,183,career_level,Senior Leader,1.0,1,0,1.0,
NEW_HIRE_6M,cohort_retention,RO,2024-08-31,183,career_level,All new hires,13.0,11,0,0.8461538461538461,
NEW_HIRE_6M,cohort_retention,RO,2024-08-31,183,career_level,Individual Contributor,7.0,5,0,0.7142857142857143,
NEW_HIRE_6M,cohort_retention,RO,2024-08-31,183,career_level,Manager,5.0,5,0,1.0,
NEW_HIRE_6M,cohort_retention,RO,2024-08-31,183,career_level,Senior Leader,1.0,1,0,1.0,
NEW_HIRE_6M,cohort_retention,RO,2024-09-30,183,career_level,All new hires,5.0,4,0,0.8,
NEW_HIRE_6M,cohort_retention,RO,2024-09-30,183,career_level,Individual Contributor,2.0,1,0,0.5,
NEW_HIRE_6M,cohort_retention,RO,2024-09-30,183,career_level,Manager,2.0,2,0,1.0,
NEW_HIRE_6M,cohort_retention,RO,2024-09-30,183,career_level,Senior Leader,1.0,1,0,1.0,
NEW_HIRE_6M,cohort_retention,RO,2024-10-31,183,career_level,All new hires,9.0,6,0,0.6666666666666666,
NEW_HIRE_6M,cohort_retention,RO,2024-10-31,183,career_level,Individual Contributor,5.0,3,0,0.6,
NEW_HIRE_6M,cohort_retention,RO,2024-10-31,183,career_level,Manager,3.0,2,0,0.6666666666666666,
NEW_HIRE_6M,cohort_retention,RO,2024-10-31,183,career_level,Senior Leader,1.0,1,0,1.0,
NEW_HIRE_6M,cohort_retention,RO,2024-11-30,183,career_level,All new hires,8.0,7,0,0.875,
NEW_HIRE_6M,cohort_retention,RO,2024-11-30,183,career_level,Individual Contributor,5.0,5,0,1.0,
NEW_HIRE_6M,cohort_retention,RO,2024-11-30,183,career_level,Manager,2.0,2,0,1.0,
NEW_HIRE_6M,cohort_retention,RO,2024-11-30,183,career_level,Senior Leader,1.0,0,0,0.0,
NEW_HIRE_6M,cohort_retention,RO,2024-12-31,183,career_level,All new hires,2.0,2,0,1.0,
NEW_HIRE_6M,cohort_retention,RO,2024-12-31,183,career_level,Individual Contributor,1.0,1,0,1.0,
NEW_HIRE_6M,cohort_retention,RO,2024-12-31,183,career_level,Senior Leader,1.0,1,0,1.0,
NEW_HIRE_6M,cohort_retention,RO,2025-01-31,183,career_level,All new hires,6.0,6,0,1.0,
NEW_HIRE_6M,cohort_retention,RO,2025-01-31,183,career_level,Individual Contributor,2.0,2,0,1.0,
NEW_HIRE_6M,cohort_retention,RO,2025-01-31,183,career_level,Manager,4.0,4,0,1.0,
NEW_HIRE_6M,cohort_retention,RO,2025-02-28,183,career_level,All new hires,4.0,4,0,1.0,
NEW_HIRE_6M,cohort_retention,RO,2025-02-28,183,career_level,Individual Contributor,3.0,3,0,1.0,
NEW_HIRE_6M,cohort_retention,RO,2025-02-28,183,career_level,Senior Leader,1.0,1,0,1.0,
NEW_HIRE_6M,cohort_retention,RO,2025-03-31,183,career_level,All new hires,5.0,4,0,0.8,
NEW_HIRE_6M,cohort_retention,RO,2025-03-31,183,career_level,Individual Contributor,2.0,1,0,0.5,
NEW_HIRE_6M,cohort_retention,RO,2025-03-31,183,career_level,Manager,3.0,3,0,1.0,
NEW_HIRE_6M,cohort_retention,RO,2025-04-30,183,career_level,All new hires,4.0,4,0,1.0,
NEW_HIRE_6M,cohort_retention,RO,2025-04-30,183,career_level,Individual Contributor,2.0,2,0,1.0,
NEW_HIRE_6M,cohort_retention,RO,2025-04-30,183,career_level,Manager,1.0,1,0,1.0,
NEW_HIRE_6M,cohort_retention,RO,2025-04-30,183,career_level,Senior Leader,1.0,1,0,1.0,
NEW_HIRE_6M,cohort_retention,RO,2025-05-31,183,career_level,All new hires,4.0,3,0,0.75,
NEW_HIRE_6M,cohort_retention,RO,2025-05-31,183,career_level,Individual Contributor,2.0,1,0,0.5,
NEW_HIRE_6M,cohort_retention,RO,2025-05-31,183,career_level,Manager,1.0,1,0,1.0,
NEW_HIRE_6M,cohort_retention,RO,2025-05-31,183,career_level,Senior Leader,1.0,1,0,1.0,
NEW_HIRE_6M,cohort_retention,RO,2025-06-30,183,career_level,All new hires,5.0,4,0,0.8,
NEW_HIRE_6M,cohort_retention,RO,2025-06-30,183,career_level,Individual Contributor,3.0,3,0,1.0,
NEW_HIRE_6M,cohort_retention,RO,2025-06-30,183,career_level,Manager,2.0,1,0,0.5,
NEW_HIRE_6M,cohort_retention,RO,2025-07-31,183,career_level,All new hires,0.0,0,5,,
NEW_HIRE_6M,cohort_retention,RO,2025-07-31,183,career_level,Individual Contributor,0.0,0,1,,
NEW_HIRE_6M,cohort_retention,RO,2025-07-31,183,career_level,Manager,0.0,0,2,,
NEW_HIRE_6M,cohort_retention,RO,2025-07-31,183,career_level,Senior Leader,0.0,0,2,,
NEW_HIRE_6M,cohort_retention,RO,2025-08-31,183,career_level,All new hires,0.0,0,7,,
NEW_HIRE_6M,cohort_retention,RO,2025-08-31,183,career_level,Individual Contributor,0.0,0,3,,
NEW_HIRE_6M,cohort_retention,RO,2025-08-31,183,career_level,Manager,0.0,0,4,,
NEW_HIRE_6M,cohort_retention,RO,2025-09-30,183,career_level,All new hires,0.0,0,2,,
NEW_HIRE_6M,cohort_retention,RO,2025-09-30,183,career_level,Manager,0.0,0,2,,
NEW_HIRE_6M,cohort_retention,RO,2025-10-31,183,career_level,All new hires,0.0,0,4,,
NEW_HIRE_6M,cohort_retention,RO,2025-10-31,183,career_level,Individual Contributor,0.0,0,1,,
NEW_HIRE_6M,cohort_retention,RO,2025-10-31,183,career_level,Manager,0.0,0,3,,
NEW_HIRE_6M,cohort_retention,RO,2025-11-30,183,career_level,All new hires,0.0,0,5,,
NEW_HIRE_6M,cohort_retention,RO,2025-11-30,183,career_level,Individual Contributor,0.0,0,2,,
NEW_HIRE_6M,cohort_retention,RO,2025-11-30,183,career_level,Manager,0.0,0,3,,
REGRETTED_TURNOVER_12M,trailing_turnover,BG,2021-01-31,365,career_level,All employees,34.0,,0,0.08823529411764706,3.0
REGRETTED_TURNOVER_12M,trailing_turnover,BG,2021-02-28,365,career_level,All employees,38.0,,0,0.10526315789473684,4.0
REGRETTED_TURNOVER_12M,trailing_turnover,BG,2021-03-31,365,career_level,All employees,40.5,,0,0.09876543209876543,4.0
REGRETTED_TURNOVER_12M,trailing_turnover,BG,2021-04-30,365,career_level,All employees,47.0,,0,0.0851063829787234,4.0
REGRETTED_TURNOVER_12M,trailing_turnover,BG,2021-05-31,365,career_level,All employees,52.0,,0,0.07692307692307693,4.0
REGRETTED_TURNOVER_12M,trailing_turnover,BG,2021-06-30,365,career_level,All employees,57.0,,0,0.08771929824561403,5.0
REGRETTED_TURNOVER_12M,trailing_turnover,BG,2021-07-31,365,career_level,All employees,60.0,,0,0.08333333333333333,5.0
REGRETTED_TURNOVER_12M,trailing_turnover,BG,2021-08-31,365,career_level,All employees,66.5,,0,0.07518796992481203,5.0
REGRETTED_TURNOVER_12M,trailing_turnover,BG,2021-09-30,365,career_level,All employees,73.5,,0,0.06802721088435375,5.0
REGRETTED_TURNOVER_12M,trailing_turnover,BG,2021-10-31,365,career_level,All employees,78.5,,0,0.06369426751592357,5.0
REGRETTED_TURNOVER_12M,trailing_turnover,BG,2021-11-30,365,career_level,All employees,86.0,,0,0.046511627906976744,4.0
REGRETTED_TURNOVER_12M,trailing_turnover,BG,2021-12-31,365,career_level,All employees,90.5,,0,0.022099447513812154,2.0
REGRETTED_TURNOVER_12M,trailing_turnover,BG,2022-01-31,365,career_level,All employees,93.0,,0,0.03225806451612903,3.0
REGRETTED_TURNOVER_12M,trailing_turnover,BG,2022-02-28,365,career_level,All employees,98.0,,0,0.02040816326530612,2.0
REGRETTED_TURNOVER_12M,trailing_turnover,BG,2022-03-31,365,career_level,All employees,100.0,,0,0.05,5.0
REGRETTED_TURNOVER_12M,trailing_turnover,BG,2022-04-30,365,career_level,All employees,105.0,,0,0.05714285714285714,6.0
REGRETTED_TURNOVER_12M,trailing_turnover,BG,2022-05-31,365,career_level,All employees,110.5,,0,0.05429864253393665,6.0
REGRETTED_TURNOVER_12M,trailing_turnover,BG,2022-06-30,365,career_level,All employees,113.5,,0,0.04405286343612335,5.0
REGRETTED_TURNOVER_12M,trailing_turnover,BG,2022-07-31,365,career_level,All employees,118.0,,0,0.05084745762711865,6.0
REGRETTED_TURNOVER_12M,trailing_turnover,BG,2022-08-31,365,career_level,All employees,121.5,,0,0.05761316872427984,7.0
REGRETTED_TURNOVER_12M,trailing_turnover,BG,2022-09-30,365,career_level,All employees,130.0,,0,0.05384615384615385,7.0
REGRETTED_TURNOVER_12M,trailing_turnover,BG,2022-10-31,365,career_level,All employees,131.5,,0,0.053231939163498096,7.0
REGRETTED_TURNOVER_12M,trailing_turnover,BG,2022-11-30,365,career_level,All employees,139.0,,0,0.050359712230215826,7.0
REGRETTED_TURNOVER_12M,trailing_turnover,BG,2022-12-31,365,career_level,All employees,142.5,,0,0.04912280701754386,7.0
REGRETTED_TURNOVER_12M,trailing_turnover,BG,2023-01-31,365,career_level,All employees,146.5,,0,0.04778156996587031,7.0
REGRETTED_TURNOVER_12M,trailing_turnover,BG,2023-02-28,365,career_level,All employees,149.5,,0,0.046822742474916385,7.0
REGRETTED_TURNOVER_12M,trailing_turnover,BG,2023-03-31,365,career_level,All employees,151.5,,0,0.033003300330033,5.0
REGRETTED_TURNOVER_12M,trailing_turnover,BG,2023-04-30,365,career_level,All employees,156.0,,0,0.03205128205128205,5.0
REGRETTED_TURNOVER_12M,trailing_turnover,BG,2023-05-31,365,career_level,All employees,160.5,,0,0.03115264797507788,5.0
REGRETTED_TURNOVER_12M,trailing_turnover,BG,2023-06-30,365,career_level,All employees,166.5,,0,0.03003003003003003,5.0
REGRETTED_TURNOVER_12M,trailing_turnover,BG,2023-07-31,365,career_level,All employees,168.5,,0,0.02373887240356083,4.0
REGRETTED_TURNOVER_12M,trailing_turnover,BG,2023-08-31,365,career_level,All employees,168.5,,0,0.02373887240356083,4.0
REGRETTED_TURNOVER_12M,trailing_turnover,BG,2023-09-30,365,career_level,All employees,175.0,,0,0.022857142857142857,4.0
REGRETTED_TURNOVER_12M,trailing_turnover,BG,2023-10-31,365,career_level,All employees,177.0,,0,0.022598870056497175,4.0
REGRETTED_TURNOVER_12M,trailing_turnover,BG,2023-11-30,365,career_level,All employees,182.0,,0,0.027472527472527472,5.0
REGRETTED_TURNOVER_12M,trailing_turnover,BG,2023-12-31,365,career_level,All employees,185.5,,0,0.026954177897574125,5.0
REGRETTED_TURNOVER_12M,trailing_turnover,BG,2024-01-31,365,career_level,All employees,191.5,,0,0.02610966057441253,5.0
REGRETTED_TURNOVER_12M,trailing_turnover,BG,2024-02-29,365,career_level,All employees,194.5,,0,0.030848329048843187,6.0
REGRETTED_TURNOVER_12M,trailing_turnover,BG,2024-03-31,365,career_level,All employees,198.5,,0,0.02518891687657431,5.0
REGRETTED_TURNOVER_12M,trailing_turnover,BG,2024-04-30,365,career_level,All employees,202.5,,0,0.019753086419753086,4.0
REGRETTED_TURNOVER_12M,trailing_turnover,BG,2024-05-31,365,career_level,All employees,208.0,,0,0.02403846153846154,5.0
REGRETTED_TURNOVER_12M,trailing_turnover,BG,2024-06-30,365,career_level,All employees,216.0,,0,0.023148148148148147,5.0
REGRETTED_TURNOVER_12M,trailing_turnover,BG,2024-07-31,365,career_level,All employees,221.0,,0,0.027149321266968326,6.0
REGRETTED_TURNOVER_12M,trailing_turnover,BG,2024-08-31,365,career_level,All employees,222.0,,0,0.02252252252252252,5.0
REGRETTED_TURNOVER_12M,trailing_turnover,BG,2024-09-30,365,career_level,All employees,227.0,,0,0.030837004405286344,7.0
REGRETTED_TURNOVER_12M,trailing_turnover,BG,2024-10-31,365,career_level,All employees,229.0,,0,0.03056768558951965,7.0
REGRETTED_TURNOVER_12M,trailing_turnover,BG,2024-11-30,365,career_level,All employees,231.5,,0,0.03455723542116631,8.0
REGRETTED_TURNOVER_12M,trailing_turnover,BG,2024-12-31,365,career_level,All employees,236.5,,0,0.03382663847780127,8.0
REGRETTED_TURNOVER_12M,trailing_turnover,BG,2025-01-31,365,career_level,All employees,239.5,,0,0.037578288100208766,9.0
REGRETTED_TURNOVER_12M,trailing_turnover,BG,2025-02-28,365,career_level,All employees,244.0,,0,0.03278688524590164,8.0
REGRETTED_TURNOVER_12M,trailing_turnover,BG,2025-03-31,365,career_level,All employees,248.0,,0,0.03225806451612903,8.0
REGRETTED_TURNOVER_12M,trailing_turnover,BG,2025-04-30,365,career_level,All employees,251.5,,0,0.03578528827037773,9.0
REGRETTED_TURNOVER_12M,trailing_turnover,BG,2025-05-31,365,career_level,All employees,257.5,,0,0.03495145631067961,9.0
REGRETTED_TURNOVER_12M,trailing_turnover,BG,2025-06-30,365,career_level,All employees,258.0,,0,0.04263565891472868,11.0
REGRETTED_TURNOVER_12M,trailing_turnover,BG,2025-07-31,365,career_level,All employees,266.0,,0,0.041353383458646614,11.0
REGRETTED_TURNOVER_12M,trailing_turnover,BG,2025-08-31,365,career_level,All employees,268.5,,0,0.0446927374301676,12.0
REGRETTED_TURNOVER_12M,trailing_turnover,BG,2025-09-30,365,career_level,All employees,272.5,,0,0.04036697247706422,11.0
REGRETTED_TURNOVER_12M,trailing_turnover,BG,2025-10-31,365,career_level,All employees,275.0,,0,0.04363636363636364,12.0
REGRETTED_TURNOVER_12M,trailing_turnover,BG,2025-11-30,365,career_level,All employees,274.5,,0,0.04371584699453552,12.0
REGRETTED_TURNOVER_12M,trailing_turnover,BG,2025-12-31,365,career_level,All employees,271.5,,0,0.06261510128913444,17.0
REGRETTED_TURNOVER_12M,trailing_turnover,GR,2021-01-31,365,career_level,All employees,36.0,,0,0.1111111111111111,4.0
REGRETTED_TURNOVER_12M,trailing_turnover,GR,2021-02-28,365,career_level,All employees,43.0,,0,0.09302325581395349,4.0
REGRETTED_TURNOVER_12M,trailing_turnover,GR,2021-03-31,365,career_level,All employees,46.5,,0,0.08602150537634409,4.0
REGRETTED_TURNOVER_12M,trailing_turnover,GR,2021-04-30,365,career_level,All employees,52.5,,0,0.0761904761904762,4.0
REGRETTED_TURNOVER_12M,trailing_turnover,GR,2021-05-31,365,career_level,All employees,59.5,,0,0.05042016806722689,3.0
REGRETTED_TURNOVER_12M,trailing_turnover,GR,2021-06-30,365,career_level,All employees,62.5,,0,0.048,3.0
REGRETTED_TURNOVER_12M,trailing_turnover,GR,2021-07-31,365,career_level,All employees,69.5,,0,0.05755395683453238,4.0
REGRETTED_TURNOVER_12M,trailing_turnover,GR,2021-08-31,365,career_level,All employees,73.5,,0,0.05442176870748299,4.0
REGRETTED_TURNOVER_12M,trailing_turnover,GR,2021-09-30,365,career_level,All employees,78.5,,0,0.050955414012738856,4.0
REGRETTED_TURNOVER_12M,trailing_turnover,GR,2021-10-31,365,career_level,All employees,88.5,,0,0.05649717514124294,5.0
REGRETTED_TURNOVER_12M,trailing_turnover,GR,2021-11-30,365,career_level,All employees,95.0,,0,0.05263157894736842,5.0
REGRETTED_TURNOVER_12M,trailing_turnover,GR,2021-12-31,365,career_level,All employees,98.5,,0,0.050761421319796954,5.0
REGRETTED_TURNOVER_12M,trailing_turnover,GR,2022-01-31,365,career_level,All employees,99.5,,0,0.06030150753768844,6.0
REGRETTED_TURNOVER_12M,trailing_turnover,GR,2022-02-28,365,career_level,All employees,104.5,,0,0.05741626794258373,6.0
REGRETTED_TURNOVER_12M,trailing_turnover,GR,2022-03-31,365,career_level,All employees,105.5,,0,0.06635071090047394,7.0
REGRETTED_TURNOVER_12M,trailing_turnover,GR,2022-04-30,365,career_level,All employees,112.5,,0,0.06222222222222222,7.0
REGRETTED_TURNOVER_12M,trailing_turnover,GR,2022-05-31,365,career_level,All employees,120.5,,0,0.058091286307053944,7.0
REGRETTED_TURNOVER_12M,trailing_turnover,GR,2022-06-30,365,career_level,All employees,124.0,,0,0.056451612903225805,7.0
REGRETTED_TURNOVER_12M,trailing_turnover,GR,2022-07-31,365,career_level,All employees,129.0,,0,0.046511627906976744,6.0
REGRETTED_TURNOVER_12M,trailing_turnover,GR,2022-08-31,365,career_level,All employees,134.0,,0,0.04477611940298507,6.0
REGRETTED_TURNOVER_12M,trailing_turnover,GR,2022-09-30,365,career_level,All employees,139.5,,0,0.035842293906810034,5.0
REGRETTED_TURNOVER_12M,trailing_turnover,GR,2022-10-31,365,career_level,All employees,146.5,,0,0.027303754266211604,4.0
REGRETTED_TURNOVER_12M,trailing_turnover,GR,2022-11-30,365,career_level,All employees,153.0,,0,0.026143790849673203,4.0
REGRETTED_TURNOVER_12M,trailing_turnover,GR,2022-12-31,365,career_level,All employees,157.5,,0,0.025396825396825397,4.0
REGRETTED_TURNOVER_12M,trailing_turnover,GR,2023-01-31,365,career_level,All employees,161.0,,0,0.006211180124223602,1.0
REGRETTED_TURNOVER_12M,trailing_turnover,GR,2023-02-28,365,career_level,All employees,164.5,,0,0.0060790273556231,1.0
REGRETTED_TURNOVER_12M,trailing_turnover,GR,2023-03-31,365,career_level,All employees,163.0,,0,0.0,0.0
REGRETTED_TURNOVER_12M,trailing_turnover,GR,2023-04-30,365,career_level,All employees,167.0,,0,0.0,0.0
REGRETTED_TURNOVER_12M,trailing_turnover,GR,2023-05-31,365,career_level,All employees,173.0,,0,0.0,0.0
REGRETTED_TURNOVER_12M,trailing_turnover,GR,2023-06-30,365,career_level,All employees,177.5,,0,0.0,0.0
REGRETTED_TURNOVER_12M,trailing_turnover,GR,2023-07-31,365,career_level,All employees,182.0,,0,0.0,0.0
REGRETTED_TURNOVER_12M,trailing_turnover,GR,2023-08-31,365,career_level,All employees,192.5,,0,0.0,0.0
REGRETTED_TURNOVER_12M,trailing_turnover,GR,2023-09-30,365,career_level,All employees,196.5,,0,0.005089058524173028,1.0
REGRETTED_TURNOVER_12M,trailing_turnover,GR,2023-10-31,365,career_level,All employees,198.5,,0,0.005037783375314861,1.0
REGRETTED_TURNOVER_12M,trailing_turnover,GR,2023-11-30,365,career_level,All employees,203.0,,0,0.0049261083743842365,1.0
REGRETTED_TURNOVER_12M,trailing_turnover,GR,2023-12-31,365,career_level,All employees,205.0,,0,0.004878048780487805,1.0
REGRETTED_TURNOVER_12M,trailing_turnover,GR,2024-01-31,365,career_level,All employees,209.5,,0,0.00477326968973747,1.0
REGRETTED_TURNOVER_12M,trailing_turnover,GR,2024-02-29,365,career_level,All employees,213.5,,0,0.00936768149882904,2.0
REGRETTED_TURNOVER_12M,trailing_turnover,GR,2024-03-31,365,career_level,All employees,212.0,,0,0.02358490566037736,5.0
REGRETTED_TURNOVER_12M,trailing_turnover,GR,2024-04-30,365,career_level,All employees,215.0,,0,0.027906976744186046,6.0
REGRETTED_TURNOVER_12M,trailing_turnover,GR,2024-05-31,365,career_level,All employees,218.5,,0,0.02745995423340961,6.0
REGRETTED_TURNOVER_12M,trailing_turnover,GR,2024-06-30,365,career_level,All employees,222.0,,0,0.02702702702702703,6.0
REGRETTED_TURNOVER_12M,trailing_turnover,GR,2024-07-31,365,career_level,All employees,227.5,,0,0.026373626373626374,6.0
REGRETTED_TURNOVER_12M,trailing_turnover,GR,2024-08-31,365,career_level,All employees,236.0,,0,0.029661016949152543,7.0
REGRETTED_TURNOVER_12M,trailing_turnover,GR,2024-09-30,365,career_level,All employees,240.0,,0,0.025,6.0
REGRETTED_TURNOVER_12M,trailing_turnover,GR,2024-10-31,365,career_level,All employees,244.5,,0,0.028629856850715747,7.0
REGRETTED_TURNOVER_12M,trailing_turnover,GR,2024-11-30,365,career_level,All employees,246.5,,0,0.028397565922920892,7.0
REGRETTED_TURNOVER_12M,trailing_turnover,GR,2024-12-31,365,career_level,All employees,250.5,,0,0.03992015968063872,10.0
REGRETTED_TURNOVER_12M,trailing_turnover,GR,2025-01-31,365,career_level,All employees,253.5,,0,0.03944773175542406,10.0
REGRETTED_TURNOVER_12M,trailing_turnover,GR,2025-02-28,365,career_level,All employees,255.0,,0,0.03529411764705882,9.0
REGRETTED_TURNOVER_12M,trailing_turnover,GR,2025-03-31,365,career_level,All employees,254.5,,0,0.0275049115913556,7.0
REGRETTED_TURNOVER_12M,trailing_turnover,GR,2025-04-30,365,career_level,All employees,256.5,,0,0.02729044834307992,7.0
REGRETTED_TURNOVER_12M,trailing_turnover,GR,2025-05-31,365,career_level,All employees,258.5,,0,0.027079303675048357,7.0
REGRETTED_TURNOVER_12M,trailing_turnover,GR,2025-06-30,365,career_level,All employees,262.5,,0,0.030476190476190476,8.0
REGRETTED_TURNOVER_12M,trailing_turnover,GR,2025-07-31,365,career_level,All employees,269.0,,0,0.02973977695167286,8.0
REGRETTED_TURNOVER_12M,trailing_turnover,GR,2025-08-31,365,career_level,All employees,272.5,,0,0.029357798165137616,8.0
REGRETTED_TURNOVER_12M,trailing_turnover,GR,2025-09-30,365,career_level,All employees,275.0,,0,0.03272727272727273,9.0
REGRETTED_TURNOVER_12M,trailing_turnover,GR,2025-10-31,365,career_level,All employees,279.5,,0,0.03220035778175313,9.0
REGRETTED_TURNOVER_12M,trailing_turnover,GR,2025-11-30,365,career_level,All employees,281.0,,0,0.03558718861209965,10.0
REGRETTED_TURNOVER_12M,trailing_turnover,GR,2025-12-31,365,career_level,All employees,283.0,,0,0.028268551236749116,8.0
REGRETTED_TURNOVER_12M,trailing_turnover,IE,2021-01-31,365,career_level,All employees,34.0,,0,0.058823529411764705,2.0
REGRETTED_TURNOVER_12M,trailing_turnover,IE,2021-02-28,365,career_level,All employees,38.0,,0,0.05263157894736842,2.0
REGRETTED_TURNOVER_12M,trailing_turnover,IE,2021-03-31,365,career_level,All employees,41.0,,0,0.04878048780487805,2.0
REGRETTED_TURNOVER_12M,trailing_turnover,IE,2021-04-30,365,career_level,All employees,44.0,,0,0.06818181818181818,3.0
REGRETTED_TURNOVER_12M,trailing_turnover,IE,2021-05-31,365,career_level,All employees,47.5,,0,0.06315789473684211,3.0
REGRETTED_TURNOVER_12M,trailing_turnover,IE,2021-06-30,365,career_level,All employees,53.0,,0,0.05660377358490566,3.0
REGRETTED_TURNOVER_12M,trailing_turnover,IE,2021-07-31,365,career_level,All employees,55.5,,0,0.05405405405405406,3.0
REGRETTED_TURNOVER_12M,trailing_turnover,IE,2021-08-31,365,career_level,All employees,58.5,,0,0.05128205128205128,3.0
REGRETTED_TURNOVER_12M,trailing_turnover,IE,2021-09-30,365,career_level,All employees,65.0,,0,0.046153846153846156,3.0
REGRETTED_TURNOVER_12M,trailing_turnover,IE,2021-10-31,365,career_level,All employees,71.5,,0,0.04195804195804196,3.0
REGRETTED_TURNOVER_12M,trailing_turnover,IE,2021-11-30,365,career_level,All employees,74.5,,0,0.026845637583892617,2.0
REGRETTED_TURNOVER_12M,trailing_turnover,IE,2021-12-31,365,career_level,All employees,79.0,,0,0.02531645569620253,2.0
REGRETTED_TURNOVER_12M,trailing_turnover,IE,2022-01-31,365,career_level,All employees,81.5,,0,0.012269938650306749,1.0
REGRETTED_TURNOVER_12M,trailing_turnover,IE,2022-02-28,365,career_level,All employees,85.0,,0,0.011764705882352941,1.0
REGRETTED_TURNOVER_12M,trailing_turnover,IE,2022-03-31,365,career_level,All employees,88.5,,0,0.011299435028248588,1.0
REGRETTED_TURNOVER_12M,trailing_turnover,IE,2022-04-30,365,career_level,All employees,90.0,,0,0.022222222222222223,2.0
REGRETTED_TURNOVER_12M,trailing_turnover,IE,2022-05-31,365,career_level,All employees,90.5,,0,0.03314917127071823,3.0
REGRETTED_TURNOVER_12M,trailing_turnover,IE,2022-06-30,365,career_level,All employees,96.0,,0,0.03125,3.0
REGRETTED_TURNOVER_12M,trailing_turnover,IE,2022-07-31,365,career_level,All employees,100.5,,0,0.029850746268656716,3.0
REGRETTED_TURNOVER_12M,trailing_turnover,IE,2022-08-31,365,career_level,All employees,104.5,,0,0.028708133971291867,3.0
REGRETTED_TURNOVER_12M,trailing_turnover,IE,2022-09-30,365,career_level,All employees,111.5,,0,0.026905829596412557,3.0
REGRETTED_TURNOVER_12M,trailing_turnover,IE,2022-10-31,365,career_level,All employees,114.0,,0,0.03508771929824561,4.0
REGRETTED_TURNOVER_12M,trailing_turnover,IE,2022-11-30,365,career_level,All employees,117.0,,0,0.03418803418803419,4.0
REGRETTED_TURNOVER_12M,trailing_turnover,IE,2022-12-31,365,career_level,All employees,121.5,,0,0.03292181069958848,4.0
REGRETTED_TURNOVER_12M,trailing_turnover,IE,2023-01-31,365,career_level,All employees,123.0,,0,0.04065040650406504,5.0
REGRETTED_TURNOVER_12M,trailing_turnover,IE,2023-02-28,365,career_level,All employees,129.0,,0,0.03875968992248062,5.0
REGRETTED_TURNOVER_12M,trailing_turnover,IE,2023-03-31,365,career_level,All employees,134.0,,0,0.04477611940298507,6.0
REGRETTED_TURNOVER_12M,trailing_turnover,IE,2023-04-30,365,career_level,All employees,137.0,,0,0.0364963503649635,5.0
REGRETTED_TURNOVER_12M,trailing_turnover,IE,2023-05-31,365,career_level,All employees,140.0,,0,0.02857142857142857,4.0
REGRETTED_TURNOVER_12M,trailing_turnover,IE,2023-06-30,365,career_level,All employees,144.0,,0,0.027777777777777776,4.0
REGRETTED_TURNOVER_12M,trailing_turnover,IE,2023-07-31,365,career_level,All employees,147.5,,0,0.03389830508474576,5.0
REGRETTED_TURNOVER_12M,trailing_turnover,IE,2023-08-31,365,career_level,All employees,152.0,,0,0.039473684210526314,6.0
REGRETTED_TURNOVER_12M,trailing_turnover,IE,2023-09-30,365,career_level,All employees,155.5,,0,0.03858520900321544,6.0
REGRETTED_TURNOVER_12M,trailing_turnover,IE,2023-10-31,365,career_level,All employees,154.5,,0,0.038834951456310676,6.0
REGRETTED_TURNOVER_12M,trailing_turnover,IE,2023-11-30,365,career_level,All employees,158.0,,0,0.0379746835443038,6.0
REGRETTED_TURNOVER_12M,trailing_turnover,IE,2023-12-31,365,career_level,All employees,162.5,,0,0.04923076923076923,8.0
REGRETTED_TURNOVER_12M,trailing_turnover,IE,2024-01-31,365,career_level,All employees,163.5,,0,0.04892966360856269,8.0
REGRETTED_TURNOVER_12M,trailing_turnover,IE,2024-02-29,365,career_level,All employees,168.0,,0,0.047619047619047616,8.0
REGRETTED_TURNOVER_12M,trailing_turnover,IE,2024-03-31,365,career_level,All employees,173.5,,0,0.040345821325648415,7.0
REGRETTED_TURNOVER_12M,trailing_turnover,IE,2024-04-30,365,career_level,All employees,178.0,,0,0.03932584269662921,7.0
REGRETTED_TURNOVER_12M,trailing_turnover,IE,2024-05-31,365,career_level,All employees,182.5,,0,0.038356164383561646,7.0
REGRETTED_TURNOVER_12M,trailing_turnover,IE,2024-06-30,365,career_level,All employees,184.0,,0,0.03804347826086957,7.0
REGRETTED_TURNOVER_12M,trailing_turnover,IE,2024-07-31,365,career_level,All employees,188.0,,0,0.031914893617021274,6.0
REGRETTED_TURNOVER_12M,trailing_turnover,IE,2024-08-31,365,career_level,All employees,192.0,,0,0.03125,6.0
REGRETTED_TURNOVER_12M,trailing_turnover,IE,2024-09-30,365,career_level,All employees,193.5,,0,0.031007751937984496,6.0
REGRETTED_TURNOVER_12M,trailing_turnover,IE,2024-10-31,365,career_level,All employees,193.5,,0,0.025839793281653745,5.0
REGRETTED_TURNOVER_12M,trailing_turnover,IE,2024-11-30,365,career_level,All employees,198.5,,0,0.030226700251889168,6.0
REGRETTED_TURNOVER_12M,trailing_turnover,IE,2024-12-31,365,career_level,All employees,201.5,,0,0.02977667493796526,6.0
REGRETTED_TURNOVER_12M,trailing_turnover,IE,2025-01-31,365,career_level,All employees,202.5,,0,0.024691358024691357,5.0
REGRETTED_TURNOVER_12M,trailing_turnover,IE,2025-02-28,365,career_level,All employees,204.5,,0,0.02444987775061125,5.0
REGRETTED_TURNOVER_12M,trailing_turnover,IE,2025-03-31,365,career_level,All employees,209.0,,0,0.023923444976076555,5.0
REGRETTED_TURNOVER_12M,trailing_turnover,IE,2025-04-30,365,career_level,All employees,214.5,,0,0.027972027972027972,6.0
REGRETTED_TURNOVER_12M,trailing_turnover,IE,2025-05-31,365,career_level,All employees,220.0,,0,0.031818181818181815,7.0
REGRETTED_TURNOVER_12M,trailing_turnover,IE,2025-06-30,365,career_level,All employees,222.0,,0,0.036036036036036036,8.0
REGRETTED_TURNOVER_12M,trailing_turnover,IE,2025-07-31,365,career_level,All employees,226.5,,0,0.04415011037527594,10.0
REGRETTED_TURNOVER_12M,trailing_turnover,IE,2025-08-31,365,career_level,All employees,231.0,,0,0.03896103896103896,9.0
REGRETTED_TURNOVER_12M,trailing_turnover,IE,2025-09-30,365,career_level,All employees,233.0,,0,0.04291845493562232,10.0
REGRETTED_TURNOVER_12M,trailing_turnover,IE,2025-10-31,365,career_level,All employees,233.5,,0,0.047109207708779445,11.0
REGRETTED_TURNOVER_12M,trailing_turnover,IE,2025-11-30,365,career_level,All employees,234.0,,0,0.0641025641025641,15.0
REGRETTED_TURNOVER_12M,trailing_turnover,IE,2025-12-31,365,career_level,All employees,231.0,,0,0.06493506493506493,15.0
REGRETTED_TURNOVER_12M,trailing_turnover,IT,2021-01-31,365,career_level,All employees,38.5,,0,0.1038961038961039,4.0
REGRETTED_TURNOVER_12M,trailing_turnover,IT,2021-02-28,365,career_level,All employees,42.0,,0,0.16666666666666666,7.0
REGRETTED_TURNOVER_12M,trailing_turnover,IT,2021-03-31,365,career_level,All employees,48.5,,0,0.14432989690721648,7.0
REGRETTED_TURNOVER_12M,trailing_turnover,IT,2021-04-30,365,career_level,All employees,56.5,,0,0.12389380530973451,7.0
REGRETTED_TURNOVER_12M,trailing_turnover,IT,2021-05-31,365,career_level,All employees,62.5,,0,0.112,7.0
REGRETTED_TURNOVER_12M,trailing_turnover,IT,2021-06-30,365,career_level,All employees,64.0,,0,0.09375,6.0
REGRETTED_TURNOVER_12M,trailing_turnover,IT,2021-07-31,365,career_level,All employees,72.0,,0,0.08333333333333333,6.0
REGRETTED_TURNOVER_12M,trailing_turnover,IT,2021-08-31,365,career_level,All employees,79.5,,0,0.06289308176100629,5.0
REGRETTED_TURNOVER_12M,trailing_turnover,IT,2021-09-30,365,career_level,All employees,84.5,,0,0.05917159763313609,5.0
REGRETTED_TURNOVER_12M,trailing_turnover,IT,2021-10-31,365,career_level,All employees,88.5,,0,0.05649717514124294,5.0
REGRETTED_TURNOVER_12M,trailing_turnover,IT,2021-11-30,365,career_level,All employees,95.0,,0,0.05263157894736842,5.0
REGRETTED_TURNOVER_12M,trailing_turnover,IT,2021-12-31,365,career_level,All employees,100.5,,0,0.04975124378109453,5.0
REGRETTED_TURNOVER_12M,trailing_turnover,IT,2022-01-31,365,career_level,All employees,105.0,,0,0.05714285714285714,6.0
REGRETTED_TURNOVER_12M,trailing_turnover,IT,2022-02-28,365,career_level,All employees,111.5,,0,0.026905829596412557,3.0
REGRETTED_TURNOVER_12M,trailing_turnover,IT,2022-03-31,365,career_level,All employees,117.0,,0,0.02564102564102564,3.0
REGRETTED_TURNOVER_12M,trailing_turnover,IT,2022-04-30,365,career_level,All employees,121.0,,0,0.03305785123966942,4.0
REGRETTED_TURNOVER_12M,trailing_turnover,IT,2022-05-31,365,career_level,All employees,125.5,,0,0.03187250996015936,4.0
REGRETTED_TURNOVER_12M,trailing_turnover,IT,2022-06-30,365,career_level,All employees,125.5,,0,0.03187250996015936,4.0
REGRETTED_TURNOVER_12M,trailing_turnover,IT,2022-07-31,365,career_level,All employees,134.5,,0,0.02973977695167286,4.0
REGRETTED_TURNOVER_12M,trailing_turnover,IT,2022-08-31,365,career_level,All employees,139.5,,0,0.02867383512544803,4.0
REGRETTED_TURNOVER_12M,trailing_turnover,IT,2022-09-30,365,career_level,All employees,144.0,,0,0.020833333333333332,3.0
REGRETTED_TURNOVER_12M,trailing_turnover,IT,2022-10-31,365,career_level,All employees,147.0,,0,0.013605442176870748,2.0
REGRETTED_TURNOVER_12M,trailing_turnover,IT,2022-11-30,365,career_level,All employees,153.0,,0,0.013071895424836602,2.0
REGRETTED_TURNOVER_12M,trailing_turnover,IT,2022-12-31,365,career_level,All employees,158.0,,0,0.0189873417721519,3.0
REGRETTED_TURNOVER_12M,trailing_turnover,IT,2023-01-31,365,career_level,All employees,161.5,,0,0.01238390092879257,2.0
REGRETTED_TURNOVER_12M,trailing_turnover,IT,2023-02-28,365,career_level,All employees,169.5,,0,0.017699115044247787,3.0
REGRETTED_TURNOVER_12M,trailing_turnover,IT,2023-03-31,365,career_level,All employees,175.5,,0,0.017094017094017096,3.0
REGRETTED_TURNOVER_12M,trailing_turnover,IT,2023-04-30,365,career_level,All employees,179.0,,0,0.0111731843575419,2.0
REGRETTED_TURNOVER_12M,trailing_turnover,IT,2023-05-31,365,career_level,All employees,183.5,,0,0.01634877384196185,3.0
REGRETTED_TURNOVER_12M,trailing_turnover,IT,2023-06-30,365,career_level,All employees,183.5,,0,0.021798365122615803,4.0
REGRETTED_TURNOVER_12M,trailing_turnover,IT,2023-07-31,365,career_level,All employees,190.5,,0,0.02099737532808399,4.0
REGRETTED_TURNOVER_12M,trailing_turnover,IT,2023-08-31,365,career_level,All employees,194.5,,0,0.02570694087403599,5.0
REGRETTED_TURNOVER_12M,trailing_turnover,IT,2023-09-30,365,career_level,All employees,199.0,,0,0.03015075376884422,6.0
REGRETTED_TURNOVER_12M,trailing_turnover,IT,2023-10-31,365,career_level,All employees,203.0,,0,0.029556650246305417,6.0
REGRETTED_TURNOVER_12M,trailing_turnover,IT,2023-11-30,365,career_level,All employees,208.5,,0,0.03836930455635491,8.0
REGRETTED_TURNOVER_12M,trailing_turnover,IT,2023-12-31,365,career_level,All employees,212.5,,0,0.042352941176470586,9.0
REGRETTED_TURNOVER_12M,trailing_turnover,IT,2024-01-31,365,career_level,All employees,212.5,,0,0.05176470588235294,11.0
REGRETTED_TURNOVER_12M,trailing_turnover,IT,2024-02-29,365,career_level,All employees,217.0,,0,0.05069124423963134,11.0
REGRETTED_TURNOVER_12M,trailing_turnover,IT,2024-03-31,365,career_level,All employees,221.0,,0,0.049773755656108594,11.0
REGRETTED_TURNOVER_12M,trailing_turnover,IT,2024-04-30,365,career_level,All employees,227.0,,0,0.05726872246696035,13.0
REGRETTED_TURNOVER_12M,trailing_turnover,IT,2024-05-31,365,career_level,All employees,231.5,,0,0.056155507559395246,13.0
REGRETTED_TURNOVER_12M,trailing_turnover,IT,2024-06-30,365,career_level,All employees,232.0,,0,0.0603448275862069,14.0
REGRETTED_TURNOVER_12M,trailing_turnover,IT,2024-07-31,365,career_level,All employees,234.5,,0,0.05970149253731343,14.0
REGRETTED_TURNOVER_12M,trailing_turnover,IT,2024-08-31,365,career_level,All employees,239.0,,0,0.058577405857740586,14.0
REGRETTED_TURNOVER_12M,trailing_turnover,IT,2024-09-30,365,career_level,All employees,245.0,,0,0.053061224489795916,13.0
REGRETTED_TURNOVER_12M,trailing_turnover,IT,2024-10-31,365,career_level,All employees,249.0,,0,0.05622489959839357,14.0
REGRETTED_TURNOVER_12M,trailing_turnover,IT,2024-11-30,365,career_level,All employees,251.5,,0,0.055666003976143144,14.0
REGRETTED_TURNOVER_12M,trailing_turnover,IT,2024-12-31,365,career_level,All employees,252.0,,0,0.04365079365079365,11.0
REGRETTED_TURNOVER_12M,trailing_turnover,IT,2025-01-31,365,career_level,All employees,251.5,,0,0.0437375745526839,11.0
REGRETTED_TURNOVER_12M,trailing_turnover,IT,2025-02-28,365,career_level,All employees,255.5,,0,0.03913894324853229,10.0
REGRETTED_TURNOVER_12M,trailing_turnover,IT,2025-03-31,365,career_level,All employees,256.5,,0,0.03898635477582846,10.0
REGRETTED_TURNOVER_12M,trailing_turnover,IT,2025-04-30,365,career_level,All employees,259.0,,0,0.03474903474903475,9.0
REGRETTED_TURNOVER_12M,trailing_turnover,IT,2025-05-31,365,career_level,All employees,262.0,,0,0.04198473282442748,11.0
REGRETTED_TURNOVER_12M,trailing_turnover,IT,2025-06-30,365,career_level,All employees,263.0,,0,0.03802281368821293,10.0
REGRETTED_TURNOVER_12M,trailing_turnover,IT,2025-07-31,365,career_level,All employees,265.0,,0,0.04150943396226415,11.0
REGRETTED_TURNOVER_12M,trailing_turnover,IT,2025-08-31,365,career_level,All employees,267.5,,0,0.044859813084112146,12.0
REGRETTED_TURNOVER_12M,trailing_turnover,IT,2025-09-30,365,career_level,All employees,274.0,,0,0.04744525547445255,13.0
REGRETTED_TURNOVER_12M,trailing_turnover,IT,2025-10-31,365,career_level,All employees,280.0,,0,0.04642857142857143,13.0
REGRETTED_TURNOVER_12M,trailing_turnover,IT,2025-11-30,365,career_level,All employees,278.5,,0,0.04308797127468582,12.0
REGRETTED_TURNOVER_12M,trailing_turnover,IT,2025-12-31,365,career_level,All employees,275.0,,0,0.05090909090909091,14.0
REGRETTED_TURNOVER_12M,trailing_turnover,PL,2021-01-31,365,career_level,All employees,35.5,,0,0.08450704225352113,3.0
REGRETTED_TURNOVER_12M,trailing_turnover,PL,2021-02-28,365,career_level,All employees,40.0,,0,0.1,4.0
REGRETTED_TURNOVER_12M,trailing_turnover,PL,2021-03-31,365,career_level,All employees,44.5,,0,0.11235955056179775,5.0
REGRETTED_TURNOVER_12M,trailing_turnover,PL,2021-04-30,365,career_level,All employees,50.5,,0,0.1188118811881188,6.0
REGRETTED_TURNOVER_12M,trailing_turnover,PL,2021-05-31,365,career_level,All employees,56.5,,0,0.10619469026548672,6.0
REGRETTED_TURNOVER_12M,trailing_turnover,PL,2021-06-30,365,career_level,All employees,59.5,,0,0.10084033613445378,6.0
REGRETTED_TURNOVER_12M,trailing_turnover,PL,2021-07-31,365,career_level,All employees,66.0,,0,0.09090909090909091,6.0
REGRETTED_TURNOVER_12M,trailing_turnover,PL,2021-08-31,365,career_level,All employees,69.5,,0,0.08633093525179857,6.0
REGRETTED_TURNOVER_12M,trailing_turnover,PL,2021-09-30,365,career_level,All employees,72.0,,0,0.06944444444444445,5.0
REGRETTED_TURNOVER_12M,trailing_turnover,PL,2021-10-31,365,career_level,All employees,82.5,,0,0.06060606060606061,5.0
REGRETTED_TURNOVER_12M,trailing_turnover,PL,2021-11-30,365,career_level,All employees,85.5,,0,0.05847953216374269,5.0
REGRETTED_TURNOVER_12M,trailing_turnover,PL,2021-12-31,365,career_level,All employees,92.0,,0,0.043478260869565216,4.0
REGRETTED_TURNOVER_12M,trailing_turnover,PL,2022-01-31,365,career_level,All employees,93.5,,0,0.0427807486631016,4.0
REGRETTED_TURNOVER_12M,trailing_turnover,PL,2022-02-28,365,career_level,All employees,96.0,,0,0.03125,3.0
REGRETTED_TURNOVER_12M,trailing_turnover,PL,2022-03-31,365,career_level,All employees,99.0,,0,0.020202020202020204,2.0
REGRETTED_TURNOVER_12M,trailing_turnover,PL,2022-04-30,365,career_level,All employees,103.0,,0,0.019417475728155338,2.0
REGRETTED_TURNOVER_12M,trailing_turnover,PL,2022-05-31,365,career_level,All employees,113.0,,0,0.017699115044247787,2.0
REGRETTED_TURNOVER_12M,trailing_turnover,PL,2022-06-30,365,career_level,All employees,117.0,,0,0.017094017094017096,2.0
REGRETTED_TURNOVER_12M,trailing_turnover,PL,2022-07-31,365,career_level,All employees,122.5,,0,0.024489795918367346,3.0
REGRETTED_TURNOVER_12M,trailing_turnover,PL,2022-08-31,365,career_level,All employees,127.5,,0,0.023529411764705882,3.0
REGRETTED_TURNOVER_12M,trailing_turnover,PL,2022-09-30,365,career_level,All employees,128.5,,0,0.0311284046692607,4.0
REGRETTED_TURNOVER_12M,trailing_turnover,PL,2022-10-31,365,career_level,All employees,139.5,,0,0.035842293906810034,5.0
REGRETTED_TURNOVER_12M,trailing_turnover,PL,2022-11-30,365,career_level,All employees,144.0,,0,0.041666666666666664,6.0
REGRETTED_TURNOVER_12M,trailing_turnover,PL,2022-12-31,365,career_level,All employees,151.5,,0,0.039603960396039604,6.0
REGRETTED_TURNOVER_12M,trailing_turnover,PL,2023-01-31,365,career_level,All employees,152.5,,0,0.03278688524590164,5.0
REGRETTED_TURNOVER_12M,trailing_turnover,PL,2023-02-28,365,career_level,All employees,154.0,,0,0.032467532467532464,5.0
REGRETTED_TURNOVER_12M,trailing_turnover,PL,2023-03-31,365,career_level,All employees,157.0,,0,0.03184713375796178,5.0
REGRETTED_TURNOVER_12M,trailing_turnover,PL,2023-04-30,365,career_level,All employees,161.5,,0,0.02476780185758514,4.0
REGRETTED_TURNOVER_12M,trailing_turnover,PL,2023-05-31,365,career_level,All employees,172.0,,0,0.029069767441860465,5.0
REGRETTED_TURNOVER_12M,trailing_turnover,PL,2023-06-30,365,career_level,All employees,176.0,,0,0.028409090909090908,5.0
REGRETTED_TURNOVER_12M,trailing_turnover,PL,2023-07-31,365,career_level,All employees,179.0,,0,0.0223463687150838,4.0
REGRETTED_TURNOVER_12M,trailing_turnover,PL,2023-08-31,365,career_level,All employees,182.0,,0,0.027472527472527472,5.0
REGRETTED_TURNOVER_12M,trailing_turnover,PL,2023-09-30,365,career_level,All employees,183.0,,0,0.0273224043715847,5.0
REGRETTED_TURNOVER_12M,trailing_turnover,PL,2023-10-31,365,career_level,All employees,188.5,,0,0.026525198938992044,5.0
REGRETTED_TURNOVER_12M,trailing_turnover,PL,2023-11-30,365,career_level,All employees,193.5,,0,0.020671834625323,4.0
REGRETTED_TURNOVER_12M,trailing_turnover,PL,2023-12-31,365,career_level,All employees,198.0,,0,0.030303030303030304,6.0
REGRETTED_TURNOVER_12M,trailing_turnover,PL,2024-01-31,365,career_level,All employees,201.0,,0,0.03482587064676617,7.0
REGRETTED_TURNOVER_12M,trailing_turnover,PL,2024-02-29,365,career_level,All employees,203.0,,0,0.034482758620689655,7.0
REGRETTED_TURNOVER_12M,trailing_turnover,PL,2024-03-31,365,career_level,All employees,205.0,,0,0.03414634146341464,7.0
REGRETTED_TURNOVER_12M,trailing_turnover,PL,2024-04-30,365,career_level,All employees,210.0,,0,0.03333333333333333,7.0
REGRETTED_TURNOVER_12M,trailing_turnover,PL,2024-05-31,365,career_level,All employees,214.5,,0,0.037296037296037296,8.0
REGRETTED_TURNOVER_12M,trailing_turnover,PL,2024-06-30,365,career_level,All employees,216.5,,0,0.03695150115473441,8.0
REGRETTED_TURNOVER_12M,trailing_turnover,PL,2024-07-31,365,career_level,All employees,219.0,,0,0.0410958904109589,9.0
REGRETTED_TURNOVER_12M,trailing_turnover,PL,2024-08-31,365,career_level,All employees,224.0,,0,0.03571428571428571,8.0
REGRETTED_TURNOVER_12M,trailing_turnover,PL,2024-09-30,365,career_level,All employees,228.0,,0,0.03070175438596491,7.0
REGRETTED_TURNOVER_12M,trailing_turnover,PL,2024-10-31,365,career_level,All employees,231.0,,0,0.025974025974025976,6.0
REGRETTED_TURNOVER_12M,trailing_turnover,PL,2024-11-30,365,career_level,All employees,234.0,,0,0.02564102564102564,6.0
REGRETTED_TURNOVER_12M,trailing_turnover,PL,2024-12-31,365,career_level,All employees,237.0,,0,0.02109704641350211,5.0
REGRETTED_TURNOVER_12M,trailing_turnover,PL,2025-01-31,365,career_level,All employees,238.0,,0,0.02100840336134454,5.0
REGRETTED_TURNOVER_12M,trailing_turnover,PL,2025-02-28,365,career_level,All employees,241.0,,0,0.02074688796680498,5.0
REGRETTED_TURNOVER_12M,trailing_turnover,PL,2025-03-31,365,career_level,All employees,244.0,,0,0.028688524590163935,7.0
REGRETTED_TURNOVER_12M,trailing_turnover,PL,2025-04-30,365,career_level,All employees,246.5,,0,0.028397565922920892,7.0
REGRETTED_TURNOVER_12M,trailing_turnover,PL,2025-05-31,365,career_level,All employees,249.0,,0,0.020080321285140562,5.0
REGRETTED_TURNOVER_12M,trailing_turnover,PL,2025-06-30,365,career_level,All employees,250.5,,0,0.023952095808383235,6.0
REGRETTED_TURNOVER_12M,trailing_turnover,PL,2025-07-31,365,career_level,All employees,252.0,,0,0.01984126984126984,5.0
REGRETTED_TURNOVER_12M,trailing_turnover,PL,2025-08-31,365,career_level,All employees,256.0,,0,0.0234375,6.0
REGRETTED_TURNOVER_12M,trailing_turnover,PL,2025-09-30,365,career_level,All employees,259.5,,0,0.023121387283236993,6.0
REGRETTED_TURNOVER_12M,trailing_turnover,PL,2025-10-31,365,career_level,All employees,263.0,,0,0.026615969581749048,7.0
REGRETTED_TURNOVER_12M,trailing_turnover,PL,2025-11-30,365,career_level,All employees,264.0,,0,0.03409090909090909,9.0
REGRETTED_TURNOVER_12M,trailing_turnover,PL,2025-12-31,365,career_level,All employees,264.0,,0,0.03409090909090909,9.0
REGRETTED_TURNOVER_12M,trailing_turnover,RO,2021-01-31,365,career_level,All employees,33.0,,0,0.12121212121212122,4.0
REGRETTED_TURNOVER_12M,trailing_turnover,RO,2021-02-28,365,career_level,All employees,38.0,,0,0.13157894736842105,5.0
REGRETTED_TURNOVER_12M,trailing_turnover,RO,2021-03-31,365,career_level,All employees,42.0,,0,0.11904761904761904,5.0
REGRETTED_TURNOVER_12M,trailing_turnover,RO,2021-04-30,365,career_level,All employees,45.0,,0,0.1111111111111111,5.0
REGRETTED_TURNOVER_12M,trailing_turnover,RO,2021-05-31,365,career_level,All employees,51.0,,0,0.09803921568627451,5.0
REGRETTED_TURNOVER_12M,trailing_turnover,RO,2021-06-30,365,career_level,All employees,55.0,,0,0.10909090909090909,6.0
REGRETTED_TURNOVER_12M,trailing_turnover,RO,2021-07-31,365,career_level,All employees,59.5,,0,0.10084033613445378,6.0
REGRETTED_TURNOVER_12M,trailing_turnover,RO,2021-08-31,365,career_level,All employees,65.0,,0,0.12307692307692308,8.0
REGRETTED_TURNOVER_12M,trailing_turnover,RO,2021-09-30,365,career_level,All employees,68.5,,0,0.10218978102189781,7.0
REGRETTED_TURNOVER_12M,trailing_turnover,RO,2021-10-31,365,career_level,All employees,67.5,,0,0.07407407407407407,5.0
REGRETTED_TURNOVER_12M,trailing_turnover,RO,2021-11-30,365,career_level,All employees,73.5,,0,0.08163265306122448,6.0
REGRETTED_TURNOVER_12M,trailing_turnover,RO,2021-12-31,365,career_level,All employees,74.5,,0,0.06711409395973154,5.0
REGRETTED_TURNOVER_12M,trailing_turnover,RO,2022-01-31,365,career_level,All employees,78.5,,0,0.06369426751592357,5.0
REGRETTED_TURNOVER_12M,trailing_turnover,RO,2022-02-28,365,career_level,All employees,80.5,,0,0.049689440993788817,4.0
REGRETTED_TURNOVER_12M,trailing_turnover,RO,2022-03-31,365,career_level,All employees,84.5,,0,0.05917159763313609,5.0
REGRETTED_TURNOVER_12M,trailing_turnover,RO,2022-04-30,365,career_level,All employees,88.5,,0,0.05649717514124294,5.0
REGRETTED_TURNOVER_12M,trailing_turnover,RO,2022-05-31,365,career_level,All employees,93.0,,0,0.053763440860215055,5.0
REGRETTED_TURNOVER_12M,trailing_turnover,RO,2022-06-30,365,career_level,All employees,100.0,,0,0.04,4.0
REGRETTED_TURNOVER_12M,trailing_turnover,RO,2022-07-31,365,career_level,All employees,103.0,,0,0.04854368932038835,5.0
REGRETTED_TURNOVER_12M,trailing_turnover,RO,2022-08-31,365,career_level,All employees,105.5,,0,0.037914691943127965,4.0
REGRETTED_TURNOVER_12M,trailing_turnover,RO,2022-09-30,365,career_level,All employees,109.0,,0,0.03669724770642202,4.0
REGRETTED_TURNOVER_12M,trailing_turnover,RO,2022-10-31,365,career_level,All employees,113.5,,0,0.05286343612334802,6.0
REGRETTED_TURNOVER_12M,trailing_turnover,RO,2022-11-30,365,career_level,All employees,116.0,,0,0.0603448275862069,7.0
REGRETTED_TURNOVER_12M,trailing_turnover,RO,2022-12-31,365,career_level,All employees,118.0,,0,0.06779661016949153,8.0
REGRETTED_TURNOVER_12M,trailing_turnover,RO,2023-01-31,365,career_level,All employees,119.5,,0,0.07531380753138076,9.0
REGRETTED_TURNOVER_12M,trailing_turnover,RO,2023-02-28,365,career_level,All employees,122.5,,0,0.08979591836734693,11.0
REGRETTED_TURNOVER_12M,trailing_turnover,RO,2023-03-31,365,career_level,All employees,125.5,,0,0.0796812749003984,10.0
REGRETTED_TURNOVER_12M,trailing_turnover,RO,2023-04-30,365,career_level,All employees,130.0,,0,0.07692307692307693,10.0
REGRETTED_TURNOVER_12M,trailing_turnover,RO,2023-05-31,365,career_level,All employees,135.0,,0,0.07407407407407407,10.0
REGRETTED_TURNOVER_12M,trailing_turnover,RO,2023-06-30,365,career_level,All employees,141.5,,0,0.0706713780918728,10.0
REGRETTED_TURNOVER_12M,trailing_turnover,RO,2023-07-31,365,career_level,All employees,144.5,,0,0.06920415224913495,10.0
REGRETTED_TURNOVER_12M,trailing_turnover,RO,2023-08-31,365,career_level,All employees,149.0,,0,0.06711409395973154,10.0
REGRETTED_TURNOVER_12M,trailing_turnover,RO,2023-09-30,365,career_level,All employees,151.0,,0,0.07947019867549669,12.0
REGRETTED_TURNOVER_12M,trailing_turnover,RO,2023-10-31,365,career_level,All employees,156.5,,0,0.06389776357827476,10.0
REGRETTED_TURNOVER_12M,trailing_turnover,RO,2023-11-30,365,career_level,All employees,159.5,,0,0.05642633228840126,9.0
REGRETTED_TURNOVER_12M,trailing_turnover,RO,2023-12-31,365,career_level,All employees,159.5,,0,0.05642633228840126,9.0
REGRETTED_TURNOVER_12M,trailing_turnover,RO,2024-01-31,365,career_level,All employees,162.0,,0,0.04938271604938271,8.0
REGRETTED_TURNOVER_12M,trailing_turnover,RO,2024-02-29,365,career_level,All employees,171.5,,0,0.03498542274052478,6.0
REGRETTED_TURNOVER_12M,trailing_turnover,RO,2024-03-31,365,career_level,All employees,174.0,,0,0.034482758620689655,6.0
REGRETTED_TURNOVER_12M,trailing_turnover,RO,2024-04-30,365,career_level,All employees,178.5,,0,0.03361344537815126,6.0
REGRETTED_TURNOVER_12M,trailing_turnover,RO,2024-05-31,365,career_level,All employees,183.5,,0,0.0326975476839237,6.0
REGRETTED_TURNOVER_12M,trailing_turnover,RO,2024-06-30,365,career_level,All employees,187.5,,0,0.032,6.0
REGRETTED_TURNOVER_12M,trailing_turnover,RO,2024-07-31,365,career_level,All employees,193.5,,0,0.025839793281653745,5.0
REGRETTED_TURNOVER_12M,trailing_turnover,RO,2024-08-31,365,career_level,All employees,203.0,,0,0.024630541871921183,5.0
REGRETTED_TURNOVER_12M,trailing_turnover,RO,2024-09-30,365,career_level,All employees,204.0,,0,0.0196078431372549,4.0
REGRETTED_TURNOVER_12M,trailing_turnover,RO,2024-10-31,365,career_level,All employees,208.5,,0,0.023980815347721823,5.0
REGRETTED_TURNOVER_12M,trailing_turnover,RO,2024-11-30,365,career_level,All employees,214.0,,0,0.018691588785046728,4.0
REGRETTED_TURNOVER_12M,trailing_turnover,RO,2024-12-31,365,career_level,All employees,212.5,,0,0.018823529411764704,4.0
REGRETTED_TURNOVER_12M,trailing_turnover,RO,2025-01-31,365,career_level,All employees,216.5,,0,0.02771362586605081,6.0
REGRETTED_TURNOVER_12M,trailing_turnover,RO,2025-02-28,365,career_level,All employees,223.0,,0,0.03587443946188341,8.0
REGRETTED_TURNOVER_12M,trailing_turnover,RO,2025-03-31,365,career_level,All employees,226.0,,0,0.03982300884955752,9.0
REGRETTED_TURNOVER_12M,trailing_turnover,RO,2025-04-30,365,career_level,All employees,230.5,,0,0.039045553145336226,9.0
REGRETTED_TURNOVER_12M,trailing_turnover,RO,2025-05-31,365,career_level,All employees,231.5,,0,0.04319654427645788,10.0
REGRETTED_TURNOVER_12M,trailing_turnover,RO,2025-06-30,365,career_level,All employees,237.0,,0,0.04219409282700422,10.0
REGRETTED_TURNOVER_12M,trailing_turnover,RO,2025-07-31,365,career_level,All employees,241.0,,0,0.04979253112033195,12.0
REGRETTED_TURNOVER_12M,trailing_turnover,RO,2025-08-31,365,career_level,All employees,246.0,,0,0.044715447154471545,11.0
REGRETTED_TURNOVER_12M,trailing_turnover,RO,2025-09-30,365,career_level,All employees,247.5,,0,0.044444444444444446,11.0
REGRETTED_TURNOVER_12M,trailing_turnover,RO,2025-10-31,365,career_level,All employees,248.5,,0,0.04426559356136821,11.0
REGRETTED_TURNOVER_12M,trailing_turnover,RO,2025-11-30,365,career_level,All employees,251.0,,0,0.055776892430278883,14.0
REGRETTED_TURNOVER_12M,trailing_turnover,RO,2025-12-31,365,career_level,All employees,245.5,,0,0.06924643584521385,17.0
SENIOR_HIRE_12M,cohort_retention,BG,2021-01-31,365,career_level,Eligible senior hires,2.0,2,0,1.0,
SENIOR_HIRE_12M,cohort_retention,BG,2021-01-31,365,career_level,Senior Leader,2.0,2,0,1.0,
SENIOR_HIRE_12M,cohort_retention,BG,2021-02-28,365,career_level,Eligible senior hires,4.0,4,0,1.0,
SENIOR_HIRE_12M,cohort_retention,BG,2021-02-28,365,career_level,Manager,4.0,4,0,1.0,
SENIOR_HIRE_12M,cohort_retention,BG,2021-03-31,365,career_level,Eligible senior hires,3.0,3,0,1.0,
SENIOR_HIRE_12M,cohort_retention,BG,2021-03-31,365,career_level,Manager,3.0,3,0,1.0,
SENIOR_HIRE_12M,cohort_retention,BG,2021-04-30,365,career_level,Eligible senior hires,2.0,2,0,1.0,
SENIOR_HIRE_12M,cohort_retention,BG,2021-04-30,365,career_level,Manager,1.0,1,0,1.0,
SENIOR_HIRE_12M,cohort_retention,BG,2021-04-30,365,career_level,Senior Leader,1.0,1,0,1.0,
SENIOR_HIRE_12M,cohort_retention,BG,2021-05-31,365,career_level,Eligible senior hires,2.0,2,0,1.0,
SENIOR_HIRE_12M,cohort_retention,BG,2021-05-31,365,career_level,Manager,2.0,2,0,1.0,
SENIOR_HIRE_12M,cohort_retention,BG,2021-06-30,365,career_level,Eligible senior hires,2.0,2,0,1.0,
SENIOR_HIRE_12M,cohort_retention,BG,2021-06-30,365,career_level,Manager,2.0,2,0,1.0,
SENIOR_HIRE_12M,cohort_retention,BG,2021-07-31,365,career_level,Eligible senior hires,5.0,4,0,0.8,
SENIOR_HIRE_12M,cohort_retention,BG,2021-07-31,365,career_level,Manager,2.0,2,0,1.0,
SENIOR_HIRE_12M,cohort_retention,BG,2021-07-31,365,career_level,Senior Leader,3.0,2,0,0.6666666666666666,
SENIOR_HIRE_12M,cohort_retention,BG,2021-08-31,365,career_level,Eligible senior hires,3.0,2,0,0.6666666666666666,
SENIOR_HIRE_12M,cohort_retention,BG,2021-08-31,365,career_level,Manager,2.0,1,0,0.5,
SENIOR_HIRE_12M,cohort_retention,BG,2021-08-31,365,career_level,Senior Leader,1.0,1,0,1.0,
SENIOR_HIRE_12M,cohort_retention,BG,2021-09-30,365,career_level,Eligible senior hires,6.0,5,0,0.8333333333333334,
SENIOR_HIRE_12M,cohort_retention,BG,2021-09-30,365,career_level,Manager,2.0,2,0,1.0,
SENIOR_HIRE_12M,cohort_retention,BG,2021-09-30,365,career_level,Senior Leader,4.0,3,0,0.75,
SENIOR_HIRE_12M,cohort_retention,BG,2021-10-31,365,career_level,Eligible senior hires,2.0,1,0,0.5,
SENIOR_HIRE_12M,cohort_retention,BG,2021-10-31,365,career_level,Senior Leader,2.0,1,0,0.5,
SENIOR_HIRE_12M,cohort_retention,BG,2021-11-30,365,career_level,Eligible senior hires,6.0,4,0,0.6666666666666666,
SENIOR_HIRE_12M,cohort_retention,BG,2021-11-30,365,career_level,Manager,4.0,3,0,0.75,
SENIOR_HIRE_12M,cohort_retention,BG,2021-11-30,365,career_level,Senior Leader,2.0,1,0,0.5,
SENIOR_HIRE_12M,cohort_retention,BG,2021-12-31,365,career_level,Eligible senior hires,3.0,3,0,1.0,
SENIOR_HIRE_12M,cohort_retention,BG,2021-12-31,365,career_level,Manager,3.0,3,0,1.0,
SENIOR_HIRE_12M,cohort_retention,BG,2022-01-31,365,career_level,Eligible senior hires,2.0,2,0,1.0,
SENIOR_HIRE_12M,cohort_retention,BG,2022-01-31,365,career_level,Manager,1.0,1,0,1.0,
SENIOR_HIRE_12M,cohort_retention,BG,2022-01-31,365,career_level,Senior Leader,1.0,1,0,1.0,
SENIOR_HIRE_12M,cohort_retention,BG,2022-02-28,365,career_level,Eligible senior hires,3.0,2,0,0.6666666666666666,
SENIOR_HIRE_12M,cohort_retention,BG,2022-02-28,365,career_level,Manager,1.0,0,0,0.0,
SENIOR_HIRE_12M,cohort_retention,BG,2022-02-28,365,career_level,Senior Leader,2.0,2,0,1.0,
SENIOR_HIRE_12M,cohort_retention,BG,2022-03-31,365,career_level,Eligible senior hires,1.0,1,0,1.0,
SENIOR_HIRE_12M,cohort_retention,BG,2022-03-31,365,career_level,Senior Leader,1.0,1,0,1.0,
SENIOR_HIRE_12M,cohort_retention,BG,2022-04-30,365,career_level,Eligible senior hires,3.0,1,0,0.3333333333333333,
SENIOR_HIRE_12M,cohort_retention,BG,2022-04-30,365,career_level,Senior Leader,3.0,1,0,0.3333333333333333,
SENIOR_HIRE_12M,cohort_retention,BG,2022-06-30,365,career_level,Eligible senior hires,1.0,1,0,1.0,
SENIOR_HIRE_12M,cohort_retention,BG,2022-06-30,365,career_level,Manager,1.0,1,0,1.0,
SENIOR_HIRE_12M,cohort_retention,BG,2022-07-31,365,career_level,Eligible senior hires,3.0,1,0,0.3333333333333333,
SENIOR_HIRE_12M,cohort_retention,BG,2022-07-31,365,career_level,Manager,1.0,1,0,1.0,
SENIOR_HIRE_12M,cohort_retention,BG,2022-07-31,365,career_level,Senior Leader,2.0,0,0,0.0,
SENIOR_HIRE_12M,cohort_retention,BG,2022-08-31,365,career_level,Eligible senior hires,3.0,3,0,1.0,
SENIOR_HIRE_12M,cohort_retention,BG,2022-08-31,365,career_level,Manager,3.0,3,0,1.0,
SENIOR_HIRE_12M,cohort_retention,BG,2022-09-30,365,career_level,Eligible senior hires,6.0,5,0,0.8333333333333334,
SENIOR_HIRE_12M,cohort_retention,BG,2022-09-30,365,career_level,Manager,2.0,2,0,1.0,
SENIOR_HIRE_12M,cohort_retention,BG,2022-09-30,365,career_level,Senior Leader,4.0,3,0,0.75,
SENIOR_HIRE_12M,cohort_retention,BG,2022-10-31,365,career_level,Eligible senior hires,2.0,2,0,1.0,
SENIOR_HIRE_12M,cohort_retention,BG,2022-10-31,365,career_level,Manager,2.0,2,0,1.0,
SENIOR_HIRE_12M,cohort_retention,BG,2022-11-30,365,career_level,Eligible senior hires,2.0,2,0,1.0,
SENIOR_HIRE_12M,cohort_retention,BG,2022-11-30,365,career_level,Manager,1.0,1,0,1.0,
SENIOR_HIRE_12M,cohort_retention,BG,2022-11-30,365,career_level,Senior Leader,1.0,1,0,1.0,
SENIOR_HIRE_12M,cohort_retention,BG,2022-12-31,365,career_level,Eligible senior hires,2.0,2,0,1.0,
SENIOR_HIRE_12M,cohort_retention,BG,2022-12-31,365,career_level,Manager,1.0,1,0,1.0,
SENIOR_HIRE_12M,cohort_retention,BG,2022-12-31,365,career_level,Senior Leader,1.0,1,0,1.0,
SENIOR_HIRE_12M,cohort_retention,BG,2023-01-31,365,career_level,Eligible senior hires,3.0,3,0,1.0,
SENIOR_HIRE_12M,cohort_retention,BG,2023-01-31,365,career_level,Manager,3.0,3,0,1.0,
SENIOR_HIRE_12M,cohort_retention,BG,2023-02-28,365,career_level,Eligible senior hires,1.0,1,0,1.0,
SENIOR_HIRE_12M,cohort_retention,BG,2023-02-28,365,career_level,Senior Leader,1.0,1,0,1.0,
SENIOR_HIRE_12M,cohort_retention,BG,2023-03-31,365,career_level,Eligible senior hires,2.0,2,0,1.0,
SENIOR_HIRE_12M,cohort_retention,BG,2023-03-31,365,career_level,Manager,1.0,1,0,1.0,
SENIOR_HIRE_12M,cohort_retention,BG,2023-03-31,365,career_level,Senior Leader,1.0,1,0,1.0,
SENIOR_HIRE_12M,cohort_retention,BG,2023-04-30,365,career_level,Eligible senior hires,2.0,1,0,0.5,
SENIOR_HIRE_12M,cohort_retention,BG,2023-04-30,365,career_level,Manager,2.0,1,0,0.5,
SENIOR_HIRE_12M,cohort_retention,BG,2023-05-31,365,career_level,Eligible senior hires,5.0,5,0,1.0,
SENIOR_HIRE_12M,cohort_retention,BG,2023-05-31,365,career_level,Manager,3.0,3,0,1.0,
SENIOR_HIRE_12M,cohort_retention,BG,2023-05-31,365,career_level,Senior Leader,2.0,2,0,1.0,
SENIOR_HIRE_12M,cohort_retention,BG,2023-06-30,365,career_level,Eligible senior hires,5.0,4,0,0.8,
SENIOR_HIRE_12M,cohort_retention,BG,2023-06-30,365,career_level,Manager,4.0,4,0,1.0,
SENIOR_HIRE_12M,cohort_retention,BG,2023-06-30,365,career_level,Senior Leader,1.0,0,0,0.0,
SENIOR_HIRE_12M,cohort_retention,BG,2023-08-31,365,career_level,Eligible senior hires,1.0,1,0,1.0,
SENIOR_HIRE_12M,cohort_retention,BG,2023-08-31,365,career_level,Manager,1.0,1,0,1.0,
SENIOR_HIRE_12M,cohort_retention,BG,2023-09-30,365,career_level,Eligible senior hires,3.0,2,0,0.6666666666666666,
SENIOR_HIRE_12M,cohort_retention,BG,2023-09-30,365,career_level,Manager,2.0,2,0,1.0,
SENIOR_HIRE_12M,cohort_retention,BG,2023-09-30,365,career_level,Senior Leader,1.0,0,0,0.0,
SENIOR_HIRE_12M,cohort_retention,BG,2023-10-31,365,career_level,Eligible senior hires,2.0,1,0,0.5,
SENIOR_HIRE_12M,cohort_retention,BG,2023-10-31,365,career_level,Senior Leader,2.0,1,0,0.5,
SENIOR_HIRE_12M,cohort_retention,BG,2023-11-30,365,career_level,Eligible senior hires,3.0,2,0,0.6666666666666666,
SENIOR_HIRE_12M,cohort_retention,BG,2023-11-30,365,career_level,Manager,1.0,0,0,0.0,
SENIOR_HIRE_12M,cohort_retention,BG,2023-11-30,365,career_level,Senior Leader,2.0,2,0,1.0,
SENIOR_HIRE_12M,cohort_retention,BG,2023-12-31,365,career_level,Eligible senior hires,4.0,4,0,1.0,
SENIOR_HIRE_12M,cohort_retention,BG,2023-12-31,365,career_level,Manager,3.0,3,0,1.0,
SENIOR_HIRE_12M,cohort_retention,BG,2023-12-31,365,career_level,Senior Leader,1.0,1,0,1.0,
SENIOR_HIRE_12M,cohort_retention,BG,2024-01-31,365,career_level,Eligible senior hires,5.0,2,0,0.4,
SENIOR_HIRE_12M,cohort_retention,BG,2024-01-31,365,career_level,Manager,4.0,1,0,0.25,
SENIOR_HIRE_12M,cohort_retention,BG,2024-01-31,365,career_level,Senior Leader,1.0,1,0,1.0,
SENIOR_HIRE_12M,cohort_retention,BG,2024-02-29,365,career_level,Eligible senior hires,6.0,4,0,0.6666666666666666,
SENIOR_HIRE_12M,cohort_retention,BG,2024-02-29,365,career_level,Manager,3.0,2,0,0.6666666666666666,
SENIOR_HIRE_12M,cohort_retention,BG,2024-02-29,365,career_level,Senior Leader,3.0,2,0,0.6666666666666666,
SENIOR_HIRE_12M,cohort_retention,BG,2024-03-31,365,career_level,Eligible senior hires,3.0,2,0,0.6666666666666666,
SENIOR_HIRE_12M,cohort_retention,BG,2024-03-31,365,career_level,Manager,3.0,2,0,0.6666666666666666,
SENIOR_HIRE_12M,cohort_retention,BG,2024-04-30,365,career_level,Eligible senior hires,1.0,1,0,1.0,
SENIOR_HIRE_12M,cohort_retention,BG,2024-04-30,365,career_level,Manager,1.0,1,0,1.0,
SENIOR_HIRE_12M,cohort_retention,BG,2024-05-31,365,career_level,Eligible senior hires,2.0,2,0,1.0,
SENIOR_HIRE_12M,cohort_retention,BG,2024-05-31,365,career_level,Manager,1.0,1,0,1.0,
SENIOR_HIRE_12M,cohort_retention,BG,2024-05-31,365,career_level,Senior Leader,1.0,1,0,1.0,
SENIOR_HIRE_12M,cohort_retention,BG,2024-06-30,365,career_level,Eligible senior hires,4.0,3,0,0.75,
SENIOR_HIRE_12M,cohort_retention,BG,2024-06-30,365,career_level,Manager,3.0,2,0,0.6666666666666666,
SENIOR_HIRE_12M,cohort_retention,BG,2024-06-30,365,career_level,Senior Leader,1.0,1,0,1.0,
SENIOR_HIRE_12M,cohort_retention,BG,2024-07-31,365,career_level,Eligible senior hires,6.0,5,0,0.8333333333333334,
SENIOR_HIRE_12M,cohort_retention,BG,2024-07-31,365,career_level,Manager,4.0,3,0,0.75,
SENIOR_HIRE_12M,cohort_retention,BG,2024-07-31,365,career_level,Senior Leader,2.0,2,0,1.0,
SENIOR_HIRE_12M,cohort_retention,BG,2024-08-31,365,career_level,Eligible senior hires,2.0,2,0,1.0,
SENIOR_HIRE_12M,cohort_retention,BG,2024-08-31,365,career_level,Manager,2.0,2,0,1.0,
SENIOR_HIRE_12M,cohort_retention,BG,2024-09-30,365,career_level,Eligible senior hires,6.0,4,0,0.6666666666666666,
SENIOR_HIRE_12M,cohort_retention,BG,2024-09-30,365,career_level,Manager,4.0,3,0,0.75,
SENIOR_HIRE_12M,cohort_retention,BG,2024-09-30,365,career_level,Senior Leader,2.0,1,0,0.5,
SENIOR_HIRE_12M,cohort_retention,BG,2024-10-31,365,career_level,Eligible senior hires,2.0,2,0,1.0,
SENIOR_HIRE_12M,cohort_retention,BG,2024-10-31,365,career_level,Manager,2.0,2,0,1.0,
SENIOR_HIRE_12M,cohort_retention,BG,2024-11-30,365,career_level,Eligible senior hires,2.0,2,0,1.0,
SENIOR_HIRE_12M,cohort_retention,BG,2024-11-30,365,career_level,Manager,1.0,1,0,1.0,
SENIOR_HIRE_12M,cohort_retention,BG,2024-11-30,365,career_level,Senior Leader,1.0,1,0,1.0,
SENIOR_HIRE_12M,cohort_retention,BG,2024-12-31,365,career_level,Eligible senior hires,2.0,2,0,1.0,
SENIOR_HIRE_12M,cohort_retention,BG,2024-12-31,365,career_level,Manager,1.0,1,0,1.0,
SENIOR_HIRE_12M,cohort_retention,BG,2024-12-31,365,career_level,Senior Leader,1.0,1,0,1.0,
SENIOR_HIRE_12M,cohort_retention,BG,2025-02-28,365,career_level,Eligible senior hires,0.0,0,4,,
SENIOR_HIRE_12M,cohort_retention,BG,2025-02-28,365,career_level,Manager,0.0,0,4,,
SENIOR_HIRE_12M,cohort_retention,BG,2025-03-31,365,career_level,Eligible senior hires,0.0,0,2,,
SENIOR_HIRE_12M,cohort_retention,BG,2025-03-31,365,career_level,Manager,0.0,0,1,,
SENIOR_HIRE_12M,cohort_retention,BG,2025-03-31,365,career_level,Senior Leader,0.0,0,1,,
SENIOR_HIRE_12M,cohort_retention,BG,2025-04-30,365,career_level,Eligible senior hires,0.0,0,3,,
SENIOR_HIRE_12M,cohort_retention,BG,2025-04-30,365,career_level,Manager,0.0,0,2,,
SENIOR_HIRE_12M,cohort_retention,BG,2025-04-30,365,career_level,Senior Leader,0.0,0,1,,
SENIOR_HIRE_12M,cohort_retention,BG,2025-05-31,365,career_level,Eligible senior hires,0.0,0,5,,
SENIOR_HIRE_12M,cohort_retention,BG,2025-05-31,365,career_level,Manager,0.0,0,2,,
SENIOR_HIRE_12M,cohort_retention,BG,2025-05-31,365,career_level,Senior Leader,0.0,0,3,,
SENIOR_HIRE_12M,cohort_retention,BG,2025-06-30,365,career_level,Eligible senior hires,0.0,0,2,,
SENIOR_HIRE_12M,cohort_retention,BG,2025-06-30,365,career_level,Senior Leader,0.0,0,2,,
SENIOR_HIRE_12M,cohort_retention,BG,2025-07-31,365,career_level,Eligible senior hires,0.0,0,4,,
SENIOR_HIRE_12M,cohort_retention,BG,2025-07-31,365,career_level,Manager,0.0,0,4,,
SENIOR_HIRE_12M,cohort_retention,BG,2025-08-31,365,career_level,Eligible senior hires,0.0,0,2,,
SENIOR_HIRE_12M,cohort_retention,BG,2025-08-31,365,career_level,Manager,0.0,0,1,,
SENIOR_HIRE_12M,cohort_retention,BG,2025-08-31,365,career_level,Senior Leader,0.0,0,1,,
SENIOR_HIRE_12M,cohort_retention,BG,2025-09-30,365,career_level,Eligible senior hires,0.0,0,4,,
SENIOR_HIRE_12M,cohort_retention,BG,2025-09-30,365,career_level,Manager,0.0,0,4,,
SENIOR_HIRE_12M,cohort_retention,BG,2025-10-31,365,career_level,Eligible senior hires,0.0,0,3,,
SENIOR_HIRE_12M,cohort_retention,BG,2025-10-31,365,career_level,Manager,0.0,0,2,,
SENIOR_HIRE_12M,cohort_retention,BG,2025-10-31,365,career_level,Senior Leader,0.0,0,1,,
SENIOR_HIRE_12M,cohort_retention,GR,2021-01-31,365,career_level,Eligible senior hires,2.0,2,0,1.0,
SENIOR_HIRE_12M,cohort_retention,GR,2021-01-31,365,career_level,Manager,1.0,1,0,1.0,
SENIOR_HIRE_12M,cohort_retention,GR,2021-01-31,365,career_level,Senior Leader,1.0,1,0,1.0,
SENIOR_HIRE_12M,cohort_retention,GR,2021-02-28,365,career_level,Eligible senior hires,3.0,3,0,1.0,
SENIOR_HIRE_12M,cohort_retention,GR,2021-02-28,365,career_level,Manager,1.0,1,0,1.0,
SENIOR_HIRE_12M,cohort_retention,GR,2021-02-28,365,career_level,Senior Leader,2.0,2,0,1.0,
SENIOR_HIRE_12M,cohort_retention,GR,2021-03-31,365,career_level,Eligible senior hires,2.0,2,0,1.0,
SENIOR_HIRE_12M,cohort_retention,GR,2021-03-31,365,career_level,Manager,1.0,1,0,1.0,
SENIOR_HIRE_12M,cohort_retention,GR,2021-03-31,365,career_level,Senior Leader,1.0,1,0,1.0,
SENIOR_HIRE_12M,cohort_retention,GR,2021-04-30,365,career_level,Eligible senior hires,3.0,3,0,1.0,
SENIOR_HIRE_12M,cohort_retention,GR,2021-04-30,365,career_level,Manager,3.0,3,0,1.0,
SENIOR_HIRE_12M,cohort_retention,GR,2021-05-31,365,career_level,Eligible senior hires,6.0,4,0,0.6666666666666666,
SENIOR_HIRE_12M,cohort_retention,GR,2021-05-31,365,career_level,Manager,3.0,2,0,0.6666666666666666,
SENIOR_HIRE_12M,cohort_retention,GR,2021-05-31,365,career_level,Senior Leader,3.0,2,0,0.6666666666666666,
SENIOR_HIRE_12M,cohort_retention,GR,2021-06-30,365,career_level,Eligible senior hires,2.0,2,0,1.0,
SENIOR_HIRE_12M,cohort_retention,GR,2021-06-30,365,career_level,Senior Leader,2.0,2,0,1.0,
SENIOR_HIRE_12M,cohort_retention,GR,2021-07-31,365,career_level,Eligible senior hires,3.0,1,0,0.3333333333333333,
SENIOR_HIRE_12M,cohort_retention,GR,2021-07-31,365,career_level,Manager,1.0,1,0,1.0,
SENIOR_HIRE_12M,cohort_retention,GR,2021-07-31,365,career_level,Senior Leader,2.0,0,0,0.0,
SENIOR_HIRE_12M,cohort_retention,GR,2021-08-31,365,career_level,Eligible senior hires,3.0,1,0,0.3333333333333333,
SENIOR_HIRE_12M,cohort_retention,GR,2021-08-31,365,career_level,Manager,2.0,1,0,0.5,
SENIOR_HIRE_12M,cohort_retention,GR,2021-08-31,365,career_level,Senior Leader,1.0,0,0,0.0,
SENIOR_HIRE_12M,cohort_retention,GR,2021-09-30,365,career_level,Eligible senior hires,2.0,2,0,1.0,
SENIOR_HIRE_12M,cohort_retention,GR,2021-09-30,365,career_level,Manager,2.0,2,0,1.0,
SENIOR_HIRE_12M,cohort_retention,GR,2021-10-31,365,career_level,Eligible senior hires,10.0,7,0,0.7,
SENIOR_HIRE_12M,cohort_retention,GR,2021-10-31,365,career_level,Manager,5.0,4,0,0.8,
SENIOR_HIRE_12M,cohort_retention,GR,2021-10-31,365,career_level,Senior Leader,5.0,3,0,0.6,
SENIOR_HIRE_12M,cohort_retention,GR,2021-11-30,365,career_level,Eligible senior hires,2.0,1,0,0.5,
SENIOR_HIRE_12M,cohort_retention,GR,2021-11-30,365,career_level,Manager,1.0,1,0,1.0,
SENIOR_HIRE_12M,cohort_retention,GR,2021-11-30,365,career_level,Senior Leader,1.0,0,0,0.0,
SENIOR_HIRE_12M,cohort_retention,GR,2021-12-31,365,career_level,Eligible senior hires,3.0,3,0,1.0,
SENIOR_HIRE_12M,cohort_retention,GR,2021-12-31,365,career_level,Manager,2.0,2,0,1.0,
SENIOR_HIRE_12M,cohort_retention,GR,2021-12-31,365,career_level,Senior Leader,1.0,1,0,1.0,
SENIOR_HIRE_12M,cohort_retention,GR,2022-01-31,365,career_level,Eligible senior hires,3.0,3,0,1.0,
SENIOR_HIRE_12M,cohort_retention,GR,2022-01-31,365,career_level,Manager,2.0,2,0,1.0,
SENIOR_HIRE_12M,cohort_retention,GR,2022-01-31,365,career_level,Senior Leader,1.0,1,0,1.0,
SENIOR_HIRE_12M,cohort_retention,GR,2022-02-28,365,career_level,Eligible senior hires,2.0,2,0,1.0,
SENIOR_HIRE_12M,cohort_retention,GR,2022-02-28,365,career_level,Manager,2.0,2,0,1.0,
SENIOR_HIRE_12M,cohort_retention,GR,2022-04-30,365,career_level,Eligible senior hires,5.0,4,0,0.8,
SENIOR_HIRE_12M,cohort_retention,GR,2022-04-30,365,career_level,Manager,3.0,2,0,0.6666666666666666,
SENIOR_HIRE_12M,cohort_retention,GR,2022-04-30,365,career_level,Senior Leader,2.0,2,0,1.0,
SENIOR_HIRE_12M,cohort_retention,GR,2022-05-31,365,career_level,Eligible senior hires,6.0,6,0,1.0,
SENIOR_HIRE_12M,cohort_retention,GR,2022-05-31,365,career_level,Manager,2.0,2,0,1.0,
SENIOR_HIRE_12M,cohort_retention,GR,2022-05-31,365,career_level,Senior Leader,4.0,4,0,1.0,
SENIOR_HIRE_12M,cohort_retention,GR,2022-06-30,365,career_level,Eligible senior hires,2.0,2,0,1.0,
SENIOR_HIRE_12M,cohort_retention,GR,2022-06-30,365,career_level,Manager,2.0,2,0,1.0,
SENIOR_HIRE_12M,cohort_retention,GR,2022-07-31,365,career_level,Eligible senior hires,3.0,3,0,1.0,
SENIOR_HIRE_12M,cohort_retention,GR,2022-07-31,365,career_level,Manager,2.0,2,0,1.0,
SENIOR_HIRE_12M,cohort_retention,GR,2022-07-31,365,career_level,Senior Leader,1.0,1,0,1.0,
SENIOR_HIRE_12M,cohort_retention,GR,2022-08-31,365,career_level,Eligible senior hires,3.0,3,0,1.0,
SENIOR_HIRE_12M,cohort_retention,GR,2022-08-31,365,career_level,Manager,1.0,1,0,1.0,
SENIOR_HIRE_12M,cohort_retention,GR,2022-08-31,365,career_level,Senior Leader,2.0,2,0,1.0,
SENIOR_HIRE_12M,cohort_retention,GR,2022-09-30,365,career_level,Eligible senior hires,2.0,2,0,1.0,
SENIOR_HIRE_12M,cohort_retention,GR,2022-09-30,365,career_level,Manager,2.0,2,0,1.0,
SENIOR_HIRE_12M,cohort_retention,GR,2022-10-31,365,career_level,Eligible senior hires,2.0,1,0,0.5,
SENIOR_HIRE_12M,cohort_retention,GR,2022-10-31,365,career_level,Manager,1.0,0,0,0.0,
SENIOR_HIRE_12M,cohort_retention,GR,2022-10-31,365,career_level,Senior Leader,1.0,1,0,1.0,
SENIOR_HIRE_12M,cohort_retention,GR,2022-11-30,365,career_level,Eligible senior hires,3.0,3,0,1.0,
SENIOR_HIRE_12M,cohort_retention,GR,2022-11-30,365,career_level,Manager,3.0,3,0,1.0,
SENIOR_HIRE_12M,cohort_retention,GR,2022-12-31,365,career_level,Eligible senior hires,2.0,2,0,1.0,
SENIOR_HIRE_12M,cohort_retention,GR,2022-12-31,365,career_level,Manager,1.0,1,0,1.0,
SENIOR_HIRE_12M,cohort_retention,GR,2022-12-31,365,career_level,Senior Leader,1.0,1,0,1.0,
SENIOR_HIRE_12M,cohort_retention,GR,2023-01-31,365,career_level,Eligible senior hires,4.0,4,0,1.0,
SENIOR_HIRE_12M,cohort_retention,GR,2023-01-31,365,career_level,Manager,3.0,3,0,1.0,
SENIOR_HIRE_12M,cohort_retention,GR,2023-01-31,365,career_level,Senior Leader,1.0,1,0,1.0,
SENIOR_HIRE_12M,cohort_retention,GR,2023-02-28,365,career_level,Eligible senior hires,5.0,5,0,1.0,
SENIOR_HIRE_12M,cohort_retention,GR,2023-02-28,365,career_level,Manager,4.0,4,0,1.0,
SENIOR_HIRE_12M,cohort_retention,GR,2023-02-28,365,career_level,Senior Leader,1.0,1,0,1.0,
SENIOR_HIRE_12M,cohort_retention,GR,2023-04-30,365,career_level,Eligible senior hires,3.0,2,0,0.6666666666666666,
SENIOR_HIRE_12M,cohort_retention,GR,2023-04-30,365,career_level,Manager,3.0,2,0,0.6666666666666666,
SENIOR_HIRE_12M,cohort_retention,GR,2023-05-31,365,career_level,Eligible senior hires,2.0,2,0,1.0,
SENIOR_HIRE_12M,cohort_retention,GR,2023-05-31,365,career_level,Manager,2.0,2,0,1.0,
SENIOR_HIRE_12M,cohort_retention,GR,2023-06-30,365,career_level,Eligible senior hires,4.0,2,0,0.5,
SENIOR_HIRE_12M,cohort_retention,GR,2023-06-30,365,career_level,Manager,2.0,0,0,0.0,
SENIOR_HIRE_12M,cohort_retention,GR,2023-06-30,365,career_level,Senior Leader,2.0,2,0,1.0,
SENIOR_HIRE_12M,cohort_retention,GR,2023-07-31,365,career_level,Eligible senior hires,3.0,3,0,1.0,
SENIOR_HIRE_12M,cohort_retention,GR,2023-07-31,365,career_level,Manager,2.0,2,0,1.0,
SENIOR_HIRE_12M,cohort_retention,GR,2023-07-31,365,career_level,Senior Leader,1.0,1,0,1.0,
SENIOR_HIRE_12M,cohort_retention,GR,2023-08-31,365,career_level,Eligible senior hires,10.0,8,0,0.8,
SENIOR_HIRE_12M,cohort_retention,GR,2023-08-31,365,career_level,Manager,9.0,7,0,0.7777777777777778,
SENIOR_HIRE_12M,cohort_retention,GR,2023-08-31,365,career_level,Senior Leader,1.0,1,0,1.0,
SENIOR_HIRE_12M,cohort_retention,GR,2023-09-30,365,career_level,Eligible senior hires,5.0,5,0,1.0,
SENIOR_HIRE_12M,cohort_retention,GR,2023-09-30,365,career_level,Manager,3.0,3,0,1.0,
SENIOR_HIRE_12M,cohort_retention,GR,2023-09-30,365,career_level,Senior Leader,2.0,2,0,1.0,
SENIOR_HIRE_12M,cohort_retention,GR,2023-10-31,365,career_level,Eligible senior hires,2.0,2,0,1.0,
SENIOR_HIRE_12M,cohort_retention,GR,2023-10-31,365,career_level,Senior Leader,2.0,2,0,1.0,
SENIOR_HIRE_12M,cohort_retention,GR,2023-11-30,365,career_level,Eligible senior hires,1.0,1,0,1.0,
SENIOR_HIRE_12M,cohort_retention,GR,2023-11-30,365,career_level,Senior Leader,1.0,1,0,1.0,
SENIOR_HIRE_12M,cohort_retention,GR,2023-12-31,365,career_level,Eligible senior hires,2.0,1,0,0.5,
SENIOR_HIRE_12M,cohort_retention,GR,2023-12-31,365,career_level,Senior Leader,2.0,1,0,0.5,
SENIOR_HIRE_12M,cohort_retention,GR,2024-01-31,365,career_level,Eligible senior hires,3.0,3,0,1.0,
SENIOR_HIRE_12M,cohort_retention,GR,2024-01-31,365,career_level,Manager,1.0,1,0,1.0,
SENIOR_HIRE_12M,cohort_retention,GR,2024-01-31,365,career_level,Senior Leader,2.0,2,0,1.0,
SENIOR_HIRE_12M,cohort_retention,GR,2024-02-29,365,career_level,Eligible senior hires,3.0,2,0,0.6666666666666666,
SENIOR_HIRE_12M,cohort_retention,GR,2024-02-29,365,career_level,Manager,2.0,1,0,0.5,
SENIOR_HIRE_12M,cohort_retention,GR,2024-02-29,365,career_level,Senior Leader,1.0,1,0,1.0,
SENIOR_HIRE_12M,cohort_retention,GR,2024-03-31,365,career_level,Eligible senior hires,2.0,1,0,0.5,
SENIOR_HIRE_12M,cohort_retention,GR,2024-03-31,365,career_level,Senior Leader,2.0,1,0,0.5,
SENIOR_HIRE_12M,cohort_retention,GR,2024-04-30,365,career_level,Eligible senior hires,2.0,2,0,1.0,
SENIOR_HIRE_12M,cohort_retention,GR,2024-04-30,365,career_level,Manager,1.0,1,0,1.0,
SENIOR_HIRE_12M,cohort_retention,GR,2024-04-30,365,career_level,Senior Leader,1.0,1,0,1.0,
SENIOR_HIRE_12M,cohort_retention,GR,2024-06-30,365,career_level,Eligible senior hires,3.0,1,0,0.3333333333333333,
SENIOR_HIRE_12M,cohort_retention,GR,2024-06-30,365,career_level,Senior Leader,3.0,1,0,0.3333333333333333,
SENIOR_HIRE_12M,cohort_retention,GR,2024-07-31,365,career_level,Eligible senior hires,3.0,3,0,1.0,
SENIOR_HIRE_12M,cohort_retention,GR,2024-07-31,365,career_level,Manager,2.0,2,0,1.0,
SENIOR_HIRE_12M,cohort_retention,GR,2024-07-31,365,career_level,Senior Leader,1.0,1,0,1.0,
SENIOR_HIRE_12M,cohort_retention,GR,2024-08-31,365,career_level,Eligible senior hires,1.0,1,0,1.0,
SENIOR_HIRE_12M,cohort_retention,GR,2024-08-31,365,career_level,Manager,1.0,1,0,1.0,
SENIOR_HIRE_12M,cohort_retention,GR,2024-09-30,365,career_level,Eligible senior hires,3.0,3,0,1.0,
SENIOR_HIRE_12M,cohort_retention,GR,2024-09-30,365,career_level,Manager,3.0,3,0,1.0,
SENIOR_HIRE_12M,cohort_retention,GR,2024-10-31,365,career_level,Eligible senior hires,6.0,6,0,1.0,
SENIOR_HIRE_12M,cohort_retention,GR,2024-10-31,365,career_level,Manager,5.0,5,0,1.0,
SENIOR_HIRE_12M,cohort_retention,GR,2024-10-31,365,career_level,Senior Leader,1.0,1,0,1.0,
SENIOR_HIRE_12M,cohort_retention,GR,2024-11-30,365,career_level,Eligible senior hires,3.0,3,0,1.0,
SENIOR_HIRE_12M,cohort_retention,GR,2024-11-30,365,career_level,Manager,3.0,3,0,1.0,
SENIOR_HIRE_12M,cohort_retention,GR,2024-12-31,365,career_level,Eligible senior hires,6.0,3,0,0.5,
SENIOR_HIRE_12M,cohort_retention,GR,2024-12-31,365,career_level,Manager,6.0,3,0,0.5,
SENIOR_HIRE_12M,cohort_retention,GR,2025-01-31,365,career_level,Eligible senior hires,0.0,0,2,,
SENIOR_HIRE_12M,cohort_retention,GR,2025-01-31,365,career_level,Manager,0.0,0,1,,
SENIOR_HIRE_12M,cohort_retention,GR,2025-01-31,365,career_level,Senior Leader,0.0,0,1,,
SENIOR_HIRE_12M,cohort_retention,GR,2025-02-28,365,career_level,Eligible senior hires,0.0,0,1,,
SENIOR_HIRE_12M,cohort_retention,GR,2025-02-28,365,career_level,Senior Leader,0.0,0,1,,
SENIOR_HIRE_12M,cohort_retention,GR,2025-04-30,365,career_level,Eligible senior hires,0.0,0,2,,
SENIOR_HIRE_12M,cohort_retention,GR,2025-04-30,365,career_level,Manager,0.0,0,1,,
SENIOR_HIRE_12M,cohort_retention,GR,2025-04-30,365,career_level,Senior Leader,0.0,0,1,,
SENIOR_HIRE_12M,cohort_retention,GR,2025-05-31,365,career_level,Eligible senior hires,0.0,0,3,,
SENIOR_HIRE_12M,cohort_retention,GR,2025-05-31,365,career_level,Manager,0.0,0,3,,
SENIOR_HIRE_12M,cohort_retention,GR,2025-06-30,365,career_level,Eligible senior hires,0.0,0,6,,
SENIOR_HIRE_12M,cohort_retention,GR,2025-06-30,365,career_level,Manager,0.0,0,5,,
SENIOR_HIRE_12M,cohort_retention,GR,2025-06-30,365,career_level,Senior Leader,0.0,0,1,,
SENIOR_HIRE_12M,cohort_retention,GR,2025-07-31,365,career_level,Eligible senior hires,0.0,0,2,,
SENIOR_HIRE_12M,cohort_retention,GR,2025-07-31,365,career_level,Senior Leader,0.0,0,2,,
SENIOR_HIRE_12M,cohort_retention,GR,2025-08-31,365,career_level,Eligible senior hires,0.0,0,6,,
SENIOR_HIRE_12M,cohort_retention,GR,2025-08-31,365,career_level,Manager,0.0,0,4,,
SENIOR_HIRE_12M,cohort_retention,GR,2025-08-31,365,career_level,Senior Leader,0.0,0,2,,
SENIOR_HIRE_12M,cohort_retention,GR,2025-09-30,365,career_level,Eligible senior hires,0.0,0,2,,
SENIOR_HIRE_12M,cohort_retention,GR,2025-09-30,365,career_level,Senior Leader,0.0,0,2,,
SENIOR_HIRE_12M,cohort_retention,GR,2025-10-31,365,career_level,Eligible senior hires,0.0,0,3,,
SENIOR_HIRE_12M,cohort_retention,GR,2025-10-31,365,career_level,Manager,0.0,0,3,,
SENIOR_HIRE_12M,cohort_retention,GR,2025-11-30,365,career_level,Eligible senior hires,0.0,0,2,,
SENIOR_HIRE_12M,cohort_retention,GR,2025-11-30,365,career_level,Manager,0.0,0,2,,
SENIOR_HIRE_12M,cohort_retention,IE,2021-01-31,365,career_level,Eligible senior hires,4.0,4,0,1.0,
SENIOR_HIRE_12M,cohort_retention,IE,2021-01-31,365,career_level,Manager,2.0,2,0,1.0,
SENIOR_HIRE_12M,cohort_retention,IE,2021-01-31,365,career_level,Senior Leader,2.0,2,0,1.0,
SENIOR_HIRE_12M,cohort_retention,IE,2021-02-28,365,career_level,Eligible senior hires,5.0,3,0,0.6,
SENIOR_HIRE_12M,cohort_retention,IE,2021-02-28,365,career_level,Manager,4.0,2,0,0.5,
SENIOR_HIRE_12M,cohort_retention,IE,2021-02-28,365,career_level,Senior Leader,1.0,1,0,1.0,
SENIOR_HIRE_12M,cohort_retention,IE,2021-03-31,365,career_level,Eligible senior hires,1.0,0,0,0.0,
SENIOR_HIRE_12M,cohort_retention,IE,2021-03-31,365,career_level,Manager,1.0,0,0,0.0,
SENIOR_HIRE_12M,cohort_retention,IE,2021-04-30,365,career_level,Eligible senior hires,1.0,1,0,1.0,
SENIOR_HIRE_12M,cohort_retention,IE,2021-04-30,365,career_level,Manager,1.0,1,0,1.0,
SENIOR_HIRE_12M,cohort_retention,IE,2021-06-30,365,career_level,Eligible senior hires,3.0,2,0,0.6666666666666666,
SENIOR_HIRE_12M,cohort_retention,IE,2021-06-30,365,career_level,Manager,3.0,2,0,0.6666666666666666,
SENIOR_HIRE_12M,cohort_retention,IE,2021-07-31,365,career_level,Eligible senior hires,1.0,1,0,1.0,
SENIOR_HIRE_12M,cohort_retention,IE,2021-07-31,365,career_level,Senior Leader,1.0,1,0,1.0,
SENIOR_HIRE_12M,cohort_retention,IE,2021-08-31,365,career_level,Eligible senior hires,2.0,2,0,1.0,
SENIOR_HIRE_12M,cohort_retention,IE,2021-08-31,365,career_level,Manager,1.0,1,0,1.0,
SENIOR_HIRE_12M,cohort_retention,IE,2021-08-31,365,career_level,Senior Leader,1.0,1,0,1.0,
SENIOR_HIRE_12M,cohort_retention,IE,2021-09-30,365,career_level,Eligible senior hires,5.0,3,0,0.6,
SENIOR_HIRE_12M,cohort_retention,IE,2021-09-30,365,career_level,Manager,3.0,2,0,0.6666666666666666,
SENIOR_HIRE_12M,cohort_retention,IE,2021-09-30,365,career_level,Senior Leader,2.0,1,0,0.5,
SENIOR_HIRE_12M,cohort_retention,IE,2021-10-31,365,career_level,Eligible senior hires,3.0,3,0,1.0,
SENIOR_HIRE_12M,cohort_retention,IE,2021-10-31,365,career_level,Manager,3.0,3,0,1.0,
SENIOR_HIRE_12M,cohort_retention,IE,2021-11-30,365,career_level,Eligible senior hires,2.0,2,0,1.0,
SENIOR_HIRE_12M,cohort_retention,IE,2021-11-30,365,career_level,Manager,1.0,1,0,1.0,
SENIOR_HIRE_12M,cohort_retention,IE,2021-11-30,365,career_level,Senior Leader,1.0,1,0,1.0,
SENIOR_HIRE_12M,cohort_retention,IE,2021-12-31,365,career_level,Eligible senior hires,2.0,1,0,0.5,
SENIOR_HIRE_12M,cohort_retention,IE,2021-12-31,365,career_level,Manager,2.0,1,0,0.5,
SENIOR_HIRE_12M,cohort_retention,IE,2022-01-31,365,career_level,Eligible senior hires,3.0,3,0,1.0,
SENIOR_HIRE_12M,cohort_retention,IE,2022-01-31,365,career_level,Manager,2.0,2,0,1.0,
SENIOR_HIRE_12M,cohort_retention,IE,2022-01-31,365,career_level,Senior Leader,1.0,1,0,1.0,
SENIOR_HIRE_12M,cohort_retention,IE,2022-02-28,365,career_level,Eligible senior hires,2.0,0,0,0.0,
SENIOR_HIRE_12M,cohort_retention,IE,2022-02-28,365,career_level,Manager,2.0,0,0,0.0,
SENIOR_HIRE_12M,cohort_retention,IE,2022-03-31,365,career_level,Eligible senior hires,2.0,1,0,0.5,
SENIOR_HIRE_12M,cohort_retention,IE,2022-03-31,365,career_level,Manager,1.0,0,0,0.0,
SENIOR_HIRE_12M,cohort_retention,IE,2022-03-31,365,career_level,Senior Leader,1.0,1,0,1.0,
SENIOR_HIRE_12M,cohort_retention,IE,2022-04-30,365,career_level,Eligible senior hires,2.0,1,0,0.5,
SENIOR_HIRE_12M,cohort_retention,IE,2022-04-30,365,career_level,Manager,1.0,0,0,0.0,
SENIOR_HIRE_12M,cohort_retention,IE,2022-04-30,365,career_level,Senior Leader,1.0,1,0,1.0,
SENIOR_HIRE_12M,cohort_retention,IE,2022-05-31,365,career_level,Eligible senior hires,3.0,3,0,1.0,
SENIOR_HIRE_12M,cohort_retention,IE,2022-05-31,365,career_level,Manager,2.0,2,0,1.0,
SENIOR_HIRE_12M,cohort_retention,IE,2022-05-31,365,career_level,Senior Leader,1.0,1,0,1.0,
SENIOR_HIRE_12M,cohort_retention,IE,2022-06-30,365,career_level,Eligible senior hires,7.0,6,0,0.8571428571428571,
SENIOR_HIRE_12M,cohort_retention,IE,2022-06-30,365,career_level,Manager,5.0,4,0,0.8,
SENIOR_HIRE_12M,cohort_retention,IE,2022-06-30,365,career_level,Senior Leader,2.0,2,0,1.0,
SENIOR_HIRE_12M,cohort_retention,IE,2022-07-31,365,career_level,Eligible senior hires,3.0,2,0,0.6666666666666666,
SENIOR_HIRE_12M,cohort_retention,IE,2022-07-31,365,career_level,Manager,3.0,2,0,0.6666666666666666,
SENIOR_HIRE_12M,cohort_retention,IE,2022-08-31,365,career_level,Eligible senior hires,3.0,3,0,1.0,
SENIOR_HIRE_12M,cohort_retention,IE,2022-08-31,365,career_level,Manager,3.0,3,0,1.0,
SENIOR_HIRE_12M,cohort_retention,IE,2022-09-30,365,career_level,Eligible senior hires,5.0,4,0,0.8,
SENIOR_HIRE_12M,cohort_retention,IE,2022-09-30,365,career_level,Manager,3.0,2,0,0.6666666666666666,
SENIOR_HIRE_12M,cohort_retention,IE,2022-09-30,365,career_level,Senior Leader,2.0,2,0,1.0,
SENIOR_HIRE_12M,cohort_retention,IE,2022-10-31,365,career_level,Eligible senior hires,2.0,1,0,0.5,
SENIOR_HIRE_12M,cohort_retention,IE,2022-10-31,365,career_level,Manager,2.0,1,0,0.5,
SENIOR_HIRE_12M,cohort_retention,IE,2022-11-30,365,career_level,Eligible senior hires,1.0,1,0,1.0,
SENIOR_HIRE_12M,cohort_retention,IE,2022-11-30,365,career_level,Senior Leader,1.0,1,0,1.0,
SENIOR_HIRE_12M,cohort_retention,IE,2022-12-31,365,career_level,Eligible senior hires,3.0,3,0,1.0,
SENIOR_HIRE_12M,cohort_retention,IE,2022-12-31,365,career_level,Manager,1.0,1,0,1.0,
SENIOR_HIRE_12M,cohort_retention,IE,2022-12-31,365,career_level,Senior Leader,2.0,2,0,1.0,
SENIOR_HIRE_12M,cohort_retention,IE,2023-01-31,365,career_level,Eligible senior hires,2.0,2,0,1.0,
SENIOR_HIRE_12M,cohort_retention,IE,2023-01-31,365,career_level,Manager,1.0,1,0,1.0,
SENIOR_HIRE_12M,cohort_retention,IE,2023-01-31,365,career_level,Senior Leader,1.0,1,0,1.0,
SENIOR_HIRE_12M,cohort_retention,IE,2023-02-28,365,career_level,Eligible senior hires,4.0,2,0,0.5,
SENIOR_HIRE_12M,cohort_retention,IE,2023-02-28,365,career_level,Manager,2.0,1,0,0.5,
SENIOR_HIRE_12M,cohort_retention,IE,2023-02-28,365,career_level,Senior Leader,2.0,1,0,0.5,
SENIOR_HIRE_12M,cohort_retention,IE,2023-03-31,365,career_level,Eligible senior hires,3.0,3,0,1.0,
SENIOR_HIRE_12M,cohort_retention,IE,2023-03-31,365,career_level,Manager,3.0,3,0,1.0,
SENIOR_HIRE_12M,cohort_retention,IE,2023-04-30,365,career_level,Eligible senior hires,3.0,0,0,0.0,
SENIOR_HIRE_12M,cohort_retention,IE,2023-04-30,365,career_level,Manager,1.0,0,0,0.0,
SENIOR_HIRE_12M,cohort_retention,IE,2023-04-30,365,career_level,Senior Leader,2.0,0,0,0.0,
SENIOR_HIRE_12M,cohort_retention,IE,2023-05-31,365,career_level,Eligible senior hires,3.0,3,0,1.0,
SENIOR_HIRE_12M,cohort_retention,IE,2023-05-31,365,career_level,Manager,3.0,3,0,1.0,
SENIOR_HIRE_12M,cohort_retention,IE,2023-06-30,365,career_level,Eligible senior hires,1.0,1,0,1.0,
SENIOR_HIRE_12M,cohort_retention,IE,2023-06-30,365,career_level,Senior Leader,1.0,1,0,1.0,
SENIOR_HIRE_12M,cohort_retention,IE,2023-07-31,365,career_level,Eligible senior hires,2.0,2,0,1.0,
SENIOR_HIRE_12M,cohort_retention,IE,2023-07-31,365,career_level,Manager,2.0,2,0,1.0,
SENIOR_HIRE_12M,cohort_retention,IE,2023-08-31,365,career_level,Eligible senior hires,3.0,2,0,0.6666666666666666,
SENIOR_HIRE_12M,cohort_retention,IE,2023-08-31,365,career_level,Manager,2.0,2,0,1.0,
SENIOR_HIRE_12M,cohort_retention,IE,2023-08-31,365,career_level,Senior Leader,1.0,0,0,0.0,
SENIOR_HIRE_12M,cohort_retention,IE,2023-09-30,365,career_level,Eligible senior hires,1.0,1,0,1.0,
SENIOR_HIRE_12M,cohort_retention,IE,2023-09-30,365,career_level,Manager,1.0,1,0,1.0,
SENIOR_HIRE_12M,cohort_retention,IE,2023-11-30,365,career_level,Eligible senior hires,2.0,2,0,1.0,
SENIOR_HIRE_12M,cohort_retention,IE,2023-11-30,365,career_level,Manager,2.0,2,0,1.0,
SENIOR_HIRE_12M,cohort_retention,IE,2023-12-31,365,career_level,Eligible senior hires,5.0,5,0,1.0,
SENIOR_HIRE_12M,cohort_retention,IE,2023-12-31,365,career_level,Manager,4.0,4,0,1.0,
SENIOR_HIRE_12M,cohort_retention,IE,2023-12-31,365,career_level,Senior Leader,1.0,1,0,1.0,
SENIOR_HIRE_12M,cohort_retention,IE,2024-01-31,365,career_level,Eligible senior hires,3.0,1,0,0.3333333333333333,
SENIOR_HIRE_12M,cohort_retention,IE,2024-01-31,365,career_level,Manager,3.0,1,0,0.3333333333333333,
SENIOR_HIRE_12M,cohort_retention,IE,2024-02-29,365,career_level,Eligible senior hires,1.0,1,0,1.0,
SENIOR_HIRE_12M,cohort_retention,IE,2024-02-29,365,career_level,Manager,1.0,1,0,1.0,
SENIOR_HIRE_12M,cohort_retention,IE,2024-03-31,365,career_level,Eligible senior hires,5.0,4,0,0.8,
SENIOR_HIRE_12M,cohort_retention,IE,2024-03-31,365,career_level,Manager,2.0,2,0,1.0,
SENIOR_HIRE_12M,cohort_retention,IE,2024-03-31,365,career_level,Senior Leader,3.0,2,0,0.6666666666666666,
SENIOR_HIRE_12M,cohort_retention,IE,2024-04-30,365,career_level,Eligible senior hires,1.0,1,0,1.0,
SENIOR_HIRE_12M,cohort_retention,IE,2024-04-30,365,career_level,Manager,1.0,1,0,1.0,
SENIOR_HIRE_12M,cohort_retention,IE,2024-05-31,365,career_level,Eligible senior hires,5.0,4,0,0.8,
SENIOR_HIRE_12M,cohort_retention,IE,2024-05-31,365,career_level,Manager,3.0,2,0,0.6666666666666666,
SENIOR_HIRE_12M,cohort_retention,IE,2024-05-31,365,career_level,Senior Leader,2.0,2,0,1.0,
SENIOR_HIRE_12M,cohort_retention,IE,2024-07-31,365,career_level,Eligible senior hires,3.0,3,0,1.0,
SENIOR_HIRE_12M,cohort_retention,IE,2024-07-31,365,career_level,Manager,3.0,3,0,1.0,
SENIOR_HIRE_12M,cohort_retention,IE,2024-08-31,365,career_level,Eligible senior hires,1.0,1,0,1.0,
SENIOR_HIRE_12M,cohort_retention,IE,2024-08-31,365,career_level,Senior Leader,1.0,1,0,1.0,
SENIOR_HIRE_12M,cohort_retention,IE,2024-09-30,365,career_level,Eligible senior hires,1.0,1,0,1.0,
SENIOR_HIRE_12M,cohort_retention,IE,2024-09-30,365,career_level,Manager,1.0,1,0,1.0,
SENIOR_HIRE_12M,cohort_retention,IE,2024-11-30,365,career_level,Eligible senior hires,3.0,3,0,1.0,
SENIOR_HIRE_12M,cohort_retention,IE,2024-11-30,365,career_level,Manager,3.0,3,0,1.0,
SENIOR_HIRE_12M,cohort_retention,IE,2024-12-31,365,career_level,Eligible senior hires,5.0,4,0,0.8,
SENIOR_HIRE_12M,cohort_retention,IE,2024-12-31,365,career_level,Manager,3.0,3,0,1.0,
SENIOR_HIRE_12M,cohort_retention,IE,2024-12-31,365,career_level,Senior Leader,2.0,1,0,0.5,
SENIOR_HIRE_12M,cohort_retention,IE,2025-01-31,365,career_level,Eligible senior hires,0.0,0,1,,
SENIOR_HIRE_12M,cohort_retention,IE,2025-01-31,365,career_level,Manager,0.0,0,1,,
SENIOR_HIRE_12M,cohort_retention,IE,2025-02-28,365,career_level,Eligible senior hires,0.0,0,2,,
SENIOR_HIRE_12M,cohort_retention,IE,2025-02-28,365,career_level,Manager,0.0,0,2,,
SENIOR_HIRE_12M,cohort_retention,IE,2025-03-31,365,career_level,Eligible senior hires,0.0,0,1,,
SENIOR_HIRE_12M,cohort_retention,IE,2025-03-31,365,career_level,Senior Leader,0.0,0,1,,
SENIOR_HIRE_12M,cohort_retention,IE,2025-04-30,365,career_level,Eligible senior hires,0.0,0,6,,
SENIOR_HIRE_12M,cohort_retention,IE,2025-04-30,365,career_level,Manager,0.0,0,3,,
SENIOR_HIRE_12M,cohort_retention,IE,2025-04-30,365,career_level,Senior Leader,0.0,0,3,,
SENIOR_HIRE_12M,cohort_retention,IE,2025-05-31,365,career_level,Eligible senior hires,0.0,0,3,,
SENIOR_HIRE_12M,cohort_retention,IE,2025-05-31,365,career_level,Manager,0.0,0,2,,
SENIOR_HIRE_12M,cohort_retention,IE,2025-05-31,365,career_level,Senior Leader,0.0,0,1,,
SENIOR_HIRE_12M,cohort_retention,IE,2025-06-30,365,career_level,Eligible senior hires,0.0,0,1,,
SENIOR_HIRE_12M,cohort_retention,IE,2025-06-30,365,career_level,Manager,0.0,0,1,,
SENIOR_HIRE_12M,cohort_retention,IE,2025-07-31,365,career_level,Eligible senior hires,0.0,0,1,,
SENIOR_HIRE_12M,cohort_retention,IE,2025-07-31,365,career_level,Manager,0.0,0,1,,
SENIOR_HIRE_12M,cohort_retention,IE,2025-08-31,365,career_level,Eligible senior hires,0.0,0,3,,
SENIOR_HIRE_12M,cohort_retention,IE,2025-08-31,365,career_level,Manager,0.0,0,3,,
SENIOR_HIRE_12M,cohort_retention,IE,2025-09-30,365,career_level,Eligible senior hires,0.0,0,3,,
SENIOR_HIRE_12M,cohort_retention,IE,2025-09-30,365,career_level,Manager,0.0,0,2,,
SENIOR_HIRE_12M,cohort_retention,IE,2025-09-30,365,career_level,Senior Leader,0.0,0,1,,
SENIOR_HIRE_12M,cohort_retention,IE,2025-10-31,365,career_level,Eligible senior hires,0.0,0,3,,
SENIOR_HIRE_12M,cohort_retention,IE,2025-10-31,365,career_level,Manager,0.0,0,1,,
SENIOR_HIRE_12M,cohort_retention,IE,2025-10-31,365,career_level,Senior Leader,0.0,0,2,,
SENIOR_HIRE_12M,cohort_retention,IE,2025-11-30,365,career_level,Eligible senior hires,0.0,0,1,,
SENIOR_HIRE_12M,cohort_retention,IE,2025-11-30,365,career_level,Senior Leader,0.0,0,1,,
SENIOR_HIRE_12M,cohort_retention,IT,2021-01-31,365,career_level,Eligible senior hires,4.0,4,0,1.0,
SENIOR_HIRE_12M,cohort_retention,IT,2021-01-31,365,career_level,Manager,3.0,3,0,1.0,
SENIOR_HIRE_12M,cohort_retention,IT,2021-01-31,365,career_level,Senior Leader,1.0,1,0,1.0,
SENIOR_HIRE_12M,cohort_retention,IT,2021-02-28,365,career_level,Eligible senior hires,5.0,5,0,1.0,
SENIOR_HIRE_12M,cohort_retention,IT,2021-02-28,365,career_level,Manager,4.0,4,0,1.0,
SENIOR_HIRE_12M,cohort_retention,IT,2021-02-28,365,career_level,Senior Leader,1.0,1,0,1.0,
SENIOR_HIRE_12M,cohort_retention,IT,2021-03-31,365,career_level,Eligible senior hires,2.0,2,0,1.0,
SENIOR_HIRE_12M,cohort_retention,IT,2021-03-31,365,career_level,Manager,2.0,2,0,1.0,
SENIOR_HIRE_12M,cohort_retention,IT,2021-04-30,365,career_level,Eligible senior hires,4.0,4,0,1.0,
SENIOR_HIRE_12M,cohort_retention,IT,2021-04-30,365,career_level,Manager,4.0,4,0,1.0,
SENIOR_HIRE_12M,cohort_retention,IT,2021-05-31,365,career_level,Eligible senior hires,1.0,1,0,1.0,
SENIOR_HIRE_12M,cohort_retention,IT,2021-05-31,365,career_level,Manager,1.0,1,0,1.0,
SENIOR_HIRE_12M,cohort_retention,IT,2021-07-31,365,career_level,Eligible senior hires,4.0,3,0,0.75,
SENIOR_HIRE_12M,cohort_retention,IT,2021-07-31,365,career_level,Manager,3.0,3,0,1.0,
SENIOR_HIRE_12M,cohort_retention,IT,2021-07-31,365,career_level,Senior Leader,1.0,0,0,0.0,
SENIOR_HIRE_12M,cohort_retention,IT,2021-08-31,365,career_level,Eligible senior hires,3.0,3,0,1.0,
SENIOR_HIRE_12M,cohort_retention,IT,2021-08-31,365,career_level,Manager,3.0,3,0,1.0,
SENIOR_HIRE_12M,cohort_retention,IT,2021-09-30,365,career_level,Eligible senior hires,4.0,3,0,0.75,
SENIOR_HIRE_12M,cohort_retention,IT,2021-09-30,365,career_level,Manager,2.0,2,0,1.0,
SENIOR_HIRE_12M,cohort_retention,IT,2021-09-30,365,career_level,Senior Leader,2.0,1,0,0.5,
SENIOR_HIRE_12M,cohort_retention,IT,2021-10-31,365,career_level,Eligible senior hires,7.0,6,0,0.8571428571428571,
SENIOR_HIRE_12M,cohort_retention,IT,2021-10-31,365,career_level,Manager,5.0,4,0,0.8,
SENIOR_HIRE_12M,cohort_retention,IT,2021-10-31,365,career_level,Senior Leader,2.0,2,0,1.0,
SENIOR_HIRE_12M,cohort_retention,IT,2021-11-30,365,career_level,Eligible senior hires,3.0,3,0,1.0,
SENIOR_HIRE_12M,cohort_retention,IT,2021-11-30,365,career_level,Manager,3.0,3,0,1.0,
SENIOR_HIRE_12M,cohort_retention,IT,2021-12-31,365,career_level,Eligible senior hires,2.0,2,0,1.0,
SENIOR_HIRE_12M,cohort_retention,IT,2021-12-31,365,career_level,Manager,1.0,1,0,1.0,
SENIOR_HIRE_12M,cohort_retention,IT,2021-12-31,365,career_level,Senior Leader,1.0,1,0,1.0,
SENIOR_HIRE_12M,cohort_retention,IT,2022-01-31,365,career_level,Eligible senior hires,4.0,3,0,0.75,
SENIOR_HIRE_12M,cohort_retention,IT,2022-01-31,365,career_level,Manager,3.0,3,0,1.0,
SENIOR_HIRE_12M,cohort_retention,IT,2022-01-31,365,career_level,Senior Leader,1.0,0,0,0.0,
SENIOR_HIRE_12M,cohort_retention,IT,2022-02-28,365,career_level,Eligible senior hires,5.0,4,0,0.8,
SENIOR_HIRE_12M,cohort_retention,IT,2022-02-28,365,career_level,Manager,3.0,3,0,1.0,
SENIOR_HIRE_12M,cohort_retention,IT,2022-02-28,365,career_level,Senior Leader,2.0,1,0,0.5,
SENIOR_HIRE_12M,cohort_retention,IT,2022-03-31,365,career_level,Eligible senior hires,3.0,3,0,1.0,
SENIOR_HIRE_12M,cohort_retention,IT,2022-03-31,365,career_level,Manager,1.0,1,0,1.0,
SENIOR_HIRE_12M,cohort_retention,IT,2022-03-31,365,career_level,Senior Leader,2.0,2,0,1.0,
SENIOR_HIRE_12M,cohort_retention,IT,2022-04-30,365,career_level,Eligible senior hires,1.0,1,0,1.0,
SENIOR_HIRE_12M,cohort_retention,IT,2022-04-30,365,career_level,Manager,1.0,1,0,1.0,
SENIOR_HIRE_12M,cohort_retention,IT,2022-05-31,365,career_level,Eligible senior hires,2.0,2,0,1.0,
SENIOR_HIRE_12M,cohort_retention,IT,2022-05-31,365,career_level,Manager,2.0,2,0,1.0,
SENIOR_HIRE_12M,cohort_retention,IT,2022-06-30,365,career_level,Eligible senior hires,1.0,1,0,1.0,
SENIOR_HIRE_12M,cohort_retention,IT,2022-06-30,365,career_level,Senior Leader,1.0,1,0,1.0,
SENIOR_HIRE_12M,cohort_retention,IT,2022-07-31,365,career_level,Eligible senior hires,6.0,5,0,0.8333333333333334,
SENIOR_HIRE_12M,cohort_retention,IT,2022-07-31,365,career_level,Manager,6.0,5,0,0.8333333333333334,
SENIOR_HIRE_12M,cohort_retention,IT,2022-08-31,365,career_level,Eligible senior hires,3.0,2,0,0.6666666666666666,
SENIOR_HIRE_12M,cohort_retention,IT,2022-08-31,365,career_level,Manager,2.0,1,0,0.5,
SENIOR_HIRE_12M,cohort_retention,IT,2022-08-31,365,career_level,Senior Leader,1.0,1,0,1.0,
SENIOR_HIRE_12M,cohort_retention,IT,2022-09-30,365,career_level,Eligible senior hires,4.0,4,0,1.0,
SENIOR_HIRE_12M,cohort_retention,IT,2022-09-30,365,career_level,Manager,2.0,2,0,1.0,
SENIOR_HIRE_12M,cohort_retention,IT,2022-09-30,365,career_level,Senior Leader,2.0,2,0,1.0,
SENIOR_HIRE_12M,cohort_retention,IT,2022-10-31,365,career_level,Eligible senior hires,3.0,1,0,0.3333333333333333,
SENIOR_HIRE_12M,cohort_retention,IT,2022-10-31,365,career_level,Manager,3.0,1,0,0.3333333333333333,
SENIOR_HIRE_12M,cohort_retention,IT,2022-11-30,365,career_level,Eligible senior hires,1.0,1,0,1.0,
SENIOR_HIRE_12M,cohort_retention,IT,2022-11-30,365,career_level,Manager,1.0,1,0,1.0,
SENIOR_HIRE_12M,cohort_retention,IT,2022-12-31,365,career_level,Eligible senior hires,2.0,2,0,1.0,
SENIOR_HIRE_12M,cohort_retention,IT,2022-12-31,365,career_level,Senior Leader,2.0,2,0,1.0,
SENIOR_HIRE_12M,cohort_retention,IT,2023-01-31,365,career_level,Eligible senior hires,2.0,2,0,1.0,
SENIOR_HIRE_12M,cohort_retention,IT,2023-01-31,365,career_level,Manager,2.0,2,0,1.0,
SENIOR_HIRE_12M,cohort_retention,IT,2023-02-28,365,career_level,Eligible senior hires,5.0,5,0,1.0,
SENIOR_HIRE_12M,cohort_retention,IT,2023-02-28,365,career_level,Manager,4.0,4,0,1.0,
SENIOR_HIRE_12M,cohort_retention,IT,2023-02-28,365,career_level,Senior Leader,1.0,1,0,1.0,
SENIOR_HIRE_12M,cohort_retention,IT,2023-03-31,365,career_level,Eligible senior hires,4.0,3,0,0.75,
SENIOR_HIRE_12M,cohort_retention,IT,2023-03-31,365,career_level,Manager,2.0,1,0,0.5,
SENIOR_HIRE_12M,cohort_retention,IT,2023-03-31,365,career_level,Senior Leader,2.0,2,0,1.0,
SENIOR_HIRE_12M,cohort_retention,IT,2023-04-30,365,career_level,Eligible senior hires,3.0,3,0,1.0,
SENIOR_HIRE_12M,cohort_retention,IT,2023-04-30,365,career_level,Manager,1.0,1,0,1.0,
SENIOR_HIRE_12M,cohort_retention,IT,2023-04-30,365,career_level,Senior Leader,2.0,2,0,1.0,
SENIOR_HIRE_12M,cohort_retention,IT,2023-05-31,365,career_level,Eligible senior hires,2.0,2,0,1.0,
SENIOR_HIRE_12M,cohort_retention,IT,2023-05-31,365,career_level,Manager,1.0,1,0,1.0,
SENIOR_HIRE_12M,cohort_retention,IT,2023-05-31,365,career_level,Senior Leader,1.0,1,0,1.0,
SENIOR_HIRE_12M,cohort_retention,IT,2023-06-30,365,career_level,Eligible senior hires,3.0,0,0,0.0,
SENIOR_HIRE_12M,cohort_retention,IT,2023-06-30,365,career_level,Manager,3.0,0,0,0.0,
SENIOR_HIRE_12M,cohort_retention,IT,2023-07-31,365,career_level,Eligible senior hires,3.0,1,0,0.3333333333333333,
SENIOR_HIRE_12M,cohort_retention,IT,2023-07-31,365,career_level,Manager,2.0,0,0,0.0,
SENIOR_HIRE_12M,cohort_retention,IT,2023-07-31,365,career_level,Senior Leader,1.0,1,0,1.0,
SENIOR_HIRE_12M,cohort_retention,IT,2023-08-31,365,career_level,Eligible senior hires,3.0,1,0,0.3333333333333333,
SENIOR_HIRE_12M,cohort_retention,IT,2023-08-31,365,career_level,Manager,2.0,1,0,0.5,
SENIOR_HIRE_12M,cohort_retention,IT,2023-08-31,365,career_level,Senior Leader,1.0,0,0,0.0,
SENIOR_HIRE_12M,cohort_retention,IT,2023-09-30,365,career_level,Eligible senior hires,1.0,1,0,1.0,
SENIOR_HIRE_12M,cohort_retention,IT,2023-09-30,365,career_level,Manager,1.0,1,0,1.0,
SENIOR_HIRE_12M,cohort_retention,IT,2023-10-31,365,career_level,Eligible senior hires,3.0,1,0,0.3333333333333333,
SENIOR_HIRE_12M,cohort_retention,IT,2023-10-31,365,career_level,Manager,2.0,1,0,0.5,
SENIOR_HIRE_12M,cohort_retention,IT,2023-10-31,365,career_level,Senior Leader,1.0,0,0,0.0,
SENIOR_HIRE_12M,cohort_retention,IT,2023-11-30,365,career_level,Eligible senior hires,6.0,6,0,1.0,
SENIOR_HIRE_12M,cohort_retention,IT,2023-11-30,365,career_level,Manager,3.0,3,0,1.0,
SENIOR_HIRE_12M,cohort_retention,IT,2023-11-30,365,career_level,Senior Leader,3.0,3,0,1.0,
SENIOR_HIRE_12M,cohort_retention,IT,2023-12-31,365,career_level,Eligible senior hires,3.0,2,0,0.6666666666666666,
SENIOR_HIRE_12M,cohort_retention,IT,2023-12-31,365,career_level,Manager,3.0,2,0,0.6666666666666666,
SENIOR_HIRE_12M,cohort_retention,IT,2024-03-31,365,career_level,Eligible senior hires,2.0,0,0,0.0,
SENIOR_HIRE_12M,cohort_retention,IT,2024-03-31,365,career_level,Manager,1.0,0,0,0.0,
SENIOR_HIRE_12M,cohort_retention,IT,2024-03-31,365,career_level,Senior Leader,1.0,0,0,0.0,
SENIOR_HIRE_12M,cohort_retention,IT,2024-04-30,365,career_level,Eligible senior hires,3.0,3,0,1.0,
SENIOR_HIRE_12M,cohort_retention,IT,2024-04-30,365,career_level,Manager,1.0,1,0,1.0,
SENIOR_HIRE_12M,cohort_retention,IT,2024-04-30,365,career_level,Senior Leader,2.0,2,0,1.0,
SENIOR_HIRE_12M,cohort_retention,IT,2024-05-31,365,career_level,Eligible senior hires,2.0,2,0,1.0,
SENIOR_HIRE_12M,cohort_retention,IT,2024-05-31,365,career_level,Manager,2.0,2,0,1.0,
SENIOR_HIRE_12M,cohort_retention,IT,2024-06-30,365,career_level,Eligible senior hires,4.0,3,0,0.75,
SENIOR_HIRE_12M,cohort_retention,IT,2024-06-30,365,career_level,Senior Leader,4.0,3,0,0.75,
SENIOR_HIRE_12M,cohort_retention,IT,2024-08-31,365,career_level,Eligible senior hires,3.0,2,0,0.6666666666666666,
SENIOR_HIRE_12M,cohort_retention,IT,2024-08-31,365,career_level,Manager,1.0,0,0,0.0,
SENIOR_HIRE_12M,cohort_retention,IT,2024-08-31,365,career_level,Senior Leader,2.0,2,0,1.0,
SENIOR_HIRE_12M,cohort_retention,IT,2024-09-30,365,career_level,Eligible senior hires,4.0,3,0,0.75,
SENIOR_HIRE_12M,cohort_retention,IT,2024-09-30,365,career_level,Manager,3.0,2,0,0.6666666666666666,
SENIOR_HIRE_12M,cohort_retention,IT,2024-09-30,365,career_level,Senior Leader,1.0,1,0,1.0,
SENIOR_HIRE_12M,cohort_retention,IT,2024-10-31,365,career_level,Eligible senior hires,1.0,1,0,1.0,
SENIOR_HIRE_12M,cohort_retention,IT,2024-10-31,365,career_level,Manager,1.0,1,0,1.0,
SENIOR_HIRE_12M,cohort_retention,IT,2024-11-30,365,career_level,Eligible senior hires,1.0,1,0,1.0,
SENIOR_HIRE_12M,cohort_retention,IT,2024-11-30,365,career_level,Senior Leader,1.0,1,0,1.0,
SENIOR_HIRE_12M,cohort_retention,IT,2024-12-31,365,career_level,Eligible senior hires,1.0,1,0,1.0,
SENIOR_HIRE_12M,cohort_retention,IT,2024-12-31,365,career_level,Manager,1.0,1,0,1.0,
SENIOR_HIRE_12M,cohort_retention,IT,2025-01-31,365,career_level,Eligible senior hires,0.0,0,4,,
SENIOR_HIRE_12M,cohort_retention,IT,2025-01-31,365,career_level,Manager,0.0,0,3,,
SENIOR_HIRE_12M,cohort_retention,IT,2025-01-31,365,career_level,Senior Leader,0.0,0,1,,
SENIOR_HIRE_12M,cohort_retention,IT,2025-02-28,365,career_level,Eligible senior hires,0.0,0,3,,
SENIOR_HIRE_12M,cohort_retention,IT,2025-02-28,365,career_level,Manager,0.0,0,3,,
SENIOR_HIRE_12M,cohort_retention,IT,2025-04-30,365,career_level,Eligible senior hires,0.0,0,4,,
SENIOR_HIRE_12M,cohort_retention,IT,2025-04-30,365,career_level,Manager,0.0,0,2,,
SENIOR_HIRE_12M,cohort_retention,IT,2025-04-30,365,career_level,Senior Leader,0.0,0,2,,
SENIOR_HIRE_12M,cohort_retention,IT,2025-05-31,365,career_level,Eligible senior hires,0.0,0,2,,
SENIOR_HIRE_12M,cohort_retention,IT,2025-05-31,365,career_level,Manager,0.0,0,1,,
SENIOR_HIRE_12M,cohort_retention,IT,2025-05-31,365,career_level,Senior Leader,0.0,0,1,,
SENIOR_HIRE_12M,cohort_retention,IT,2025-07-31,365,career_level,Eligible senior hires,0.0,0,4,,
SENIOR_HIRE_12M,cohort_retention,IT,2025-07-31,365,career_level,Manager,0.0,0,4,,
SENIOR_HIRE_12M,cohort_retention,IT,2025-08-31,365,career_level,Eligible senior hires,0.0,0,1,,
SENIOR_HIRE_12M,cohort_retention,IT,2025-08-31,365,career_level,Manager,0.0,0,1,,
SENIOR_HIRE_12M,cohort_retention,IT,2025-09-30,365,career_level,Eligible senior hires,0.0,0,2,,
SENIOR_HIRE_12M,cohort_retention,IT,2025-09-30,365,career_level,Manager,0.0,0,2,,
SENIOR_HIRE_12M,cohort_retention,IT,2025-10-31,365,career_level,Eligible senior hires,0.0,0,6,,
SENIOR_HIRE_12M,cohort_retention,IT,2025-10-31,365,career_level,Manager,0.0,0,5,,
SENIOR_HIRE_12M,cohort_retention,IT,2025-10-31,365,career_level,Senior Leader,0.0,0,1,,
SENIOR_HIRE_12M,cohort_retention,IT,2025-11-30,365,career_level,Eligible senior hires,0.0,0,2,,
SENIOR_HIRE_12M,cohort_retention,IT,2025-11-30,365,career_level,Manager,0.0,0,2,,
SENIOR_HIRE_12M,cohort_retention,PL,2021-01-31,365,career_level,Eligible senior hires,3.0,2,0,0.6666666666666666,
SENIOR_HIRE_12M,cohort_retention,PL,2021-01-31,365,career_level,Manager,3.0,2,0,0.6666666666666666,
SENIOR_HIRE_12M,cohort_retention,PL,2021-02-28,365,career_level,Eligible senior hires,2.0,1,0,0.5,
SENIOR_HIRE_12M,cohort_retention,PL,2021-02-28,365,career_level,Manager,2.0,1,0,0.5,
SENIOR_HIRE_12M,cohort_retention,PL,2021-03-31,365,career_level,Eligible senior hires,2.0,2,0,1.0,
SENIOR_HIRE_12M,cohort_retention,PL,2021-03-31,365,career_level,Manager,1.0,1,0,1.0,
SENIOR_HIRE_12M,cohort_retention,PL,2021-03-31,365,career_level,Senior Leader,1.0,1,0,1.0,
SENIOR_HIRE_12M,cohort_retention,PL,2021-04-30,365,career_level,Eligible senior hires,2.0,1,0,0.5,
SENIOR_HIRE_12M,cohort_retention,PL,2021-04-30,365,career_level,Manager,2.0,1,0,0.5,
SENIOR_HIRE_12M,cohort_retention,PL,2021-05-31,365,career_level,Eligible senior hires,1.0,1,0,1.0,
SENIOR_HIRE_12M,cohort_retention,PL,2021-05-31,365,career_level,Senior Leader,1.0,1,0,1.0,
SENIOR_HIRE_12M,cohort_retention,PL,2021-06-30,365,career_level,Eligible senior hires,2.0,1,0,0.5,
SENIOR_HIRE_12M,cohort_retention,PL,2021-06-30,365,career_level,Manager,2.0,1,0,0.5,
SENIOR_HIRE_12M,cohort_retention,PL,2021-07-31,365,career_level,Eligible senior hires,8.0,7,0,0.875,
SENIOR_HIRE_12M,cohort_retention,PL,2021-07-31,365,career_level,Manager,7.0,6,0,0.8571428571428571,
SENIOR_HIRE_12M,cohort_retention,PL,2021-07-31,365,career_level,Senior Leader,1.0,1,0,1.0,
SENIOR_HIRE_12M,cohort_retention,PL,2021-08-31,365,career_level,Eligible senior hires,2.0,2,0,1.0,
SENIOR_HIRE_12M,cohort_retention,PL,2021-08-31,365,career_level,Manager,2.0,2,0,1.0,
SENIOR_HIRE_12M,cohort_retention,PL,2021-09-30,365,career_level,Eligible senior hires,3.0,3,0,1.0,
SENIOR_HIRE_12M,cohort_retention,PL,2021-09-30,365,career_level,Manager,2.0,2,0,1.0,
SENIOR_HIRE_12M,cohort_retention,PL,2021-09-30,365,career_level,Senior Leader,1.0,1,0,1.0,
SENIOR_HIRE_12M,cohort_retention,PL,2021-10-31,365,career_level,Eligible senior hires,7.0,6,0,0.8571428571428571,
SENIOR_HIRE_12M,cohort_retention,PL,2021-10-31,365,career_level,Manager,5.0,4,0,0.8,
SENIOR_HIRE_12M,cohort_retention,PL,2021-10-31,365,career_level,Senior Leader,2.0,2,0,1.0,
SENIOR_HIRE_12M,cohort_retention,PL,2021-11-30,365,career_level,Eligible senior hires,5.0,4,0,0.8,
SENIOR_HIRE_12M,cohort_retention,PL,2021-11-30,365,career_level,Manager,3.0,3,0,1.0,
SENIOR_HIRE_12M,cohort_retention,PL,2021-11-30,365,career_level,Senior Leader,2.0,1,0,0.5,
SENIOR_HIRE_12M,cohort_retention,PL,2021-12-31,365,career_level,Eligible senior hires,5.0,4,0,0.8,
SENIOR_HIRE_12M,cohort_retention,PL,2021-12-31,365,career_level,Manager,3.0,3,0,1.0,
SENIOR_HIRE_12M,cohort_retention,PL,2021-12-31,365,career_level,Senior Leader,2.0,1,0,0.5,
SENIOR_HIRE_12M,cohort_retention,PL,2022-01-31,365,career_level,Eligible senior hires,1.0,1,0,1.0,
SENIOR_HIRE_12M,cohort_retention,PL,2022-01-31,365,career_level,Manager,1.0,1,0,1.0,
SENIOR_HIRE_12M,cohort_retention,PL,2022-03-31,365,career_level,Eligible senior hires,2.0,1,0,0.5,
SENIOR_HIRE_12M,cohort_retention,PL,2022-03-31,365,career_level,Manager,2.0,1,0,0.5,
SENIOR_HIRE_12M,cohort_retention,PL,2022-04-30,365,career_level,Eligible senior hires,2.0,2,0,1.0,
SENIOR_HIRE_12M,cohort_retention,PL,2022-04-30,365,career_level,Manager,2.0,2,0,1.0,
SENIOR_HIRE_12M,cohort_retention,PL,2022-05-31,365,career_level,Eligible senior hires,8.0,7,0,0.875,
SENIOR_HIRE_12M,cohort_retention,PL,2022-05-31,365,career_level,Manager,4.0,3,0,0.75,
SENIOR_HIRE_12M,cohort_retention,PL,2022-05-31,365,career_level,Senior Leader,4.0,4,0,1.0,
SENIOR_HIRE_12M,cohort_retention,PL,2022-06-30,365,career_level,Eligible senior hires,3.0,3,0,1.0,
SENIOR_HIRE_12M,cohort_retention,PL,2022-06-30,365,career_level,Manager,2.0,2,0,1.0,
SENIOR_HIRE_12M,cohort_retention,PL,2022-06-30,365,career_level,Senior Leader,1.0,1,0,1.0,
SENIOR_HIRE_12M,cohort_retention,PL,2022-07-31,365,career_level,Eligible senior hires,2.0,2,0,1.0,
SENIOR_HIRE_12M,cohort_retention,PL,2022-07-31,365,career_level,Manager,1.0,1,0,1.0,
SENIOR_HIRE_12M,cohort_retention,PL,2022-07-31,365,career_level,Senior Leader,1.0,1,0,1.0,
SENIOR_HIRE_12M,cohort_retention,PL,2022-08-31,365,career_level,Eligible senior hires,4.0,1,0,0.25,
SENIOR_HIRE_12M,cohort_retention,PL,2022-08-31,365,career_level,Manager,1.0,1,0,1.0,
SENIOR_HIRE_12M,cohort_retention,PL,2022-08-31,365,career_level,Senior Leader,3.0,0,0,0.0,
SENIOR_HIRE_12M,cohort_retention,PL,2022-09-30,365,career_level,Eligible senior hires,1.0,1,0,1.0,
SENIOR_HIRE_12M,cohort_retention,PL,2022-09-30,365,career_level,Manager,1.0,1,0,1.0,
SENIOR_HIRE_12M,cohort_retention,PL,2022-10-31,365,career_level,Eligible senior hires,5.0,3,0,0.6,
SENIOR_HIRE_12M,cohort_retention,PL,2022-10-31,365,career_level,Manager,4.0,3,0,0.75,
SENIOR_HIRE_12M,cohort_retention,PL,2022-10-31,365,career_level,Senior Leader,1.0,0,0,0.0,
SENIOR_HIRE_12M,cohort_retention,PL,2022-11-30,365,career_level,Eligible senior hires,3.0,3,0,1.0,
SENIOR_HIRE_12M,cohort_retention,PL,2022-11-30,365,career_level,Manager,3.0,3,0,1.0,
SENIOR_HIRE_12M,cohort_retention,PL,2022-12-31,365,career_level,Eligible senior hires,2.0,2,0,1.0,
SENIOR_HIRE_12M,cohort_retention,PL,2022-12-31,365,career_level,Manager,1.0,1,0,1.0,
SENIOR_HIRE_12M,cohort_retention,PL,2022-12-31,365,career_level,Senior Leader,1.0,1,0,1.0,
SENIOR_HIRE_12M,cohort_retention,PL,2023-01-31,365,career_level,Eligible senior hires,2.0,1,0,0.5,
SENIOR_HIRE_12M,cohort_retention,PL,2023-01-31,365,career_level,Manager,2.0,1,0,0.5,
SENIOR_HIRE_12M,cohort_retention,PL,2023-02-28,365,career_level,Eligible senior hires,3.0,2,0,0.6666666666666666,
SENIOR_HIRE_12M,cohort_retention,PL,2023-02-28,365,career_level,Manager,3.0,2,0,0.6666666666666666,
SENIOR_HIRE_12M,cohort_retention,PL,2023-03-31,365,career_level,Eligible senior hires,3.0,1,0,0.3333333333333333,
SENIOR_HIRE_12M,cohort_retention,PL,2023-03-31,365,career_level,Manager,2.0,1,0,0.5,
SENIOR_HIRE_12M,cohort_retention,PL,2023-03-31,365,career_level,Senior Leader,1.0,0,0,0.0,
SENIOR_HIRE_12M,cohort_retention,PL,2023-04-30,365,career_level,Eligible senior hires,2.0,2,0,1.0,
SENIOR_HIRE_12M,cohort_retention,PL,2023-04-30,365,career_level,Manager,1.0,1,0,1.0,
SENIOR_HIRE_12M,cohort_retention,PL,2023-04-30,365,career_level,Senior Leader,1.0,1,0,1.0,
SENIOR_HIRE_12M,cohort_retention,PL,2023-05-31,365,career_level,Eligible senior hires,5.0,4,0,0.8,
SENIOR_HIRE_12M,cohort_retention,PL,2023-05-31,365,career_level,Manager,3.0,2,0,0.6666666666666666,
SENIOR_HIRE_12M,cohort_retention,PL,2023-05-31,365,career_level,Senior Leader,2.0,2,0,1.0,
SENIOR_HIRE_12M,cohort_retention,PL,2023-06-30,365,career_level,Eligible senior hires,1.0,1,0,1.0,
SENIOR_HIRE_12M,cohort_retention,PL,2023-06-30,365,career_level,Manager,1.0,1,0,1.0,
SENIOR_HIRE_12M,cohort_retention,PL,2023-07-31,365,career_level,Eligible senior hires,3.0,1,0,0.3333333333333333,
SENIOR_HIRE_12M,cohort_retention,PL,2023-07-31,365,career_level,Manager,2.0,1,0,0.5,
SENIOR_HIRE_12M,cohort_retention,PL,2023-07-31,365,career_level,Senior Leader,1.0,0,0,0.0,
SENIOR_HIRE_12M,cohort_retention,PL,2023-08-31,365,career_level,Eligible senior hires,2.0,2,0,1.0,
SENIOR_HIRE_12M,cohort_retention,PL,2023-08-31,365,career_level,Senior Leader,2.0,2,0,1.0,
SENIOR_HIRE_12M,cohort_retention,PL,2023-09-30,365,career_level,Eligible senior hires,2.0,1,0,0.5,
SENIOR_HIRE_12M,cohort_retention,PL,2023-09-30,365,career_level,Manager,1.0,0,0,0.0,
SENIOR_HIRE_12M,cohort_retention,PL,2023-09-30,365,career_level,Senior Leader,1.0,1,0,1.0,
SENIOR_HIRE_12M,cohort_retention,PL,2023-10-31,365,career_level,Eligible senior hires,1.0,1,0,1.0,
SENIOR_HIRE_12M,cohort_retention,PL,2023-10-31,365,career_level,Manager,1.0,1,0,1.0,
SENIOR_HIRE_12M,cohort_retention,PL,2023-11-30,365,career_level,Eligible senior hires,5.0,5,0,1.0,
SENIOR_HIRE_12M,cohort_retention,PL,2023-11-30,365,career_level,Manager,1.0,1,0,1.0,
SENIOR_HIRE_12M,cohort_retention,PL,2023-11-30,365,career_level,Senior Leader,4.0,4,0,1.0,
SENIOR_HIRE_12M,cohort_retention,PL,2023-12-31,365,career_level,Eligible senior hires,3.0,3,0,1.0,
SENIOR_HIRE_12M,cohort_retention,PL,2023-12-31,365,career_level,Manager,1.0,1,0,1.0,
SENIOR_HIRE_12M,cohort_retention,PL,2023-12-31,365,career_level,Senior Leader,2.0,2,0,1.0,
SENIOR_HIRE_12M,cohort_retention,PL,2024-01-31,365,career_level,Eligible senior hires,4.0,3,0,0.75,
SENIOR_HIRE_12M,cohort_retention,PL,2024-01-31,365,career_level,Manager,4.0,3,0,0.75,
SENIOR_HIRE_12M,cohort_retention,PL,2024-02-29,365,career_level,Eligible senior hires,1.0,1,0,1.0,
SENIOR_HIRE_12M,cohort_retention,PL,2024-02-29,365,career_level,Senior Leader,1.0,1,0,1.0,
SENIOR_HIRE_12M,cohort_retention,PL,2024-03-31,365,career_level,Eligible senior hires,4.0,4,0,1.0,
SENIOR_HIRE_12M,cohort_retention,PL,2024-03-31,365,career_level,Manager,4.0,4,0,1.0,
SENIOR_HIRE_12M,cohort_retention,PL,2024-04-30,365,career_level,Eligible senior hires,3.0,2,0,0.6666666666666666,
SENIOR_HIRE_12M,cohort_retention,PL,2024-04-30,365,career_level,Manager,3.0,2,0,0.6666666666666666,
SENIOR_HIRE_12M,cohort_retention,PL,2024-05-31,365,career_level,Eligible senior hires,2.0,2,0,1.0,
SENIOR_HIRE_12M,cohort_retention,PL,2024-05-31,365,career_level,Senior Leader,2.0,2,0,1.0,
SENIOR_HIRE_12M,cohort_retention,PL,2024-06-30,365,career_level,Eligible senior hires,3.0,3,0,1.0,
SENIOR_HIRE_12M,cohort_retention,PL,2024-06-30,365,career_level,Manager,1.0,1,0,1.0,
SENIOR_HIRE_12M,cohort_retention,PL,2024-06-30,365,career_level,Senior Leader,2.0,2,0,1.0,
SENIOR_HIRE_12M,cohort_retention,PL,2024-07-31,365,career_level,Eligible senior hires,1.0,1,0,1.0,
SENIOR_HIRE_12M,cohort_retention,PL,2024-07-31,365,career_level,Manager,1.0,1,0,1.0,
SENIOR_HIRE_12M,cohort_retention,PL,2024-08-31,365,career_level,Eligible senior hires,1.0,1,0,1.0,
SENIOR_HIRE_12M,cohort_retention,PL,2024-08-31,365,career_level,Manager,1.0,1,0,1.0,
SENIOR_HIRE_12M,cohort_retention,PL,2024-09-30,365,career_level,Eligible senior hires,4.0,3,0,0.75,
SENIOR_HIRE_12M,cohort_retention,PL,2024-09-30,365,career_level,Manager,4.0,3,0,0.75,
SENIOR_HIRE_12M,cohort_retention,PL,2024-10-31,365,career_level,Eligible senior hires,2.0,1,0,0.5,
SENIOR_HIRE_12M,cohort_retention,PL,2024-10-31,365,career_level,Senior Leader,2.0,1,0,0.5,
SENIOR_HIRE_12M,cohort_retention,PL,2024-11-30,365,career_level,Eligible senior hires,1.0,0,0,0.0,
SENIOR_HIRE_12M,cohort_retention,PL,2024-11-30,365,career_level,Senior Leader,1.0,0,0,0.0,
SENIOR_HIRE_12M,cohort_retention,PL,2024-12-31,365,career_level,Eligible senior hires,5.0,4,0,0.8,
SENIOR_HIRE_12M,cohort_retention,PL,2024-12-31,365,career_level,Manager,2.0,1,0,0.5,
SENIOR_HIRE_12M,cohort_retention,PL,2024-12-31,365,career_level,Senior Leader,3.0,3,0,1.0,
SENIOR_HIRE_12M,cohort_retention,PL,2025-01-31,365,career_level,Eligible senior hires,0.0,0,1,,
SENIOR_HIRE_12M,cohort_retention,PL,2025-01-31,365,career_level,Senior Leader,0.0,0,1,,
SENIOR_HIRE_12M,cohort_retention,PL,2025-02-28,365,career_level,Eligible senior hires,0.0,0,1,,
SENIOR_HIRE_12M,cohort_retention,PL,2025-02-28,365,career_level,Senior Leader,0.0,0,1,,
SENIOR_HIRE_12M,cohort_retention,PL,2025-03-31,365,career_level,Eligible senior hires,0.0,0,2,,
SENIOR_HIRE_12M,cohort_retention,PL,2025-03-31,365,career_level,Manager,0.0,0,2,,
SENIOR_HIRE_12M,cohort_retention,PL,2025-04-30,365,career_level,Eligible senior hires,0.0,0,2,,
SENIOR_HIRE_12M,cohort_retention,PL,2025-04-30,365,career_level,Manager,0.0,0,2,,
SENIOR_HIRE_12M,cohort_retention,PL,2025-05-31,365,career_level,Eligible senior hires,0.0,0,2,,
SENIOR_HIRE_12M,cohort_retention,PL,2025-05-31,365,career_level,Manager,0.0,0,2,,
SENIOR_HIRE_12M,cohort_retention,PL,2025-06-30,365,career_level,Eligible senior hires,0.0,0,5,,
SENIOR_HIRE_12M,cohort_retention,PL,2025-06-30,365,career_level,Manager,0.0,0,5,,
SENIOR_HIRE_12M,cohort_retention,PL,2025-07-31,365,career_level,Eligible senior hires,0.0,0,1,,
SENIOR_HIRE_12M,cohort_retention,PL,2025-07-31,365,career_level,Senior Leader,0.0,0,1,,
SENIOR_HIRE_12M,cohort_retention,PL,2025-08-31,365,career_level,Eligible senior hires,0.0,0,6,,
SENIOR_HIRE_12M,cohort_retention,PL,2025-08-31,365,career_level,Manager,0.0,0,1,,
SENIOR_HIRE_12M,cohort_retention,PL,2025-08-31,365,career_level,Senior Leader,0.0,0,5,,
SENIOR_HIRE_12M,cohort_retention,PL,2025-09-30,365,career_level,Eligible senior hires,0.0,0,2,,
SENIOR_HIRE_12M,cohort_retention,PL,2025-09-30,365,career_level,Manager,0.0,0,1,,
SENIOR_HIRE_12M,cohort_retention,PL,2025-09-30,365,career_level,Senior Leader,0.0,0,1,,
SENIOR_HIRE_12M,cohort_retention,PL,2025-10-31,365,career_level,Eligible senior hires,0.0,0,3,,
SENIOR_HIRE_12M,cohort_retention,PL,2025-10-31,365,career_level,Manager,0.0,0,3,,
SENIOR_HIRE_12M,cohort_retention,PL,2025-11-30,365,career_level,Eligible senior hires,0.0,0,3,,
SENIOR_HIRE_12M,cohort_retention,PL,2025-11-30,365,career_level,Manager,0.0,0,2,,
SENIOR_HIRE_12M,cohort_retention,PL,2025-11-30,365,career_level,Senior Leader,0.0,0,1,,
SENIOR_HIRE_12M,cohort_retention,RO,2021-01-31,365,career_level,Eligible senior hires,3.0,3,0,1.0,
SENIOR_HIRE_12M,cohort_retention,RO,2021-01-31,365,career_level,Manager,2.0,2,0,1.0,
SENIOR_HIRE_12M,cohort_retention,RO,2021-01-31,365,career_level,Senior Leader,1.0,1,0,1.0,
SENIOR_HIRE_12M,cohort_retention,RO,2021-02-28,365,career_level,Eligible senior hires,1.0,0,0,0.0,
SENIOR_HIRE_12M,cohort_retention,RO,2021-02-28,365,career_level,Senior Leader,1.0,0,0,0.0,
SENIOR_HIRE_12M,cohort_retention,RO,2021-03-31,365,career_level,Eligible senior hires,3.0,3,0,1.0,
SENIOR_HIRE_12M,cohort_retention,RO,2021-03-31,365,career_level,Manager,3.0,3,0,1.0,
SENIOR_HIRE_12M,cohort_retention,RO,2021-05-31,365,career_level,Eligible senior hires,1.0,1,0,1.0,
SENIOR_HIRE_12M,cohort_retention,RO,2021-05-31,365,career_level,Manager,1.0,1,0,1.0,
SENIOR_HIRE_12M,cohort_retention,RO,2021-07-31,365,career_level,Eligible senior hires,4.0,4,0,1.0,
SENIOR_HIRE_12M,cohort_retention,RO,2021-07-31,365,career_level,Manager,4.0,4,0,1.0,
SENIOR_HIRE_12M,cohort_retention,RO,2021-08-31,365,career_level,Eligible senior hires,4.0,4,0,1.0,
SENIOR_HIRE_12M,cohort_retention,RO,2021-08-31,365,career_level,Manager,3.0,3,0,1.0,
SENIOR_HIRE_12M,cohort_retention,RO,2021-08-31,365,career_level,Senior Leader,1.0,1,0,1.0,
SENIOR_HIRE_12M,cohort_retention,RO,2021-09-30,365,career_level,Eligible senior hires,1.0,1,0,1.0,
SENIOR_HIRE_12M,cohort_retention,RO,2021-09-30,365,career_level,Manager,1.0,1,0,1.0,
SENIOR_HIRE_12M,cohort_retention,RO,2021-10-31,365,career_level,Eligible senior hires,1.0,1,0,1.0,
SENIOR_HIRE_12M,cohort_retention,RO,2021-10-31,365,career_level,Manager,1.0,1,0,1.0,
SENIOR_HIRE_12M,cohort_retention,RO,2021-11-30,365,career_level,Eligible senior hires,4.0,4,0,1.0,
SENIOR_HIRE_12M,cohort_retention,RO,2021-11-30,365,career_level,Manager,3.0,3,0,1.0,
SENIOR_HIRE_12M,cohort_retention,RO,2021-11-30,365,career_level,Senior Leader,1.0,1,0,1.0,
SENIOR_HIRE_12M,cohort_retention,RO,2021-12-31,365,career_level,Eligible senior hires,3.0,3,0,1.0,
SENIOR_HIRE_12M,cohort_retention,RO,2021-12-31,365,career_level,Manager,2.0,2,0,1.0,
SENIOR_HIRE_12M,cohort_retention,RO,2021-12-31,365,career_level,Senior Leader,1.0,1,0,1.0,
SENIOR_HIRE_12M,cohort_retention,RO,2022-01-31,365,career_level,Eligible senior hires,3.0,3,0,1.0,
SENIOR_HIRE_12M,cohort_retention,RO,2022-01-31,365,career_level,Manager,1.0,1,0,1.0,
SENIOR_HIRE_12M,cohort_retention,RO,2022-01-31,365,career_level,Senior Leader,2.0,2,0,1.0,
SENIOR_HIRE_12M,cohort_retention,RO,2022-02-28,365,career_level,Eligible senior hires,1.0,1,0,1.0,
SENIOR_HIRE_12M,cohort_retention,RO,2022-02-28,365,career_level,Senior Leader,1.0,1,0,1.0,
SENIOR_HIRE_12M,cohort_retention,RO,2022-03-31,365,career_level,Eligible senior hires,2.0,1,0,0.5,
SENIOR_HIRE_12M,cohort_retention,RO,2022-03-31,365,career_level,Manager,1.0,1,0,1.0,
SENIOR_HIRE_12M,cohort_retention,RO,2022-03-31,365,career_level,Senior Leader,1.0,0,0,0.0,
SENIOR_HIRE_12M,cohort_retention,RO,2022-05-31,365,career_level,Eligible senior hires,2.0,1,0,0.5,
SENIOR_HIRE_12M,cohort_retention,RO,2022-05-31,365,career_level,Manager,2.0,1,0,0.5,
SENIOR_HIRE_12M,cohort_retention,RO,2022-06-30,365,career_level,Eligible senior hires,6.0,5,0,0.8333333333333334,
SENIOR_HIRE_12M,cohort_retention,RO,2022-06-30,365,career_level,Manager,4.0,4,0,1.0,
SENIOR_HIRE_12M,cohort_retention,RO,2022-06-30,365,career_level,Senior Leader,2.0,1,0,0.5,
SENIOR_HIRE_12M,cohort_retention,RO,2022-07-31,365,career_level,Eligible senior hires,2.0,1,0,0.5,
SENIOR_HIRE_12M,cohort_retention,RO,2022-07-31,365,career_level,Manager,2.0,1,0,0.5,
SENIOR_HIRE_12M,cohort_retention,RO,2022-08-31,365,career_level,Eligible senior hires,1.0,1,0,1.0,
SENIOR_HIRE_12M,cohort_retention,RO,2022-08-31,365,career_level,Senior Leader,1.0,1,0,1.0,
SENIOR_HIRE_12M,cohort_retention,RO,2022-09-30,365,career_level,Eligible senior hires,2.0,1,0,0.5,
SENIOR_HIRE_12M,cohort_retention,RO,2022-09-30,365,career_level,Senior Leader,2.0,1,0,0.5,
SENIOR_HIRE_12M,cohort_retention,RO,2022-10-31,365,career_level,Eligible senior hires,6.0,4,0,0.6666666666666666,
SENIOR_HIRE_12M,cohort_retention,RO,2022-10-31,365,career_level,Manager,4.0,3,0,0.75,
SENIOR_HIRE_12M,cohort_retention,RO,2022-10-31,365,career_level,Senior Leader,2.0,1,0,0.5,
SENIOR_HIRE_12M,cohort_retention,RO,2022-11-30,365,career_level,Eligible senior hires,1.0,1,0,1.0,
SENIOR_HIRE_12M,cohort_retention,RO,2022-11-30,365,career_level,Manager,1.0,1,0,1.0,
SENIOR_HIRE_12M,cohort_retention,RO,2023-01-31,365,career_level,Eligible senior hires,1.0,1,0,1.0,
SENIOR_HIRE_12M,cohort_retention,RO,2023-01-31,365,career_level,Senior Leader,1.0,1,0,1.0,
SENIOR_HIRE_12M,cohort_retention,RO,2023-02-28,365,career_level,Eligible senior hires,5.0,3,0,0.6,
SENIOR_HIRE_12M,cohort_retention,RO,2023-02-28,365,career_level,Manager,3.0,2,0,0.6666666666666666,
SENIOR_HIRE_12M,cohort_retention,RO,2023-02-28,365,career_level,Senior Leader,2.0,1,0,0.5,
SENIOR_HIRE_12M,cohort_retention,RO,2023-03-31,365,career_level,Eligible senior hires,2.0,1,0,0.5,
SENIOR_HIRE_12M,cohort_retention,RO,2023-03-31,365,career_level,Manager,1.0,0,0,0.0,
SENIOR_HIRE_12M,cohort_retention,RO,2023-03-31,365,career_level,Senior Leader,1.0,1,0,1.0,
SENIOR_HIRE_12M,cohort_retention,RO,2023-04-30,365,career_level,Eligible senior hires,3.0,3,0,1.0,
SENIOR_HIRE_12M,cohort_retention,RO,2023-04-30,365,career_level,Manager,1.0,1,0,1.0,
SENIOR_HIRE_12M,cohort_retention,RO,2023-04-30,365,career_level,Senior Leader,2.0,2,0,1.0,
SENIOR_HIRE_12M,cohort_retention,RO,2023-05-31,365,career_level,Eligible senior hires,4.0,2,0,0.5,
SENIOR_HIRE_12M,cohort_retention,RO,2023-05-31,365,career_level,Manager,4.0,2,0,0.5,
SENIOR_HIRE_12M,cohort_retention,RO,2023-06-30,365,career_level,Eligible senior hires,2.0,1,0,0.5,
SENIOR_HIRE_12M,cohort_retention,RO,2023-06-30,365,career_level,Manager,2.0,1,0,0.5,
SENIOR_HIRE_12M,cohort_retention,RO,2023-07-31,365,career_level,Eligible senior hires,4.0,4,0,1.0,
SENIOR_HIRE_12M,cohort_retention,RO,2023-07-31,365,career_level,Manager,3.0,3,0,1.0,
SENIOR_HIRE_12M,cohort_retention,RO,2023-07-31,365,career_level,Senior Leader,1.0,1,0,1.0,
SENIOR_HIRE_12M,cohort_retention,RO,2023-08-31,365,career_level,Eligible senior hires,4.0,3,0,0.75,
SENIOR_HIRE_12M,cohort_retention,RO,2023-08-31,365,career_level,Manager,3.0,2,0,0.6666666666666666,
SENIOR_HIRE_12M,cohort_retention,RO,2023-08-31,365,career_level,Senior Leader,1.0,1,0,1.0,
SENIOR_HIRE_12M,cohort_retention,RO,2023-09-30,365,career_level,Eligible senior hires,2.0,2,0,1.0,
SENIOR_HIRE_12M,cohort_retention,RO,2023-09-30,365,career_level,Manager,1.0,1,0,1.0,
SENIOR_HIRE_12M,cohort_retention,RO,2023-09-30,365,career_level,Senior Leader,1.0,1,0,1.0,
SENIOR_HIRE_12M,cohort_retention,RO,2023-10-31,365,career_level,Eligible senior hires,1.0,1,0,1.0,
SENIOR_HIRE_12M,cohort_retention,RO,2023-10-31,365,career_level,Manager,1.0,1,0,1.0,
SENIOR_HIRE_12M,cohort_retention,RO,2023-11-30,365,career_level,Eligible senior hires,3.0,1,0,0.3333333333333333,
SENIOR_HIRE_12M,cohort_retention,RO,2023-11-30,365,career_level,Manager,3.0,1,0,0.3333333333333333,
SENIOR_HIRE_12M,cohort_retention,RO,2024-01-31,365,career_level,Eligible senior hires,1.0,1,0,1.0,
SENIOR_HIRE_12M,cohort_retention,RO,2024-01-31,365,career_level,Senior Leader,1.0,1,0,1.0,
SENIOR_HIRE_12M,cohort_retention,RO,2024-02-29,365,career_level,Eligible senior hires,6.0,5,0,0.8333333333333334,
SENIOR_HIRE_12M,cohort_retention,RO,2024-02-29,365,career_level,Manager,5.0,4,0,0.8,
SENIOR_HIRE_12M,cohort_retention,RO,2024-02-29,365,career_level,Senior Leader,1.0,1,0,1.0,
SENIOR_HIRE_12M,cohort_retention,RO,2024-03-31,365,career_level,Eligible senior hires,3.0,2,0,0.6666666666666666,
SENIOR_HIRE_12M,cohort_retention,RO,2024-03-31,365,career_level,Manager,3.0,2,0,0.6666666666666666,
SENIOR_HIRE_12M,cohort_retention,RO,2024-04-30,365,career_level,Eligible senior hires,3.0,3,0,1.0,
SENIOR_HIRE_12M,cohort_retention,RO,2024-04-30,365,career_level,Manager,3.0,3,0,1.0,
SENIOR_HIRE_12M,cohort_retention,RO,2024-05-31,365,career_level,Eligible senior hires,1.0,1,0,1.0,
SENIOR_HIRE_12M,cohort_retention,RO,2024-05-31,365,career_level,Senior Leader,1.0,1,0,1.0,
SENIOR_HIRE_12M,cohort_retention,RO,2024-06-30,365,career_level,Eligible senior hires,4.0,4,0,1.0,
SENIOR_HIRE_12M,cohort_retention,RO,2024-06-30,365,career_level,Manager,3.0,3,0,1.0,
SENIOR_HIRE_12M,cohort_retention,RO,2024-06-30,365,career_level,Senior Leader,1.0,1,0,1.0,
SENIOR_HIRE_12M,cohort_retention,RO,2024-07-31,365,career_level,Eligible senior hires,6.0,6,0,1.0,
SENIOR_HIRE_12M,cohort_retention,RO,2024-07-31,365,career_level,Manager,5.0,5,0,1.0,
SENIOR_HIRE_12M,cohort_retention,RO,2024-07-31,365,career_level,Senior Leader,1.0,1,0,1.0,
SENIOR_HIRE_12M,cohort_retention,RO,2024-08-31,365,career_level,Eligible senior hires,6.0,5,0,0.8333333333333334,
SENIOR_HIRE_12M,cohort_retention,RO,2024-08-31,365,career_level,Manager,5.0,4,0,0.8,
SENIOR_HIRE_12M,cohort_retention,RO,2024-08-31,365,career_level,Senior Leader,1.0,1,0,1.0,
SENIOR_HIRE_12M,cohort_retention,RO,2024-09-30,365,career_level,Eligible senior hires,3.0,3,0,1.0,
SENIOR_HIRE_12M,cohort_retention,RO,2024-09-30,365,career_level,Manager,2.0,2,0,1.0,
SENIOR_HIRE_12M,cohort_retention,RO,2024-09-30,365,career_level,Senior Leader,1.0,1,0,1.0,
SENIOR_HIRE_12M,cohort_retention,RO,2024-10-31,365,career_level,Eligible senior hires,4.0,3,0,0.75,
SENIOR_HIRE_12M,cohort_retention,RO,2024-10-31,365,career_level,Manager,3.0,2,0,0.6666666666666666,
SENIOR_HIRE_12M,cohort_retention,RO,2024-10-31,365,career_level,Senior Leader,1.0,1,0,1.0,
SENIOR_HIRE_12M,cohort_retention,RO,2024-11-30,365,career_level,Eligible senior hires,3.0,2,0,0.6666666666666666,
SENIOR_HIRE_12M,cohort_retention,RO,2024-11-30,365,career_level,Manager,2.0,2,0,1.0,
SENIOR_HIRE_12M,cohort_retention,RO,2024-11-30,365,career_level,Senior Leader,1.0,0,0,0.0,
SENIOR_HIRE_12M,cohort_retention,RO,2024-12-31,365,career_level,Eligible senior hires,1.0,1,0,1.0,
SENIOR_HIRE_12M,cohort_retention,RO,2024-12-31,365,career_level,Senior Leader,1.0,1,0,1.0,
SENIOR_HIRE_12M,cohort_retention,RO,2025-01-31,365,career_level,Eligible senior hires,0.0,0,4,,
SENIOR_HIRE_12M,cohort_retention,RO,2025-01-31,365,career_level,Manager,0.0,0,4,,
SENIOR_HIRE_12M,cohort_retention,RO,2025-02-28,365,career_level,Eligible senior hires,0.0,0,1,,
SENIOR_HIRE_12M,cohort_retention,RO,2025-02-28,365,career_level,Senior Leader,0.0,0,1,,
SENIOR_HIRE_12M,cohort_retention,RO,2025-03-31,365,career_level,Eligible senior hires,0.0,0,3,,
SENIOR_HIRE_12M,cohort_retention,RO,2025-03-31,365,career_level,Manager,0.0,0,3,,
SENIOR_HIRE_12M,cohort_retention,RO,2025-04-30,365,career_level,Eligible senior hires,0.0,0,2,,
SENIOR_HIRE_12M,cohort_retention,RO,2025-04-30,365,career_level,Manager,0.0,0,1,,
SENIOR_HIRE_12M,cohort_retention,RO,2025-04-30,365,career_level,Senior Leader,0.0,0,1,,
SENIOR_HIRE_12M,cohort_retention,RO,2025-05-31,365,career_level,Eligible senior hires,0.0,0,2,,
SENIOR_HIRE_12M,cohort_retention,RO,2025-05-31,365,career_level,Manager,0.0,0,1,,
SENIOR_HIRE_12M,cohort_retention,RO,2025-05-31,365,career_level,Senior Leader,0.0,0,1,,
SENIOR_HIRE_12M,cohort_retention,RO,2025-06-30,365,career_level,Eligible senior hires,0.0,0,2,,
SENIOR_HIRE_12M,cohort_retention,RO,2025-06-30,365,career_level,Manager,0.0,0,2,,
SENIOR_HIRE_12M,cohort_retention,RO,2025-07-31,365,career_level,Eligible senior hires,0.0,0,4,,
SENIOR_HIRE_12M,cohort_retention,RO,2025-07-31,365,career_level,Manager,0.0,0,2,,
SENIOR_HIRE_12M,cohort_retention,RO,2025-07-31,365,career_level,Senior Leader,0.0,0,2,,
SENIOR_HIRE_12M,cohort_retention,RO,2025-08-31,365,career_level,Eligible senior hires,0.0,0,4,,
SENIOR_HIRE_12M,cohort_retention,RO,2025-08-31,365,career_level,Manager,0.0,0,4,,
SENIOR_HIRE_12M,cohort_retention,RO,2025-09-30,365,career_level,Eligible senior hires,0.0,0,2,,
SENIOR_HIRE_12M,cohort_retention,RO,2025-09-30,365,career_level,Manager,0.0,0,2,,
SENIOR_HIRE_12M,cohort_retention,RO,2025-10-31,365,career_level,Eligible senior hires,0.0,0,3,,
SENIOR_HIRE_12M,cohort_retention,RO,2025-10-31,365,career_level,Manager,0.0,0,3,,
SENIOR_HIRE_12M,cohort_retention,RO,2025-11-30,365,career_level,Eligible senior hires,0.0,0,3,,
SENIOR_HIRE_12M,cohort_retention,RO,2025-11-30,365,career_level,Manager,0.0,0,3,,
